sha	path	j1	j2	j3	majority	claim
0002a4d97bface79	packages/grounding/test/wp-4.10-d-grd.test.ts	TRUE_GROUNDED	TRUE_GROUNDED	TRUE_GROUNDED	TRUE_GROUNDED	readSpan validates a span by hashing the presented bytes and comparing to contentHash rather than trusting the start/end offsets, so a span whose start/end have been moved to a different location within the same underlying bytes still reads successfully as long as the byte content still hashes the same.
0084dc9241f1805f	packages/persist/test/wp-3.4-a.heldout.test.ts	TRUE_GROUNDED	TRUE_GROUNDED	TRUE_GROUNDED	TRUE_GROUNDED	The attach pointer for a CasObject is asserted to have exactly one own key, 'hash', with no other metadata such as size or role carried alongside it.
00f08f190f0f2b4b	packages/knowledge/test/wp-5.13-b-know.anchor-identity.test.ts	TRUE_GROUNDED	TRUE_GROUNDED	TRUE_GROUNDED	TRUE_GROUNDED	In the guardrail test, a content-hash miss combined with a nodeKey hit routes to UPDATE for the advisory family but to SUPERSEDE for the predicate family (with checkSame true), so routeWrite's outcome depends on family, not just on the hash/nodeKey hit pattern alone.
0102b61db43b1642	packages/e2e-blackbox/test/door-regression-scope-brick.test.ts	TRUE_GROUNDED	TRUE_GROUNDED	TRUE_GROUNDED	TRUE_GROUNDED	The test deliberately does not assert what verdict the malformed JSON-array-scope write receives (it only checks the exit code is 0, 1, or 2); it only requires that a subsequent legitimate write to the same anchor still succeeds and is not rejected for a governance-relocation reason.
01912e55788acc32	packages/cli/test/mine-superseded-publish.test.ts	TRUE_GROUNDED	TRUE_GROUNDED	TRUE_GROUNDED	TRUE_GROUNDED	storeWithRivalOnFirstCommit only injects the rival sidecar write on the FIRST call to commitStaging (guarded by a `commits === 1` counter), so later commits in the same test run against the real, unmodified store.
01989fbb1eaafd65	packages/genesis/test/wp-8.29-gen.heldout.test.ts	NOT_GROUNDED	NOT_GROUNDED	NOT_GROUNDED	NOT_GROUNDED	facetOf distinguishes a ConventionsSource from a plausible README-like object solely by the presence of an `anchor` field, not by the presence of a `path` field, so an object with `path` but no `anchor` still yields UN-SEEDED rather than being treated as a conventions source.
019d198454b03960	packages/knowledge/test/hits.know17.test.ts	TRUE_GROUNDED	TRUE_GROUNDED	TRUE_GROUNDED	TRUE_GROUNDED	When a decayed fact re-enters via logHit, its hit count resets to 1 rather than resuming from the count it had before decay.
01ef1768d7e2cdc2	packages/retrieval/src/relate.ts	TRUE_GROUNDED	TRUE_GROUNDED	TRUE_GROUNDED	TRUE_GROUNDED	labelCoChanged unconditionally overwrites the relation field to 'coChanged' on every surviving fact, discarding whatever original relation kind (e.g. dependency/dependent) that fact carried before being placed in the coChanged band.
036f2033b0a77465	packages/tools/src/bands.ts	TRUE_GROUNDED	TRUE_GROUNDED	TRUE_GROUNDED	TRUE_GROUNDED	In splitBands, once one T2 row fails to fit under ADVISORY_CAP the capped flag is set permanently, so every later T2 row is dropped even if its own claim.length would still fit in the remaining budget, rather than the fill trying smaller later rows against the leftover space.
039e90b629f68f58	packages/tools/test/push-pull-optimize.test.ts	TRUE_GROUNDED	TRUE_GROUNDED	TRUE_GROUNDED	TRUE_GROUNDED	The `pullOptimize` fallback path re-materializes the pack from scratch on every call rather than caching or memoizing it across invocations.
03d27860372515d7	packages/mcp-server/test/negations-mcp.test.ts	TRUE_GROUNDED	TRUE_GROUNDED	TRUE_GROUNDED	TRUE_GROUNDED	When the required `scope` argument is omitted from an atlas-negations call, the resulting error text contains the exact lowercase substring "missing scope" rather than a generic validation message.
04e185c053fa90ef	packages/cli/test/mine-decide-seal-carry.test.ts	TRUE_GROUNDED	TRUE_GROUNDED	TRUE_GROUNDED	TRUE_GROUNDED	The AC-4 back-compat test does not just assert row.seal is undefined, it also asserts the seal key is truly absent from the row object via hasOwnProperty, so an implementation that sets seal: undefined would pass the first assertion but fail this stricter one.
04f8095aaadef23b	packages/adapter-io/test/negation-door-v2-escape.test.ts	TRUE_GROUNDED	TRUE_GROUNDED	TRUE_GROUNDED	TRUE_GROUNDED	In the v2 negation door, when a target-escape site and a dynamic-reach channel are both present, the abstention reason returned is escape-open, not scope-dynamic, showing the door checks the escape leg before the dynamic-reach leg.
050d3c180cec58e3	packages/cli/test/wp-seedgate-compose.test.ts	TRUE_GROUNDED	TRUE_GROUNDED	TRUE_GROUNDED	TRUE_GROUNDED	The live-path admission test deliberately supplies a StructRef with a stale, mismatched subtreeHash for the existing file 'src/util.ts' and the gate still emits, showing that admission is decided by reground re-deriving the hash rather than by trusting the candidate's recorded subtreeHash.
054e448ee3ff4216	packages/genesis/src/verify-negation.test.ts	TRUE_GROUNDED	TRUE_GROUNDED	TRUE_GROUNDED	TRUE_GROUNDED	verifyNegation treats scope containment segment-wise rather than as a string prefix, so a caller or hole in a sibling directory whose name merely starts with the scope string (e.g. src/paycheck relative to scope src/pay) does not count as being under that scope for either the refute or the proven/abstain checks.
05543bb143b2e0d8	packages/tools/test/wp-7.26-c-tools.test.ts	TRUE_GROUNDED	NOT_GROUNDED	NOT_GROUNDED	NOT_GROUNDED	In SCN-TOOLS-10c-1, storeNodes.resolve only matches address A ('cas:9b21'), but the governed store write uses key g.key = id(N1) (a different NodeKey/Hash), so resolveNode(A, t) never resolves against the written value and the write-refusal loop exercises only the no-node-resolved fail-closed path rather than a genuinely resolved node.
059008c3c34df0d6	packages/cli/test/mine-projection-surface.test.ts	TRUE_GROUNDED	TRUE_GROUNDED	TRUE_GROUNDED	TRUE_GROUNDED	The invoke() helper calls commitProjection and commitStaging with a decision-function argument, persistProjection with a projection object argument, and every other listed door with no arguments at all, so the flat door lists hide three distinct call signatures.
0608bb693959e7a9	packages/adapter-io/test/travel-by-reproof-compose.test.ts	TRUE_GROUNDED	TRUE_GROUNDED	TRUE_GROUNDED	TRUE_GROUNDED	When both .atlas/staging.json and the projection+cas files are committed together, the test asserts the query still refuses with REJECTED_UNTRUSTED_STORE rather than falling back to serving the projection-backed data.
06a16bb7aea21f80	packages/knowledge/test/wp-9.2.4-know.writedecision.test.ts	TRUE_GROUNDED	TRUE_GROUNDED	TRUE_GROUNDED	TRUE_GROUNDED	The exhaustive coverage test iterates over all combinations of withCheck, seedNode, and seedCas (2x2x2=8 cells) and asserts writeDecision always returns one of DEDUP/CREATE/UPDATE/SUPERSEDE, never a REJECT or a thrown error, for any family x hit-state combination.
078c62a105c54e7b	packages/kernel/test/merge-fold.test.ts	TRUE_GROUNDED	TRUE_GROUNDED	TRUE_GROUNDED	TRUE_GROUNDED	The PROP-KERNEL-11 event generator (eventSpecArb) is deliberately built as fc.uniqueArray without a selector, so events can collide on the same contentHash with a different `fresh` flag, and this collision case is what actually exercises the fold's convergence property.
07fe05ef024f1b98	packages/genesis/test/wp-fix-concurrency.test.ts	NOT_GROUNDED	NOT_GROUNDED	NOT_GROUNDED	NOT_GROUNDED	the concurrent pool clips its batch width to the remaining budget room left at the ceiling rather than dispatching a full-width batch and discarding the overshoot, so paid-for calls exactly equal used calls even when the ceiling is not a multiple of POOL_WIDTH.
08ec04128ac729b4	packages/persist/src/provenance.ts	TRUE_GROUNDED	TRUE_GROUNDED	TRUE_GROUNDED	TRUE_GROUNDED	deserialize only checks that the parsed object's trailer property is a non-null object; it does not validate that any of the trailer's individual fields are present, so a trailer missing required fields still passes and yields a non-null Dossier.
0996660cca2cc21f	packages/retrieval/test/wp-6.18-retr.test.ts	TRUE_GROUNDED	TRUE_GROUNDED	TRUE_GROUNDED	TRUE_GROUNDED	crossesThreshold uses a strict greater-than comparison, so when the off-atlas rate exactly equals theta (e.g. rate 0.30 with theta 0.3) the threshold is NOT considered crossed.
09e6d101ed21af68	packages/persist/test/scrub-cross-family.test.ts	TRUE_GROUNDED	TRUE_GROUNDED	TRUE_GROUNDED	TRUE_GROUNDED	The test suite pins an accepted asymmetry between families: hyphen-joined non-secret text right after a Slack token gets absorbed into the [REDACTED] placeholder, but the identical hyphen-joined pattern right after a GitHub token is left intact outside the placeholder, since '-' terminates a GitHub body but is itself a valid Slack body character.
09ffb430fdf84fdc	packages/knowledge/test/evaluator.admit-grammar.test.ts	TRUE_GROUNDED	TRUE_GROUNDED	TRUE_GROUNDED	TRUE_GROUNDED	The admission door emits two distinct shapes of refusal message for index-query checks: an unknown operator gets the full operator menu, while a known operator with a bad argument gets only that operator's own expected form.
0ac9804736f25e0d	packages/genesis/src/admit-proposals.ts	FALSE	TRUE_GROUNDED	FALSE	FALSE	TransitionProposal is the only concrete kind in the Proposal union that has no `site: Candidate` field, carrying `unitKey: string` instead where every other proposal kind (predicate, advisory, relation, negation) anchors on a ranked `site`.
0aeecf0674e07d30	packages/cli/test/wp-9.1.1-a-cli.test.ts	TRUE_GROUNDED	TRUE_GROUNDED	TRUE_GROUNDED	TRUE_GROUNDED	The test asserts that five distinct write commands (derive-relations, emit, link, promote, transition) collapse onto only two distinct legs in COMMAND_LEG, so the write-command count and the write-door count are deliberately different and the test checks the mapped-door SET equals WRITE_PATHS rather than checking a 1:1 command-to-door correspondence.
0b6549989a3d1fc6	packages/adapter-io/src/rev-index.ts	TRUE_GROUNDED	TRUE_GROUNDED	TRUE_GROUNDED	TRUE_GROUNDED	resolveBySubtreeAt refuses to answer (returns undefined) whenever a content hash matches more than one distinct path in the rev's tree, rather than arbitrarily picking the first match.
0b987478fe9468db	packages/adapter-io/test/governed-link-retract.test.ts	TRUE_GROUNDED	TRUE_GROUNDED	TRUE_GROUNDED	TRUE_GROUNDED	Re-asserting an already-linked pair through the door succeeds each time and publishes a fresh generation on every call (three redundant calls produce three new persisted entries), even though the resulting stored content is byte-identical to the previous generation, whereas the analogous re-retraction of an already-retracted pair is refused outright and persists nothing.
0be1ccdc740f89bf	packages/cli/src/mine-decide.ts	TRUE_GROUNDED	TRUE_GROUNDED	TRUE_GROUNDED	TRUE_GROUNDED	In decideStaging, only a negation fact keeps its own scope field untouched and instead gets a separate authzScope stamped to MINED_SCOPE, whereas advisory, predicate, and relation facts have their scope field itself overwritten with MINED_SCOPE.
0bf97c68d3c15998	packages/adapter-io/test/ast-parser-lifecycle.test.ts	TRUE_GROUNDED	TRUE_GROUNDED	TRUE_GROUNDED	TRUE_GROUNDED	The test verifies Tree-handle release by monkey-patching TreeProto.delete (the prototype obtained dynamically via Object.getPrototypeOf on a throwaway parse) to count calls, so it mutates a prototype shared process-wide rather than mocking a per-instance method or an imported function.
0c88eb14f43e5f07	packages/adapter-io/test/rev-index-content-resolve.test.ts	TRUE_GROUNDED	TRUE_GROUNDED	TRUE_GROUNDED	TRUE_GROUNDED	EMPTY_ROOT is computed at test-run time by calling build() with an empty children array rather than being pinned as a hardcoded hash literal.
0c931c23827df3ee	packages/adapter-io/test/git-drift.test.ts	NOT_GROUNDED	NOT_GROUNDED	NOT_GROUNDED	NOT_GROUNDED	The narrowing guard in git-drift checks whether the recorded path still resolves at the new revision BEFORE falling back to the subtree-hash lookup, so a duplicate-content match at an earlier-sorting path is never reached when the original path is still present, preventing a phantom rename pair.
0ca8b3a735fa3245	packages/memory/test/mem-9-portable-scangate.wp35a.test.ts	TRUE_GROUNDED	TRUE_GROUNDED	TRUE_GROUNDED	TRUE_GROUNDED	writeWithScanner rejects a scanner whose name is the empty string by throwing an error matching /NAMED scanner/, even when that scanner's scan function would report a clean result.
0d25146f9fc098d0	packages/knowledge/test/wp-4.11-a-know.heldout.test.ts	TRUE_GROUNDED	TRUE_GROUNDED	TRUE_GROUNDED	TRUE_GROUNDED	isGrounded treats an entry as ungrounded whenever its subtreeHash coerces to an empty string, so a grounding with any empty subtreeHash among otherwise well-formed entries fails the check for the whole grouping, not just that entry.
0d8204831ac50ceb	packages/persist/src/scrub.ts	TRUE_GROUNDED	TRUE_GROUNDED	TRUE_GROUNDED	TRUE_GROUNDED	admitToBuffer treats a buffer whose identity is not already tracked in its WeakMap as having up to MAX_SEAM_CARRY trailing provisional bytes rather than assuming zero carry, so a buffer built or resumed by a caller outside this module is re-examined over the widest possible split-credential window instead of being trusted as already clean.
0e1021ff934cf330	packages/adapter-io/test/reverify-gate-compose.test.ts	TRUE_GROUNDED	NOT_GROUNDED	NOT_GROUNDED	NOT_GROUNDED	The disk store in this test is constructed with a hash function that always returns asHash('seed') regardless of the value being stored, so every seeded row is put under the identical content hash.
0e14f825d31c99c2	packages/index/test/cas.test.ts	TRUE_GROUNDED	TRUE_GROUNDED	TRUE_GROUNDED	TRUE_GROUNDED	The round-trip assertion uses toBe (reference identity) rather than toEqual, implying the store's get(hash) is expected to return the exact same in-memory object instance that was put, not a deserialized copy.
0e870c831ba81280	packages/adapter-io/test/compose-recon-n10.test.ts	TRUE_GROUNDED	TRUE_GROUNDED	TRUE_GROUNDED	TRUE_GROUNDED	The post-fix reconcile predicate built inline in this test classifies a moved fact as mechanical by looking only at the subtreeHash of the fact's first grounding entry's anchor and checking it via resolveBySubtreeAt at the new revision, not by comparing the anchor's path at all.
10557b804d0e82f2	packages/cli/src/mine-claim-scrub.ts	NOT_GROUNDED	TRUE_GROUNDED	TRUE_GROUNDED	TRUE_GROUNDED	scrubGrounding scrubs only qualifiedPath and path on each grounding entry, deliberately leaving subtreeHash, kind, displayLines, and span untouched.
108ab7883cefb7ec	packages/e2e/test/s07-memory-scoping.e2e.test.ts	TRUE_GROUNDED	TRUE_GROUNDED	TRUE_GROUNDED	TRUE_GROUNDED	The two memory-never-deleted guards use different failure shapes: a hard-delete on the rules store throws, while a non-orchestrator logbook append is silently refused, returning the unchanged log rather than throwing.
1106a891b0c674f1	packages/genesis/src/seed.ts	TRUE_GROUNDED	TRUE_GROUNDED	TRUE_GROUNDED	TRUE_GROUNDED	seedAwareness always renders the mission facet as UN-SEEDED unconditionally, without ever checking the ratified list for a DEFINE artifact or calling missionStub, so passing a ratified DEFINE fact in the `ratified` array has no effect on the mission facet.
118da90fe30c556b	packages/adapter-io/src/wire.ts	TRUE_GROUNDED	TRUE_GROUNDED	TRUE_GROUNDED	TRUE_GROUNDED	In the atlas-query leg, the config.readRefusal check runs before the --by mode split, so both the default scope path and the dependency/trigger retrieval modes are refused identically rather than only the scope path being guarded.
11f34caf636382cb	packages/genesis/test/wp-8.28-c-gen.heldout.test.ts	TRUE_GROUNDED	TRUE_GROUNDED	TRUE_GROUNDED	TRUE_GROUNDED	makeQueryDb memoizes its builder callback so that calling .get() many times (30 in this test) invokes the supplied builder function only once, returning the same cached db object thereafter.
12364081e4e0a734	packages/cli/test/enrich-env-gating.test.ts	NOT_GROUNDED	TRUE_GROUNDED	TRUE_GROUNDED	TRUE_GROUNDED	enrichEnabled treats any set value not matching one of the recognized falsey spellings as truthy (the test pins an arbitrary string like 'symbol' as ON), so it works as a denylist of falsey spellings rather than an allowlist of truthy ones.
125752cfc3e3770e	packages/tools/test/wp-4.11-a-tools.test.ts	TRUE_GROUNDED	TRUE_GROUNDED	TRUE_GROUNDED	TRUE_GROUNDED	gateWithPresent's gateHolds narrows on node.kind === 'advisory' before reading claimNorm in the same boolean expression, so a non-advisory GroundedFact (e.g. a PredicateNode without claimNorm) short-circuits to NA rather than reading an undefined field into the present-set check.
125c1888770f0afc	packages/adapter-io/test/skeleton-priors-leak.test.ts	TRUE_GROUNDED	TRUE_GROUNDED	TRUE_GROUNDED	TRUE_GROUNDED	Before exercising the leak, the test first asserts that folding tree A and tree B each independently yield a non-empty prior-key set and that those two sets are mutually disjoint, so the later leak assertions cannot pass vacuously on empty or overlapping keys.
128ba9530c4b4650	packages/adapter-io/test/harness/fix-scip.smoke.test.ts	TRUE_GROUNDED	TRUE_GROUNDED	TRUE_GROUNDED	TRUE_GROUNDED	The two tests check occurrence roles through different representations of the same fixture: the first decodes the real serialized SCIP protobuf and tests the SymbolRole.Definition bitflag, while the second reads expectedScipOutput's plain 'definition'/'reference' string field directly, without going through deserializeSCIP.
12e47948bfa41323	packages/knowledge/src/lifecycle/reconcile.ts	TRUE_GROUNDED	TRUE_GROUNDED	TRUE_GROUNDED	TRUE_GROUNDED	bindReconcile computes exitCode as strictly 2 when semantic is non-empty and 0 otherwise, so the returned exitCode can only ever be 0 or 2, never any other value, regardless of how large the drifted or mechanical sets are.
134009a80f5b5258	packages/knowledge/test/wp-5.13-a-know.router.heldout.test.ts	TRUE_GROUNDED	TRUE_GROUNDED	TRUE_GROUNDED	TRUE_GROUNDED	routeWrite's decision precedence, independently re-derived from the 16-cell input product in this test, is contentHash-hit first, then nodeKey-miss, then advisory family always UPDATE regardless of checkSame, then predicate family branching on checkSame between SUPERSEDE and CREATE.
1343d2be04d23fbb	packages/cli/test/mine-provable-frontier-driver.test.ts	TRUE_GROUNDED	TRUE_GROUNDED	TRUE_GROUNDED	TRUE_GROUNDED	the baseline PPR ranking (rankedPaths) is computed once via a driveMine call placed directly in the describe block's body, not inside an it(), so its result is shared as a fixed constant across both tests in that describe rather than being recomputed per test.
1353f8b44a976f3d	packages/tools/test/wp-4.12-a-tools.heldout.test.ts	TRUE_GROUNDED	TRUE_GROUNDED	TRUE_GROUNDED	TRUE_GROUNDED	The reconcile output preserves the original input pair order rather than grouping items by mechanical/semantic classification.
135fe27dc406f09c	packages/persist/test/transcript-store-known-limits.test.ts	TRUE_GROUNDED	TRUE_GROUNDED	TRUE_GROUNDED	TRUE_GROUNDED	Even past the split floor where the whole credential is no longer reconstructible, an unredacted tail fragment of the secret still survives raw in the second stored object, because that fragment has no prefix to mark it as a credential.
137c020aba984720	packages/cli/test/wp-f4-parse-at.test.ts	TRUE_GROUNDED	TRUE_GROUNDED	TRUE_GROUNDED	TRUE_GROUNDED	The parser accepts `--depth=notanumber` and any other non-numeric value for the `--depth` flag without validation or throwing, folding it as a plain string just like every other unknown flag.
1393d2f1fb6b727f	packages/kernel/test/event-identity.test.ts	NOT_GROUNDED	TRUE_GROUNDED	NOT_GROUNDED	NOT_GROUNDED	The fast-check arbitrary for nodeKey uses fc.option with `nil: undefined` rather than omitting the property, because the content() builder's opts type requires nodeKey to be present-and-undefined under exactOptionalPropertyTypes rather than simply optional.
1394ebd6c42742e5	packages/tools/test/refusal-visibility.test.ts	TRUE_GROUNDED	TRUE_GROUNDED	TRUE_GROUNDED	TRUE_GROUNDED	The fallback reasons for a reasonless fail-closed write are asymmetric: an emit failure appends a parenthetical "(ungrounded)" to its message while the link failure's fallback message carries no such qualifier.
1474956661c1e683	packages/e2e-blackbox/test/s21-scip-forgery.blackbox.test.ts	TRUE_GROUNDED	TRUE_GROUNDED	FALSE	TRUE_GROUNDED	Test (v) shows the forged .scip dump changes the dependency-mode query's blast-radius output (edges appear or vanish with the forged dump), while the scope-based 'query src' door returns the same claims regardless of either forged dump, so freshness-gating and dependency-edge derivation read the same forgeable input but only one of them is defended against it.
14762c47ff8a0f40	packages/retrieval/src/own-model.ts	TRUE_GROUNDED	TRUE_GROUNDED	TRUE_GROUNDED	TRUE_GROUNDED	EpicUnit's declared shape carries only an id, a goal string, and a features array of OwnUnit, with no NodeKey or anchor field, so it is structurally incapable of being treated as a grounded scope-unit.
156bbb743ffc7f5f	packages/knowledge/src/lifecycle/status.ts	TRUE_GROUNDED	TRUE_GROUNDED	TRUE_GROUNDED	TRUE_GROUNDED	The bound recompute function reads the node's own `grounding` field directly (passing node.grounding as the second argument to gate.gateHolds) even though it never reads the node's `status` field, so the fact's self-reported grounding is trusted as an input while only its self-reported status verdict is discarded.
157f016ec3657934	packages/adapter-io/test/governed-emit-addressable.test.ts	TRUE_GROUNDED	TRUE_GROUNDED	TRUE_GROUNDED	TRUE_GROUNDED	A poisoned value placed inside the fact's grounding field (e.g. a BigInt on grounding.seq) is rejected with reason 'unaddressable-cas-object' rather than 'canonical-form violation', distinguishing it from the other SHAPES-driven poisoned-field test cases that all report 'canonical-form violation'.
159d6a52bc6326d9	packages/cli/src/mine-frontier.ts	TRUE_GROUNDED	TRUE_GROUNDED	TRUE_GROUNDED	TRUE_GROUNDED	resolveFrontier conditionally spreads prior into the returned FrontierOptions only when unitPriorOf returns a defined value, so the prior key is entirely absent from the object (not present with value undefined) when the skeleton source has no unit-prior seam.
15f900d36b8db138	packages/adapter-io/test/dynamic-reach.test.ts	TRUE_GROUNDED	TRUE_GROUNDED	TRUE_GROUNDED	TRUE_GROUNDED	buildDynamicReach treats an unparseable TS file and an unscanned JS-family file (.cjs/.mjs/.js/.jsx) both as positive channel witnesses (fail-closed), while a genuinely different-language file such as .py is instead skipped and contributes no witness at all.
16201f4598b5d778	packages/adapter-io/test/retrieval-tier-bound.test.ts	TRUE_GROUNDED	TRUE_GROUNDED	TRUE_GROUNDED	TRUE_GROUNDED	The tier bound is tested against strings like 'toString', '__proto__', and 'constructor' as OFF_LATTICE inputs, verifying atLeastT1 does membership checks against the tier lattice rather than relying on inherited Object prototype properties or JS coercion.
162dbecc2ba52ac0	packages/index/src/cas.ts	TRUE_GROUNDED	TRUE_GROUNDED	TRUE_GROUNDED	TRUE_GROUNDED	createCasIndex's put() only adds the returned hash to the drift-eligibility registry when the kernel store returns a truthy hash, so a malformed object that yields the kernel's empty handle is stored without becoming drift-eligible.
1651523edeebb772	packages/adapter-io/test/reconcile-entry-symmetry.test.ts	NOT_GROUNDED	NOT_GROUNDED	NOT_GROUNDED	NOT_GROUNDED	makeGateFix writes .atlas/index.scip into the repo and calls scip.cleanup() immediately afterward, so the fixture's SCIP source is deleted while the copied file inside repoPath remains for the test to use.
1661a0e4e683ab4d	packages/adapter-io/test/arch9-door-derivation.test.ts	NOT_GROUNDED	TRUE_GROUNDED	TRUE_GROUNDED	TRUE_GROUNDED	the join between a fact's declared tier and its derived tier is one-directional: a derived T0 forces a declared T2 candidate into full-ratify, but a derived T2 never relaxes a declared T0 candidate's gate, which already routes to full-ratify on its own.
17483ccd59c93581	packages/knowledge/src/lifecycle/hits.ts	NOT_GROUNDED	NOT_GROUNDED	NOT_GROUNDED	NOT_GROUNDED	logHit performs a runtime check that nodeId is a non-empty string and throws a TypeError if not, even though NodeKey is already typed as a string.
174d319561eae7c0	packages/adapter-io/test/harness/forge-scip.ts	TRUE_GROUNDED	TRUE_GROUNDED	TRUE_GROUNDED	TRUE_GROUNDED	When a ForgedOccurrence omits its range, forgedScipBytes silently defaults it to [0, 0, 0, 0] rather than leaving the field absent, so range-omission tests actually encode a degenerate zero-range occurrence.
17aca1286941a583	packages/adapter-io/test/git-drift-entries.test.ts	TRUE_GROUNDED	TRUE_GROUNDED	TRUE_GROUNDED	TRUE_GROUNDED	In makeFixture, the .atlas/index.scip file that composeRuntime's index build reads is copied in only after both git commits are made and is never `git add`-ed, so it deliberately stays outside the fixture repo's tracked git history while still being present on disk.
17e4ceb9eda28ca1	packages/adapter-io/src/governed-link.ts	TRUE_GROUNDED	TRUE_GROUNDED	TRUE_GROUNDED	TRUE_GROUNDED	rowAuthorized falls back to the stored fact's scope only when the projection row's own scope is undefined; when the row does carry a scope it is used even if it differs from the stored fact's scope, and that mismatch is instead caught separately by rowContradicted.
18ced36f085ea9a0	packages/cli/src/mine-render.ts	TRUE_GROUNDED	TRUE_GROUNDED	TRUE_GROUNDED	TRUE_GROUNDED	In mineWhyEmpty, the incomplete-pass check runs before the sitesVisited===0 check, so a pass that both failed to complete AND visited 0 sites reports the completion-cause message, never the frontier-empty explanation.
192eabd04cf03c7d	packages/knowledge/src/negation-types.ts	TRUE_GROUNDED	TRUE_GROUNDED	TRUE_GROUNDED	TRUE_GROUNDED	NegationNode.grounding is typed as the general Grounding type (which is not cardinality-restricted in this file), so the 'exactly one entry, anchored at the scope directory' invariant described in the comment is not enforced by the TypeScript type itself and must be checked at runtime by whatever constructs this node.
19528c38087d123f	packages/persist/src/reinvoke.ts	TRUE_GROUNDED	TRUE_GROUNDED	TRUE_GROUNDED	TRUE_GROUNDED	redispatch's returned object carries only kind and seatId, never the brief itself, even though the brief is what was hashed to produce seatId.
1a389c5a927e43d7	packages/persist/test/wp-3.4-a-persist.test.ts	TRUE_GROUNDED	TRUE_GROUNDED	TRUE_GROUNDED	TRUE_GROUNDED	meterApi.meter accepts completely non-object inputs — including undefined, null, the number 42, and a bare string — without throwing, and still returns a Metering record with every required field defined rather than a partial or undefined-filled record.
1a6598c90bcb8fa8	packages/genesis/test/wp-8.31-gen.test.ts	TRUE_GROUNDED	TRUE_GROUNDED	NOT_GROUNDED	TRUE_GROUNDED	The ENRICH round filters its item list by the bornFromWorkLazy flag before calling relate(), silently skipping any item marked bornFromWorkLazy:true rather than passing every item in the list through the loop.
1aea6e85b6edb74a	packages/e2e/test/s04-drift-lifecycle.e2e.test.ts	TRUE_GROUNDED	NOT_GROUNDED	TRUE_GROUNDED	TRUE_GROUNDED	driftDetect returns an identical verdict for two groundings that differ only in their displayLines field, confirming the drift decision is computed purely from subtreeHash and never reads the displayLines navigation hint.
1b392200f4110ee3	packages/adapter-io/src/pack-shape.ts	TRUE_GROUNDED	TRUE_GROUNDED	TRUE_GROUNDED	TRUE_GROUNDED	mintPack sorts the invariant rows by nodeId before calling splitBands, so which rows survive the advisory band's truncation cap is determined by nodeId ordering rather than by the order pairs were passed in.
1b678e6c0bdcb4ab	packages/adapter-io/test/ast-gap2-doc-comment.test.ts	TRUE_GROUNDED	TRUE_GROUNDED	TRUE_GROUNDED	TRUE_GROUNDED	The G-GAP2-7 test proves a comment sitting between two declarations is bound to the declaration that follows it, not the one it trails, by asserting the edit drifts function b (following) while explicitly asserting it does NOT drift function a (preceding).
1c029b4ffeb16c55	packages/kernel/test/identity-goldens.test.ts	TRUE_GROUNDED	TRUE_GROUNDED	TRUE_GROUNDED	TRUE_GROUNDED	canonicalForm sorts object keys at every nesting depth, not just the top level: the fixture declares nested keys as {b, a} but the pinned preimage assertion expects them serialized in the order {a, b}.
1c10184655b71c15	packages/index/test/symbol-reverse.test.ts	TRUE_GROUNDED	TRUE_GROUNDED	TRUE_GROUNDED	TRUE_GROUNDED	resolves() returns true for a symbol that is defined but has zero references (no callers), the same empty-callers result a phantom (referenced-but-undefined) symbol also produces, so callers-empty alone cannot distinguish a resolvable-but-uncalled symbol from a phantom — only resolves() can.
1caab2eaebebe556	packages/cli/src/gitignore.ts	TRUE_GROUNDED	TRUE_GROUNDED	TRUE_GROUNDED	TRUE_GROUNDED	hasLine matches a line by exact trimmed-string equality rather than substring search, so a commented-out or otherwise-modified occurrence of the pattern does not count as already present.
1cbc24e4c66ed3b4	packages/cli/src/mine-pool.ts	TRUE_GROUNDED	TRUE_GROUNDED	TRUE_GROUNDED	TRUE_GROUNDED	proposeAll dispatches every candidate's message up front via slot % seats.length with no back-pressure, so when the batch is larger than the worker width, some workers are queued multiple jobs at once rather than the pool waiting for a worker to free up before assigning its next job.
1cc12653af19a2b8	packages/cli/test/mine-grounding-scrub.test.ts	TRUE_GROUNDED	FALSE	TRUE_GROUNDED	TRUE_GROUNDED	scrubGrounding redacts credential-shaped text only in the anchor's qualifiedPath and the entry's human path, leaving the anchor's subtreeHash and kind fields byte-for-byte untouched even when the same token string appears embedded in both the redacted and unredacted fields.
1d2e916285929241	packages/adapter-io/src/escape/classifier.ts	TRUE_GROUNDED	TRUE_GROUNDED	TRUE_GROUNDED	TRUE_GROUNDED	TS_TYPE_CTX deliberately omits as_expression and satisfies_expression, so isSafe treats the operand of an `X as T` cast as an escaping reference rather than a runtime-erased type position.
1da0c964df470d9e	packages/persist/test/merge.heldout.test.ts	TRUE_GROUNDED	TRUE_GROUNDED	TRUE_GROUNDED	TRUE_GROUNDED	The test's `set()` fixture builder dedupes by event id using a has-guard, so when two events share an id the FIRST one passed wins and later duplicates are silently dropped rather than overwriting it.
1e3a576b8feecc87	packages/cli/test/mine-predicate-check-scrub.test.ts	TRUE_GROUNDED	TRUE_GROUNDED	TRUE_GROUNDED	TRUE_GROUNDED	A predicate fact whose check literally contains the secret and one whose check already has the redacted placeholder both resolve to the identical nodeKey and identical contentHash, so decideStaging cannot distinguish an already-scrubbed check from one that had a live secret scrubbed out of it.
1e43309076986aac	packages/index/test/territory.test.ts	TRUE_GROUNDED	TRUE_GROUNDED	TRUE_GROUNDED	TRUE_GROUNDED	An uncovered path defaults to a deny verdict only when it shares a directory with a T0 territory member; an uncovered path elsewhere defaults to an open verdict instead.
1ec93c5bffcb1ec8	packages/tools/src/reconcile.ts	TRUE_GROUNDED	TRUE_GROUNDED	TRUE_GROUNDED	TRUE_GROUNDED	createReconcile is constructed with only a DriftSource and a KNOW-5 classifier — no store, writer, or adapter dependency is injected — so even when options.acceptReground is true, the function only counts the mechanical subset into regroundedCount and performs no actual write of its own.
1fe060227d2479b3	packages/adapter-io/test/compose-negation-promote-deps.test.ts	TRUE_GROUNDED	TRUE_GROUNDED	NOT_GROUNDED	TRUE_GROUNDED	The negation fixture used in this suite deliberately targets a global-looking symbol ('scip:Nowhere#', not a `local `-prefixed one) so the test exercises the deps-completeness gate specifically, rather than tripping an earlier target-not-global abstention first.
211296f47f83ca34	packages/adapter-io/test/sidecar-generation-filename.test.ts	TRUE_GROUNDED	TRUE_GROUNDED	TRUE_GROUNDED	TRUE_GROUNDED	The DETERMINISM test's expected tiebreak winner is 'from-padded' because the sort's ascending lexicographic comparison on filename ranks "projection.007.json" before "projection.7.json" (the character '0' sorts before '7'), regardless of which file was written first.
21b65d33cb933958	packages/genesis/src/scope-predicate.ts	TRUE_GROUNDED	TRUE_GROUNDED	TRUE_GROUNDED	TRUE_GROUNDED	underScope compares the anchor's file-path segments (split on '/', taken before the first '::') against the scope's segments position by position, so a scope of 'sr' would NOT match an anchor path beginning with 'src' even though a raw string startsWith('sr') would.
21c8f8ef73771b6d	packages/cli/test/mine-fixtures.ts	TRUE_GROUNDED	TRUE_GROUNDED	TRUE_GROUNDED	TRUE_GROUNDED	In stagingFake's commitStaging, when the decision's next is undefined the function returns immediately before the loop that puts decision.put objects into the CAS, so a refused/no-op decision writes neither the projection nor any CAS bytes even if the decision specified objects to put.
21e81dfc2b5d303d	packages/index/test/retrieval.test.ts	TRUE_GROUNDED	TRUE_GROUNDED	TRUE_GROUNDED	TRUE_GROUNDED	SCN-INDEX-6b-1 verifies the absence of a fourth retrieval mode not just by type but at runtime: it checks 'search' is not an own property via `in`, reads it with Reflect.get to confirm it is undefined, and asserts byTrigger('search:acme') returns an empty array rather than treating the string as a free-text query.
21e8bf44efa379cb	packages/cli/src/mine-gate.ts	TRUE_GROUNDED	NOT_GROUNDED	NOT_GROUNDED	NOT_GROUNDED	composedGate resolves and memoizes the gate lazily on first emit rather than eagerly at construction, so a repo whose SkeletonSource frontier is empty never triggers buildMineAdmission or an index read.
222a1de3fca7518c	packages/persist/src/merge.ts	TRUE_GROUNDED	TRUE_GROUNDED	TRUE_GROUNDED	TRUE_GROUNDED	mergeAtlas does not merge ours, theirs, and an optional base in one combined operation; it first unions ours and theirs, and only then, if base is supplied, folds base into that already-unioned result via a second merge call.
223c6bb349a717d9	packages/genesis/src/verify-count.ts	TRUE_GROUNDED	TRUE_GROUNDED	TRUE_GROUNDED	TRUE_GROUNDED	isPositiveInt requires atLeast to be an integer of 1 or more, so a claim with atLeast set to 0 is rejected as malformed rather than being treated as a trivially-true lower bound.
242c8336664745ca	packages/tools/test/wp-8.27-tools.heldout.test.ts	TRUE_GROUNDED	TRUE_GROUNDED	TRUE_GROUNDED	TRUE_GROUNDED	Flagging a territory as a t0Candidate never rewrites its tier or blastRadius: even territories matched by the T0 heuristic remain tier T2 with the identical territories/blastRadius as when no heuristic fires, so t0Candidates is purely an informational flag with zero promotions in this suite.
252243e60d8cfd4a	packages/e2e-blackbox/test/s27-reconcile-merge-base.blackbox.test.ts	TRUE_GROUNDED	TRUE_GROUNDED	TRUE_GROUNDED	TRUE_GROUNDED	The reconcile CLI treats an empty-string merge-base argument the same as a malformed sha or a well-formed-but-absent sha: all three produce a non-zero exit and a reason line containing 'unresolvable-merge-base:' rather than being special-cased or silently defaulting.
258036672a3029f8	packages/e2e-blackbox/test/s9-retrieval-modes.blackbox.test.ts	TRUE_GROUNDED	TRUE_GROUNDED	TRUE_GROUNDED	TRUE_GROUNDED	The test asserts that omitting `--by` entirely produces stdout byte-identical to an explicit `--by scope` call, pinning the default mode as scope for backward compatibility.
25d0e4bafd22be8e	packages/adapter-io/test/scip-raw-cache.test.ts	TRUE_GROUNDED	TRUE_GROUNDED	TRUE_GROUNDED	TRUE_GROUNDED	Both cache-teeth fixtures deliberately pick a second document/symbol/tool name that changes the encoded byte length, and assert that length difference before writing, so the test cannot pass merely by relying on filesystem mtime granularity moving between writes.
2652c4904882c476	packages/adapter-io/src/doctor-source.ts	FALSE	TRUE_GROUNDED	TRUE_GROUNDED	TRUE_GROUNDED	The drift() function's returned DriftItem only ever reports the anchorWas/anchorNow pair of the FIRST drifted entry, even when the mechanical repair plan() computes and re-anchors every drifted entry in the grounding, so a caller reading only drift() cannot see how many entries actually moved.
2693ee6f1dc94d26	packages/genesis/src/verify-count.test.ts	TRUE_GROUNDED	TRUE_GROUNDED	TRUE_GROUNDED	TRUE_GROUNDED	verifyCount's exact-mode world-openness check is segment-wise scoped, so a hole in a sibling directory that only string-prefixes worldScope does not open the world and does not flip a provable exact count into a false scope-open abstention.
279a30045b3bb0ed	packages/adapter-io/src/governed-promote.ts	TRUE_GROUNDED	TRUE_GROUNDED	TRUE_GROUNDED	TRUE_GROUNDED	In the per-row loop, the try/catch around deps.emit only swallows a DegenerateAnchorError (matched by instanceof or by a duplicated-module name check); any other thrown error propagates out of promote() uncaught and aborts the whole batch rather than being recorded as that row's individual refusal.
27cc0796fa158f23	packages/kernel/src/portable.ts	TRUE_GROUNDED	TRUE_GROUNDED	TRUE_GROUNDED	TRUE_GROUNDED	importCas only re-derives and verifies the content address for entries whose key matches the 64-hex HASH_SHAPE pattern; any entry filed under a non-hash-shaped key is inserted into the returned Cas verbatim with no integrity check at all.
27e2a6e4cdb15e39	packages/cli/src/map.ts	TRUE_GROUNDED	TRUE_GROUNDED	TRUE_GROUNDED	TRUE_GROUNDED	In COMMAND_LEG, four distinct commands — emit, promote, transition, and derive-relations — all map to the same Leg value 'atlas-emit', not emit alone.
27ee5aef1341850e	packages/knowledge/test/upsert-seal-carry.test.ts	TRUE_GROUNDED	NOT_GROUNDED	TRUE_GROUNDED	TRUE_GROUNDED	When a WriteRequest omits seal, the test checks not just that the stored row's seal reads undefined but that seal is not even an own property of the row via hasOwnProperty, confirming the field is built with a conditional spread rather than being set to an explicit undefined value.
28439c9b7c125f16	packages/genesis/test/wp-8.28-c-gen.test.ts	TRUE_GROUNDED	TRUE_GROUNDED	TRUE_GROUNDED	TRUE_GROUNDED	defaultKind requires BOTH checkable and tier>=T1 to return 'predicate': a checkable T2 signal still resolves to 'advisory' because tier alone fails the conjunction, not because checkability is ignored.
28bc83975ad1d2e8	packages/genesis/src/verify-negation.ts	TRUE_GROUNDED	TRUE_GROUNDED	TRUE_GROUNDED	TRUE_GROUNDED	verifyNegation checks isLocal(target) before checking reverse.resolves(target), so a local (document-scoped) target is abstained on ('target-not-global') without ever querying the reverse-callers index.
28d4ccf4e75b95ba	packages/knowledge/test/upsert-raise-carry-forward.test.ts	NOT_GROUNDED	NOT_GROUNDED	NOT_GROUNDED	NOT_GROUNDED	The test seeds a sameAs edge by mutating a fresh copy of store.current directly (bypassing upsert/WriteRequest) because sameAs is not a field the WriteRequest type carries, so a governed-raise write cannot set it at all.
28fed03ef408dac7	packages/kernel/src/fold.ts	TRUE_GROUNDED	TRUE_GROUNDED	TRUE_GROUNDED	TRUE_GROUNDED	the `sorted` helper re-keys both the outer nodeKey map and each node's per-entry map in ascending order after folding, so fold()'s returned Map has deterministic own iteration order regardless of input insertion order, not merely a deterministic serialized form.
2a81d88bc9c31c80	packages/genesis/src/loops.ts	TRUE_GROUNDED	TRUE_GROUNDED	TRUE_GROUNDED	TRUE_GROUNDED	In reviewRound, enrichRound, and expandRound, the returned value field is always set equal to the round's revisions count, so runLoop's marginal-value stop condition is effectively checking the same number as its fixpoint (revisions===0) check.
2abf0c6cfef8f874	packages/grounding/test/wp-4.10-b-grd.heldout.test.ts	TRUE_GROUNDED	TRUE_GROUNDED	NOT_GROUNDED	TRUE_GROUNDED	freshness() never folds a closure member's full-body subtreeHash, only its interfaceRState, so a callee that undergoes a pure-body refactor with an untouched interface leaves the caller's snapshot FRESH.
2b91c0c5c0983df1	packages/knowledge/test/reconcile.know5.test.ts	TRUE_GROUNDED	TRUE_GROUNDED	TRUE_GROUNDED	TRUE_GROUNDED	The reHashAt fixture predicate fails closed for an unrecognized newSha: when the lookup table has no entry for the given hash, rehashed is undefined and the comparison short-circuits to false (never re-derives/mechanical) rather than throwing or defaulting to true.
2c117db2871e82f6	packages/cli/src/promote.ts	TRUE_GROUNDED	TRUE_GROUNDED	TRUE_GROUNDED	TRUE_GROUNDED	promoteVerdict distinguishes a staging read that outright refused (out.read false, exitCode 2, 'status: rejected') from a staging read that succeeded but found zero candidates (exitCode 0, honest empty), rather than collapsing both into the same reported count.
2c7510111de082fe	packages/persist/test/wp-3.4-b.hostadapter-placement.test.ts	TRUE_GROUNDED	TRUE_GROUNDED	TRUE_GROUNDED	TRUE_GROUNDED	A rewritten commit's note is unreadable even when the notes refspec IS configured (readAfterBareClone(c2,'N',true) is still null), because the orphaning is keyed on the old SHA and is independent of whether notes are fetched.
2ce5eea7c3e20fcf	packages/e2e-blackbox/test/s6-edge.blackbox.test.ts	TRUE_GROUNDED	TRUE_GROUNDED	TRUE_GROUNDED	TRUE_GROUNDED	Querying an unknown scope and emitting under a policy-denied write are both governed refusals but land in different exit-code/status buckets: the unknown-scope query is exit 1 / status: error, while the policy-denied emit is exit 2 / status: rejected.
2d1bcdb19413bf7b	packages/adapter-io/test/ast-normalize.test.ts	TRUE_GROUNDED	TRUE_GROUNDED	FALSE	TRUE_GROUNDED	normalizeForGrammarGaps is proven length-preserving for all three rescued grammar-gap constructs while leaving ordinary code, including a real dynamic import(spec) call and a computed ns[key] access, completely byte-identical.
2d217f274f22f849	packages/grounding/src/ground.ts	TRUE_GROUNDED	TRUE_GROUNDED	TRUE_GROUNDED	TRUE_GROUNDED	ground() returns immediately with an empty { entries: [] } as soon as a single citation fails to resolve, discarding any entries already resolved for earlier citations in the same node rather than dropping only the unresolvable one and keeping the rest.
2e00076e8cb7581a	packages/cli/test/mine-decide-family-identity.test.ts	TRUE_GROUNDED	TRUE_GROUNDED	TRUE_GROUNDED	TRUE_GROUNDED	The test fixtures deliberately set the incoming fact's own id field to the sentinel value 'SHOULD-BE-REMINTED' to prove decideStaging ignores the payload-supplied id entirely and recomputes nodeKey from relationKey/negationKey instead of trusting it.
2e1957ce94e08c9d	packages/index/test/resolve.heldout.test.ts	TRUE_GROUNDED	TRUE_GROUNDED	TRUE_GROUNDED	TRUE_GROUNDED	netModel's reverseAnchors parameter (which would reorder file objects to put H.send before H.jfile) is declared with a default of false but is never invoked with true anywhere in this file, so that branch of the fixture is unexercised here.
2e8cfdcde85369aa	packages/adapter-io/test/wire-retrieval-freshness.test.ts	TRUE_GROUNDED	TRUE_GROUNDED	TRUE_GROUNDED	TRUE_GROUNDED	The WireSeams fixture used in this test stubs isCandidate to always return false and gateHolds to always return 'NA', so the T0 heuristic and truth gate are effectively neutralized and play no role in the freshness behavior this test verifies.
2ece21cc9307bf8a	packages/kernel/test/heldout-krn-store.test.ts	TRUE_GROUNDED	TRUE_GROUNDED	TRUE_GROUNDED	TRUE_GROUNDED	One test enforces that store.ts contains exactly one 'new Map' construction by reading and regex-matching the source file's own text at test time, rather than only asserting on store behavior.
2f895ba9e037e551	packages/cli/test/mine-answer-provenance.test.ts	TRUE_GROUNDED	TRUE_GROUNDED	TRUE_GROUNDED	TRUE_GROUNDED	The identity test proves rawAnswer is stripped before hashing: two facts with the same claim, one carrying a rawAnswer and one not, produce byte-identical nodeKey and contentHash, differing only in whether answerRef is defined.
2faa6334bc5702ee	packages/memory/src/inject.ts	TRUE_GROUNDED	TRUE_GROUNDED	TRUE_GROUNDED	TRUE_GROUNDED	InjectApi.recall closes over the store bound at makeInject construction time rather than taking a store argument, unlike injectFor/assembleHeader/compose which all take store explicitly.
2fb1fd9d8df74a5f	packages/retrieval/src/types.ts	FALSE	TRUE_GROUNDED	FALSE	FALSE	OwnPack.unit is typed as a plain string, distinct in kind from RelationSet.unit which is typed as Path, so the two same-named `unit` fields across these interfaces are not interchangeable despite sharing a name.
30412da18e0f927f	packages/knowledge/src/lifecycle/produce.ts	TRUE_GROUNDED	TRUE_GROUNDED	TRUE_GROUNDED	TRUE_GROUNDED	produce() returns an empty array both when the moment is off-union (rejected) and when a valid moment is called with an empty event array, so the return value alone cannot distinguish a rejected sweep from a legitimate no-op production.
3104df0514563d84	packages/index/test/build.test.ts	TRUE_GROUNDED	TRUE_GROUNDED	TRUE_GROUNDED	TRUE_GROUNDED	The dependency axis's per-file subtreeHash is a constant function of the file's path alone (nodeHashOfPath), so editing a file's content changes the spatial axis's hash for that file but leaves the dependency axis's hash for the same file completely unchanged.
3110903cc4876a07	packages/adapter-io/test/rev-index.test.ts	NOT_GROUNDED	TRUE_GROUNDED	TRUE_GROUNDED	TRUE_GROUNDED	createRevIndex's worktree-add retry logic distinguishes a transient lock failure from a permanently bad rev purely by the error signature text ('could not lock ref' / 'Unable to create worktree lock' vs 'invalid reference'), retrying only the lock-signature case and classifying the invalid-reference case as fast-empty on the very first attempt.
315de621fe1eb729	packages/tools/test/wp-8.27-tools.test.ts	TRUE_GROUNDED	NOT_GROUNDED	NOT_GROUNDED	NOT_GROUNDED	createInit's signature takes no LLM/model port at all, so its determinism (two calls to init() returning equal output) is structurally guaranteed rather than merely observed, since there is no seam through which nondeterministic input could enter.
31a1b197915e7b34	packages/adapter-io/test/llm.test.ts	TRUE_GROUNDED	TRUE_GROUNDED	TRUE_GROUNDED	TRUE_GROUNDED	The module-graph audit greps the whole packages directory (which would also match this very test file's own `ModelClient` import) but then filters hits to only paths containing '/src/', so the test's own reference to ModelClient never inflates the count it asserts.
31af4085095ab836	packages/e2e/test/s09-persist-provenance.e2e.test.ts	TRUE_GROUNDED	TRUE_GROUNDED	TRUE_GROUNDED	TRUE_GROUNDED	The two content-addressed lookup doors in this suite disagree on miss behavior: the transcript store's fetch() throws on a never-put pointer (fail closed), while the attach surface's get() returns undefined on a never-attached hash (fail soft), even though both are hash-keyed reads over a CAS.
31d78267dc40cfa1	packages/adapter-io/src/governed-link-retract.ts	TRUE_GROUNDED	TRUE_GROUNDED	TRUE_GROUNDED	TRUE_GROUNDED	The three retraction refusal discriminants (not-linked, already-retracted, retracted-pair) are constructed so that none is a prefix or substring of another, so a substring-based equality check cannot confuse them.
321441094b801525	packages/grounding/test/wp-4.11-a-grd.heldout.test.ts	TRUE_GROUNDED	TRUE_GROUNDED	TRUE_GROUNDED	TRUE_GROUNDED	validateTemplate admits the structured record { claimNorm, grounding: partial2 } as valid even though that same partial2 grounding fails the truth door in the other test in this file, showing validateTemplate performs only a coarse structural check and does not itself verify whether the grounding is actually grounded.
3323c82efca497f2	packages/cli/test/wp-doctor-cli.test.ts	TRUE_GROUNDED	NOT_GROUNDED	NOT_GROUNDED	NOT_GROUNDED	Unlike the other four doctor subcommands (archive/why/hotset/reground), which fail closed with a 'composition-root WP' error when no DoctorSource is injected, the `index` subcommand works fine with no DoctorSource at all because it reads only the file tree and SCIP dump rather than the store.
3423cd758295d4b9	packages/adapter-io/test/harness/governed-fixtures.ts	TRUE_GROUNDED	TRUE_GROUNDED	TRUE_GROUNDED	TRUE_GROUNDED	In makeStoreSpy's fake commitProjection, when the decision's `next` is undefined the function returns immediately without executing the `put` loop, so any objects listed in `decision.put` are silently discarded rather than written to the store.
346fbacff81d6199	packages/index/test/fold.test.ts	TRUE_GROUNDED	TRUE_GROUNDED	TRUE_GROUNDED	TRUE_GROUNDED	eagerRehashState(h('A'), edges) never includes A itself in its returned touched set, only nodes reachable within MAX_HOPS reverse-dependency hops from the edited node.
34b67d4214d0b51f	packages/e2e-blackbox/test/s26-symbol-arm.blackbox.test.ts	TRUE_GROUNDED	TRUE_GROUNDED	TRUE_GROUNDED	TRUE_GROUNDED	Setting ATLAS_FRONTIER to the misspelled value 'symbols' (plural) is asserted to silently fall back to the default file-level frontier, producing two file-kind sites, rather than erroring or activating the symbol frontier.
34e3ef3d1b13c6b0	packages/adapter-io/src/fs.ts	FALSE	FALSE	FALSE	FALSE	gitLsFiles validates a parsed blob oid against a hex regex before it is ever passed to `git cat-file`, specifically to stop a field beginning with '-' from being interpreted by git as a command-line option rather than an object id.
350eed3dff67865c	packages/grounding/src/index.ts	TRUE_GROUNDED	TRUE_GROUNDED	TRUE_GROUNDED	TRUE_GROUNDED	the barrel re-exports its own types module with `export type *` (type-only), while every runtime submodule (gate, emit-guard, subtree, span, drift, freshness, ground) is re-exported with a plain `export *`, so only the types.js exports are guaranteed to carry no runtime values through this barrel.
35f32899a7303433	packages/adapter-io/test/anchor-identity.test.ts	NOT_GROUNDED	FALSE	NOT_GROUNDED	NOT_GROUNDED	The minted sub-file unit key embeds the AST node-type label (e.g. arrow_function), which is part of what keeps two identically-shaped sibling closures in the same function from colliding on the same key.
3602cb5325f1c515	packages/e2e-blackbox/test/s7-governance.blackbox.test.ts	TRUE_GROUNDED	TRUE_GROUNDED	TRUE_GROUNDED	TRUE_GROUNDED	A fact carrying an empty own scope is rejected with reason 'malformed scope' at an earlier gate than the authz check, distinctly not surfaced as 'unauthorized', even though the acting actor would otherwise be authorized.
368b63b97ca5601e	packages/memory/test/mem-9.wp35a.heldout.test.ts	TRUE_GROUNDED	NOT_GROUNDED	TRUE_GROUNDED	TRUE_GROUNDED	The archived R13 entry marks its evicted-but-retained state by putting the plain string 'archived' into the ordinary stoppedAt field of a TaskMemoryEntry, not through any dedicated archive/eviction flag on the entry or store shape.
369e5907bc715d3c	packages/adapter-io/test/door-regression-support.ts	TRUE_GROUNDED	TRUE_GROUNDED	TRUE_GROUNDED	TRUE_GROUNDED	reasonOf extracts a refusal's discriminant by splitting on only the FIRST colon and taking the substring before it, so a rationale paragraph that itself contains additional colons after the name does not corrupt the extracted discriminant.
36e919c9170fae16	packages/knowledge/test/negations-fold.test.ts	FALSE	FALSE	FALSE	FALSE	Both negationsOf and abstentionsOf return results ordered by lexicographic scope string, not by insertion/map order — the fixtures are inserted payments-then-orders but both folds return the orders-scoped row first.
38090bf3c0d547be	packages/e2e-blackbox/test/s2-guardrails.blackbox.test.ts	TRUE_GROUNDED	TRUE_GROUNDED	TRUE_GROUNDED	TRUE_GROUNDED	Only the ungrounded-rejection assertion checks that stdout contains the literal invariant citation 'TOOLS-1/7'; the unauthorized-rejection assertion in S2b checks the same structural shape (status/next/invariant/reason lines) but never asserts that specific invariant string, so the two fail-closed paths are not pinned to cite the same invariant text.
385f8300ccf8843b	packages/e2e/test/s01-move-in.e2e.test.ts	TRUE_GROUNDED	NOT_GROUNDED	TRUE_GROUNDED	TRUE_GROUNDED	graph.reverseClosure sets underApprox to true whenever the queried node itself sources an unresolved edge, even though the returned closure array contains only real resolved node hashes and no null placeholder for the hole.
388bcdec7c372581	packages/memory/src/template.ts	TRUE_GROUNDED	TRUE_GROUNDED	TRUE_GROUNDED	TRUE_GROUNDED	Unlike the project, task, and pr kinds, which each declare exactly one optional field (grounding or ref), the logbook kind declares an empty OPTIONAL array, so every one of its template keys is required and any logbook write missing one is rejected.
38a01fab0678e2a3	packages/cli/src/cli.ts	TRUE_GROUNDED	TRUE_GROUNDED	TRUE_GROUNDED	TRUE_GROUNDED	The readRefusal governance check near the top of main() is skipped only when command === 'init'; every other routed command, including read-only ones like query, doctor, node, relations, negations, transitions, verify-fact, and verify-store, is refused before any door opens whenever deps.readRefusal is set.
38a0621b98113d83	packages/retrieval/test/wp-6.20-retr.own.test.ts	TRUE_GROUNDED	TRUE_GROUNDED	TRUE_GROUNDED	TRUE_GROUNDED	The test asserts OWN_CAP is pinned to exactly 1500, the token ceiling an OwnPack's tokenEstimate must not exceed.
38a4f0f2cddace26	packages/memory/test/wp-6.24-b-mem.test.ts	TRUE_GROUNDED	TRUE_GROUNDED	TRUE_GROUNDED	TRUE_GROUNDED	orientationTokens is tested to return exactly the whitespace-separated word count of the goal string (240 for words(240), 300 for words(300)), so the token cap is enforced as a simple word count rather than an actual tokenizer estimate.
38b595ea16ba448a	packages/knowledge/test/wp-closed-slot-gate.test.ts	FALSE	TRUE_GROUNDED	TRUE_GROUNDED	TRUE_GROUNDED	isClosedSlotError recognizes a refusal structurally rather than by class identity: a plain object carrying only a `reason` property equal to CLOSED_SLOT_DISCRIMINANT (no ClosedSlotError instance at all) is accepted as true, simulating what a second module instance's error would look like.
394cd19ca4711af3	packages/e2e-blackbox/test/harness.smoke.test.ts	TRUE_GROUNDED	TRUE_GROUNDED	TRUE_GROUNDED	TRUE_GROUNDED	The MCP server's listTools() is asserted to return exactly seven tools in the fixed order [atlas-init, atlas-query, atlas-emit, atlas-reconcile, atlas-link, atlas-relations, atlas-negations], with atlas-link (governance) preceding the two read-only relations/negations tools.
39cc083b8dcb6d09	packages/tools/test/error-attribution.test.ts	TRUE_GROUNDED	TRUE_GROUNDED	TRUE_GROUNDED	TRUE_GROUNDED	when a leg itself throws a MalformedArgsError, the handler routes it to the same `malformed-args` discriminant used for a schema-level door refusal, even though in this case the leg actually ran, unlike the door-level case where the leg is never invoked.
39f746b0bae0d456	packages/adapter-io/test/rev-index-scip-parity.test.ts	TRUE_GROUNDED	TRUE_GROUNDED	TRUE_GROUNDED	TRUE_GROUNDED	Every dependency-axis child node produced by build() has a 64-character hex key that is identical to its own subtreeHash, meaning that axis's identity is a content-independent id rather than a hash folded from the node's contents.
3a0867a71ef0c9e3	packages/genesis/test/wp-8.30-gen.test.ts	TRUE_GROUNDED	TRUE_GROUNDED	TRUE_GROUNDED	TRUE_GROUNDED	defaultBudget's ceiling is not linear in the frontier size: a small frontier (4) yields a ceiling equal to that count, but a large frontier (500) is clamped down to the fixed CEILING_CAP rather than returned as-is.
3a7658f8aa580b16	packages/adapter-io/test/llm-dependency-parser.test.ts	TRUE_GROUNDED	TRUE_GROUNDED	TRUE_GROUNDED	TRUE_GROUNDED	dependencyClaimParser rejects a DEPENDS-ON line that itself includes a trailing '@ scope' as unparseable (abstains), because scope is always derived from cand.site rather than accepted from the model's answer, so a model that tries to specify its own scope is refused rather than honored.
3af07aa828c5b928	packages/cli/test/negations-cli.test.ts	TRUE_GROUNDED	TRUE_GROUNDED	TRUE_GROUNDED	TRUE_GROUNDED	The `--abstained` flag suppresses ALL grounded-negative lines from the render, not just filters the count, leaving only abstention lines visible.
3be9fc17f065f860	packages/adapter-io/test/fs-tracked-symlink.test.ts	TRUE_GROUNDED	TRUE_GROUNDED	TRUE_GROUNDED	TRUE_GROUNDED	A symlink that points at a real tracked directory is walked as a leaf carrying only the link text with no children, while the linked directory's own file is still present exactly once under its real path — the walker never mirrors a directory's contents under the link path.
3c7993ed2b5a3412	packages/knowledge/test/wp-9.x-adjacency-b.near-dup.test.ts	TRUE_GROUNDED	TRUE_GROUNDED	TRUE_GROUNDED	TRUE_GROUNDED	Every test case in this file asserts decision === 'CREATE', including the cases with a duplicate claimNorm at an adjacent anchor, so despite the file being named 'adjacency', none of its cases exercise or pin an UPDATE/merge outcome — the suite only proves that adjacency-based merging never fires anymore.
3d008530988872b8	packages/adapter-io/test/git-forge.test.ts	TRUE_GROUNDED	TRUE_GROUNDED	TRUE_GROUNDED	TRUE_GROUNDED	After a rebase produces a new commit sha, the forge's note stays keyed on the OLD sha rather than being re-pointed: readNote on the old sha still returns the original value while readNote on the new sha returns null.
3d2f18c57e64c00b	packages/memory/src/index.ts	TRUE_GROUNDED	TRUE_GROUNDED	TRUE_GROUNDED	TRUE_GROUNDED	Only the ./types.js re-export uses the type-only form (`export type *`); every other module in the barrel (portable, respawn, inject, kinds, awareness, orient, rules, template, logbook) is re-exported with a plain value `export *`.
3d44027033188f4a	packages/knowledge/test/wp-5.14-know.lifecycle.test.ts	TRUE_GROUNDED	NOT_GROUNDED	NOT_GROUNDED	NOT_GROUNDED	isScope only checks that a value is a non-empty string usable as a lookup key and returns true even for a scope string no policy has ever declared, so it cannot be relied on as an authorization check — that decision lives elsewhere.
3d6bad6803a22528	packages/adapter-io/test/support/neg-bench-lib.ts	TRUE_GROUNDED	TRUE_GROUNDED	TRUE_GROUNDED	TRUE_GROUNDED	scipName only returns a name when the SCIP symbol's descriptor path has exactly one segment after the file-name component (after.length !== 1 yields null), so it matches top-level file-scope declarations but excludes class members or other nested declarations whose descriptor carries an extra container segment.
3dd0854f7ea591a0	packages/adapter-io/test/arch-d3b-claim-launder.test.ts	TRUE_GROUNDED	TRUE_GROUNDED	TRUE_GROUNDED	TRUE_GROUNDED	The test proves that when a later actor raises the governance tier at the same (anchor, slot) node, the served claim contains only the raiser's own assertion and excludes the earlier, lower-tier claim seeded at that address, i.e. the raise replaces rather than merges the claim set.
3de2b32d5c92821b	packages/genesis/src/verify-fact.ts	TRUE_GROUNDED	TRUE_GROUNDED	TRUE_GROUNDED	TRUE_GROUNDED	verifyRelation compares endpointA/endpointB to reverseCallers/definesAt paths only after stripping everything from the first '::' onward via docOf, so an endpoint carrying a '::symbol' structural refinement still matches a bare file path returned by pathOfHash.
3deb74846918fd4d	packages/grounding/src/freshness.ts	TRUE_GROUNDED	TRUE_GROUNDED	TRUE_GROUNDED	TRUE_GROUNDED	closureInterfaceUnchanged compares the pinned and current closures by counting key occurrences into a Map rather than by per-member lookup, specifically because a length-plus-lookup comparison would misread a swap like pinned [A,A] vs current [A,B] as unchanged when a node key repeats.
3e05442e612d4eac	packages/tools/test/fault-vocabulary.test.ts	NOT_GROUNDED	NOT_GROUNDED	NOT_GROUNDED	NOT_GROUNDED	The off-surface fallback schema (SCHEMA_OFF_SURFACE, exercised via 'atlas-delete' as Tool) deliberately declares no `properties` and no closed set, so a leg wired under a tool token outside the five governance tools still receives arbitrary arguments unfiltered rather than being refused by additionalProperties:false.
3e0bb16261fa74e0	packages/e2e-blackbox/test/s237-mine-summary-agrees-with-store.blackbox.test.ts	TRUE_GROUNDED	TRUE_GROUNDED	TRUE_GROUNDED	TRUE_GROUNDED	the test's stand-in for the model always returns the exact same fixed claim text regardless of which site is visited, because `echo` is configured with one hard-coded argument shared across every propose invocation rather than being parameterized per site.
3ecf458319397b85	packages/adapter-io/test/door-regression-reject-disclosure.test.ts	TRUE_GROUNDED	TRUE_GROUNDED	TRUE_GROUNDED	TRUE_GROUNDED	keyOf computes the same nodeKey for two facts anchored at the same path even when their scope, claimNorm, and gen fields all differ, so the node identity is independent of those fields.
3ef2344cfa689cd0	packages/e2e-blackbox/test/s3-dedup.blackbox.test.ts	TRUE_GROUNDED	TRUE_GROUNDED	TRUE_GROUNDED	TRUE_GROUNDED	query output orders multiple grounded nodes by nodeKey rather than by emission/creation order: the bar.ts node, emitted after the foo.ts node, is asserted to render before it.
3ef5542fd5a08c9c	packages/adapter-io/src/governed-emit-route.ts	TRUE_GROUNDED	TRUE_GROUNDED	TRUE_GROUNDED	TRUE_GROUNDED	ratifyCtxFor uses conditional spreads for derivedTier and origin, so calling it with both arguments undefined returns an object with neither key present at all (not present-but-undefined), leaving it structurally identical to the bare DOOR_RATIFY_CTX constant.
3f0719234a40c04f	packages/persist/test/scrub-adjacent-fuzz.test.ts	TRUE_GROUNDED	TRUE_GROUNDED	TRUE_GROUNDED	TRUE_GROUNDED	The test demonstrates that an own-family-only lookahead fix is order-dependent while the shipped union lookahead is not: applying the github-then-slack regex pair to 'xoxb-AAAAAAghp_BBBBBB' fully redacts both tokens, but applying slack-then-github on the same input leaves '[REDACTED]_BBBBBB' with the second body exposed.
3f64450dd37c7a7e	packages/adapter-io/test/compose-recon.test.ts	TRUE_GROUNDED	TRUE_GROUNDED	TRUE_GROUNDED	TRUE_GROUNDED	Unlike the resolveAnchorAt teeth case, which re-asserts exitCode for both the real and mutant runs, the reDerives teeth case never asserts drift count or exitCode for its mutant run — only the mechanical/semantic array contents are checked.
3fab7644699966db	packages/genesis/test/provable-frontier.test.ts	TRUE_GROUNDED	TRUE_GROUNDED	TRUE_GROUNDED	TRUE_GROUNDED	Passing an empty frontier object ({ frontier: {} }, with provableFirst unset) produces byte-identical output to omitting the frontier option entirely, so the reorder is gated specifically on provableFirst being present, not on the frontier key itself being supplied.
3fbfd66e9d9ead7f	packages/cli/test/mine-cold-grammar.test.ts	TRUE_GROUNDED	TRUE_GROUNDED	TRUE_GROUNDED	TRUE_GROUNDED	The test strips `//` line-comments from bin.ts's source before searching for `await initAst()` and `composeRuntime(`, specifically to avoid a false positive from prose in the module header that names both calls before either appears as real code.
3fe2aa6d309cac3c	packages/genesis/src/index.ts	TRUE_GROUNDED	TRUE_GROUNDED	TRUE_GROUNDED	TRUE_GROUNDED	Only ./types.js is re-exported with the type-only form (`export type *`); all fourteen other runtime modules listed in this barrel are re-exported with a plain value `export *`.
4074c43f2ae3946f	packages/adapter-io/test/door-regression-kind-check.test.ts	TRUE_GROUNDED	TRUE_GROUNDED	TRUE_GROUNDED	TRUE_GROUNDED	DOOR-KIND-1 asserts the rejected reason does NOT match /ungrounded/, /unauthorized/, or /unratified/, so the test specifically pins that the kind-contradicting payload is refused by the kind-consistency check itself rather than incidentally by one of those other neighboring gates.
4177e6f9e7f3e1cb	packages/grounding/src/span.ts	TRUE_GROUNDED	TRUE_GROUNDED	TRUE_GROUNDED	TRUE_GROUNDED	mintSpan and readSpan hash the entire bytes buffer passed in (encoder.hash(bytes)), not just the [start, end) slice, so verifying a span requires presenting the whole original byte content, not merely the cited fragment.
417e178e3c4aacc8	packages/e2e-blackbox/test/s239-node-witness.blackbox.test.ts	TRUE_GROUNDED	TRUE_GROUNDED	TRUE_GROUNDED	TRUE_GROUNDED	The test asserts a negative regex on the exact two-space indent (/^\s{2}scope: /m) to guard specifically against an unnested top-level 'scope:' line, meaning the render's correctness here hinges on indentation depth, not just on which scope values appear anywhere in the output.
41aaa35e29ff8cfe	packages/adapter-io/test/wp-per-fact-freshness.test.ts	TRUE_GROUNDED	TRUE_GROUNDED	TRUE_GROUNDED	TRUE_GROUNDED	SCN-TOOLS-6e-4 shows createProjectionQueryIndex called with no drift-oracle function wired still returns freshness DRIFTED for a fact whose stored freshness field is FRESH, i.e. the read path fails closed to DRIFTED rather than falling back to trusting the stored value.
41af62833ff4307e	packages/knowledge/src/write/template.ts	TRUE_GROUNDED	TRUE_GROUNDED	TRUE_GROUNDED	TRUE_GROUNDED	hasRequiredFields checks only claimText, claimNorm, provenance, and grounding, even though the exported RequiredAdvisoryField type also lists 'owner' and 'scope' and 'predicateSlot' as required fields — those three are never checked by this function.
41bf3305e17c8c43	packages/contracts/src/territory.ts	TRUE_GROUNDED	TRUE_GROUNDED	TRUE_GROUNDED	TRUE_GROUNDED	the Territory interface types `owner` as a bare `string` and `globs` as `readonly string[]`, so nothing in this type itself restricts owner values to real seat ids or globs values to valid glob patterns.
41c8cd05b4077ff0	packages/adapter-io/test/llm-count-parser.test.ts	TRUE_GROUNDED	TRUE_GROUNDED	TRUE_GROUNDED	TRUE_GROUNDED	The count grammar accepts exactly one token after the COUNT: prefix — any trailing text, including a scope annotation like ' @ src' or a numeric literal, makes the whole line unparseable rather than being parsed as extra metadata.
41fad8b4ecd10315	packages/kernel/src/store.ts	TRUE_GROUNDED	TRUE_GROUNDED	TRUE_GROUNDED	TRUE_GROUNDED	put's error path returns the EMPTY sentinel key directly without ever calling cas.set, so a malformed object is never inserted into the map at all and get(EMPTY) will always return undefined no matter how many malformed puts occur.
426ccfdd10a8430f	packages/adapter-io/test/model-config.test.ts	TRUE_GROUNDED	TRUE_GROUNDED	TRUE_GROUNDED	TRUE_GROUNDED	loadModelConfig refuses a config whose `args` field is given as a single space-joined string rather than an array, with the error message explicitly stating there is no shell to split it, because the command is executed directly without shell argument splitting.
42af4761906f8b2c	packages/memory/src/orient.ts	TRUE_GROUNDED	TRUE_GROUNDED	TRUE_GROUNDED	TRUE_GROUNDED	labelOf and readGoal both silently project malformed or absent payloads to the empty string rather than throwing, so an Orientation channel with a corrupted event payload degrades to a blank line instead of surfacing an error.
4339fc44628f3f05	packages/retrieval/src/poke.ts	TRUE_GROUNDED	TRUE_GROUNDED	TRUE_GROUNDED	TRUE_GROUNDED	The N=2 settle counter advances not only on repeated navigation to the same scope but also on a suppressed (non-navigating) call like Grep or Bash, as long as a scope is already current — so a poke can fire after one navigate plus one unrelated suppressed call, not only after two navigations to the same file.
43b92bba03daed1b	packages/tools/src/types.ts	TRUE_GROUNDED	TRUE_GROUNDED	TRUE_GROUNDED	TRUE_GROUNDED	ToolData (the union carried on Verdict.data via HandlerApi.handle) omits DoctorOut and DiffOut, even though both are defined result types in this same file, so those two tool results cannot flow back through the one handler's Verdict<ToolData> return type.
43bef6e516b634ed	packages/persist/test/source.test.ts	TRUE_GROUNDED	TRUE_GROUNDED	TRUE_GROUNDED	TRUE_GROUNDED	soleHomeViolations flags a datum only when its entire home set is exactly {pr-attachment}; a datum whose homes include pr-attachment alongside store still passes unflagged.
442b6625911ab84b	packages/cli/test/mine-provenance-seam.test.ts	TRUE_GROUNDED	TRUE_GROUNDED	TRUE_GROUNDED	TRUE_GROUNDED	The fixture writes .atlas/projection.json to disk unconditionally in both the RED and CONTROL cases; only whether it is additionally `git add`-ed and committed differs, so the 'untrusted' refusal in the RED case is triggered purely by the file being git-tracked, not by its mere presence on disk.
443dd826c31e5e95	packages/e2e/test/s08-transport-writedoor.e2e.test.ts	TRUE_GROUNDED	TRUE_GROUNDED	TRUE_GROUNDED	TRUE_GROUNDED	PULL_LADDER orders 'cli' as the LAST tier (the floor, tried only after sdk-mcp, registered-mcp, poke-as-file, and relay all fail), not the first-tried tier, and the test explicitly pins this ordering rather than just checking membership.
44c543cdc02df2eb	packages/cli/test/mine-contention-fixtures.ts	TRUE_GROUNDED	TRUE_GROUNDED	TRUE_GROUNDED	TRUE_GROUNDED	minePass never rejects its returned promise: a spawn or parse failure (no @@...@@ marker found in stdout) resolves with a PassReport carrying complete:false and a crashed message built from stderr/stdout, rather than throwing or rejecting.
44c566e7a28e6502	packages/e2e-blackbox/test/s22-scip-device-read.blackbox.test.ts	TRUE_GROUNDED	TRUE_GROUNDED	TRUE_GROUNDED	TRUE_GROUNDED	The whole S22 describe block is wrapped in describe.skipIf(!HAVE_DEV_ZERO), so on any platform where /dev/zero does not exist (e.g. Windows) the entire suite is skipped rather than run or failed.
473f2c8ac7de5802	packages/knowledge/src/read/relations.ts	TRUE_GROUNDED	TRUE_GROUNDED	TRUE_GROUNDED	TRUE_GROUNDED	relationsOf only attaches the `seal` property to a RelationEdge when the projection row's `seal` is a string; an unsealed relation row produces an edge object with the `seal` key omitted entirely rather than set to undefined or fabricated as 'proven'.
47babf99fd3065a4	packages/adapter-io/test/negation-door.test.ts	TRUE_GROUNDED	TRUE_GROUNDED	TRUE_GROUNDED	TRUE_GROUNDED	A caller located outside the negation's scope S (e.g. src/other.ts calling the target while the scope is src/pay) does not block admission of the negation, because the underScope containment check restricts which callers count as refuting witnesses.
48352460ca6d88dc	packages/e2e-blackbox/test/s25-sameas-retraction.blackbox.test.ts	TRUE_GROUNDED	TRUE_GROUNDED	TRUE_GROUNDED	TRUE_GROUNDED	a retraction is rendered by the CLI as `retracted: <a> ≢ <b>`, a distinct line and symbol from the `linked:` output used for assertions, so a human reading stdout cannot mistake a withdrawal for a new assertion.
49171db76de5089d	packages/knowledge/test/wp-5.15-know.tier-ratify.heldout.test.ts	TRUE_GROUNDED	TRUE_GROUNDED	TRUE_GROUNDED	TRUE_GROUNDED	init's skeleton territory view has no invariants property at all (Reflect.get returns undefined), not an empty array, so callers must check for the property's absence rather than its length.
49a7f2319e3f135c	packages/mcp-server/src/bin.ts	TRUE_GROUNDED	TRUE_GROUNDED	TRUE_GROUNDED	TRUE_GROUNDED	The startup IIFE is invoked with `void` and has no try/catch or .catch handler, so a rejection from initAst, composeRuntime, or server.start becomes an unhandled promise rejection rather than a caught, reported startup error.
4a28d0e3a2d2c231	packages/adapter-io/test/governed-promote.test.ts	TRUE_GROUNDED	TRUE_GROUNDED	TRUE_GROUNDED	TRUE_GROUNDED	Running promote a second time over the same still-staged, already-promoted row reports promoted:1 again rather than 0, because there is no marker tracking which staged rows were already promoted in a prior invocation — each call re-presents and re-ratifies the same staged candidates.
4a95051d4357c4e0	packages/index/src/symbol-reverse.ts	TRUE_GROUNDED	TRUE_GROUNDED	TRUE_GROUNDED	TRUE_GROUNDED	localDefs is rebuilt fresh for every document in the outer loop rather than accumulated globally, so a local-symbol definition in one document never suppresses the opaque-ref classification of a same-named local reference in a different document.
4ad12ebec955a92f	packages/adapter-io/src/governed-emit-address.ts	TRUE_GROUNDED	TRUE_GROUNDED	TRUE_GROUNDED	TRUE_GROUNDED	commitRefusalOf recognizes its two caught error kinds by two different mechanisms in the same function — `instanceof UnaddressableCasObjectError` for the first, but the structural predicate `isClosedSlotError` for the second — rather than using one consistent recognition strategy.
4b1f251cb597cf4e	packages/retrieval/src/offatlas.ts	TRUE_GROUNDED	TRUE_GROUNDED	TRUE_GROUNDED	TRUE_GROUNDED	crossesThreshold uses a strict greater-than comparison (rateOf(territory) > threshold), so a territory whose off-atlas rate is exactly equal to the threshold does NOT trigger the calibration prompt.
4bfa6cfe96783c14	packages/knowledge/test/fastpath-promotion-origin.test.ts	TRUE_GROUNDED	TRUE_GROUNDED	TRUE_GROUNDED	TRUE_GROUNDED	route treats an absent origin field identically to an explicit origin:'authored', producing the exact same routing decision for the same candidate and context in every case tested.
4c30ddade5031136	packages/persist/src/host-adapter.ts	TRUE_GROUNDED	TRUE_GROUNDED	TRUE_GROUNDED	TRUE_GROUNDED	readCommit's null check `trailer === null && note === null` only short-circuits when BOTH are absent, but deserializeDossier itself returns null whenever trailerText is null regardless of the note argument — so a commit with a note but no trailer still yields null, silently discarding the note's metering/knowledgeDelta overlay.
4c8085d50076cb70	packages/knowledge/src/write/link.ts	TRUE_GROUNDED	TRUE_GROUNDED	TRUE_GROUNDED	TRUE_GROUNDED	unlinkSameAs never removes the peer from a node's sameAs array — it only appends to sameAsRetracted alongside the untouched sameAs list, so after a retraction the node still names the peer in sameAs even though it is now also recorded as retracted.
4d0f16d29eb96184	packages/adapter-io/src/git-drift.ts	TRUE_GROUNDED	TRUE_GROUNDED	TRUE_GROUNDED	TRUE_GROUNDED	resolveMergeBase refuses any rev string starting with '-' before ever calling git, so that git cannot misread the revision as a command-line option (a check that costs nothing since no valid sha or refname begins with a dash).
4d67cc546b25b5b2	packages/e2e-blackbox/test/s4-drift.blackbox.test.ts	TRUE_GROUNDED	TRUE_GROUNDED	TRUE_GROUNDED	TRUE_GROUNDED	casSnapshot's readdirSync call is invoked with only {recursive: true} (no withFileTypes), so it already returns string[]; the subsequent .filter((n) => typeof n === 'string') is therefore a no-op against that call's actual return type.
4d9ef2b69811df9a	packages/kernel/test/arb.ts	TRUE_GROUNDED	TRUE_GROUNDED	TRUE_GROUNDED	TRUE_GROUNDED	reorder() reverses ALL object keys including the SIDE_INDEX names (grounding/status/freshness) that hasNfcKeyCollision deliberately excludes, so the two helper functions do not share the same key-filtering logic even though they operate on the same generated values.
4db8f3b7ac2b39e5	packages/e2e/test/s06-retrieval-budget.e2e.test.ts	FALSE	FALSE	FALSE	FALSE	The CAP-WINS test shows the advisory packer fills strictly in input order and stops permanently once the cap is hit: a large row placed before a tiny row that would still fit under the cap is excluded anyway, rather than the packer backfilling with the smaller item that fits (best-fit behavior).
4de6ef215d0e7e5d	packages/adapter-io/test/poke-file.test.ts	TRUE_GROUNDED	TRUE_GROUNDED	TRUE_GROUNDED	TRUE_GROUNDED	The canonical Pack preimage golden (G_PACK_CANONICAL) omits the `freshness` field from each invariant entirely, so materializePoke's on-disk bytes carry the invariant/advisory bands but not the per-row freshness verdict.
4edc4c022e5b1206	packages/cli/test/wp-9.x-compose-b.integration.test.ts	TRUE_GROUNDED	TRUE_GROUNDED	TRUE_GROUNDED	TRUE_GROUNDED	the `doctor hotset` command's exit code depends on whether a doctorSource is injected into main: it is 0 when doctorSource is present, but a non-zero code when it is absent, even though both calls target the same read-only command.
4f015721d9e0110c	packages/adapter-io/src/verify-fact-source.ts	TRUE_GROUNDED	TRUE_GROUNDED	TRUE_GROUNDED	TRUE_GROUNDED	The opts.exact flag in VerifyFactOpts is only read when kind is 'count'; for dependency, definition, and negation requests it is silently ignored regardless of what the caller passes.
4fed5b76e656b650	packages/e2e-blackbox/test/s31-negation.blackbox.test.ts	TRUE_GROUNDED	TRUE_GROUNDED	TRUE_GROUNDED	TRUE_GROUNDED	When a new file enters the negated scope and drifts the directory's Merkle hash, the negation record's identity survives: the read still returns exactly one line for the same target/scope pair (now marked DRIFTED) rather than orphaning the old record or duplicating a new one.
50cd1486433095eb	packages/index/src/unit-deps.ts	TRUE_GROUNDED	TRUE_GROUNDED	TRUE_GROUNDED	TRUE_GROUNDED	When two different cross-unit dependency symbols share the same terminal name within one unit, crossUnitDepMap picks between them using plain JavaScript string less-than comparison on the full resolved symbol string, not any locale-aware or semantic ordering.
50dfd5d1a2c61b88	packages/adapter-io/test/git-history-frontier-szz.test.ts	NOT_GROUNDED	NOT_GROUNDED	NOT_GROUNDED	NOT_GROUNDED	The frontier is ordered churn-descending then path-ascending, so among files tied on churn the tie is broken lexically by qualifiedPath, as pinned by the fileB.ts-before-fileC.ts expectation.
5107369ac1dfc21e	packages/tools/test/wp-6.19-tools.test.ts	TRUE_GROUNDED	TRUE_GROUNDED	TRUE_GROUNDED	TRUE_GROUNDED	The tier filter treats a whitespace-padded ' T0' and a lowercase 't0' as poison values to be dropped rather than normalizing/accepting them as T0, so the comparison is exact-string, not trimmed or case-insensitive.
526b985468cf4a3a	packages/persist/test/scrub-adjacent-store.test.ts	TRUE_GROUNDED	TRUE_GROUNDED	TRUE_GROUNDED	TRUE_GROUNDED	The test pins MAX_SEAM_CARRY to the exact value 74, so any change to the scrub seam's carry-window sizing that shifts this constant will fail this test even if redaction correctness is otherwise unaffected.
52a9669831fcbe0d	packages/knowledge/test/arch-9-10-authority.test.ts	TRUE_GROUNDED	TRUE_GROUNDED	TRUE_GROUNDED	TRUE_GROUNDED	A write request landing on a node that carries no tier field at all bypasses the governance-downgrade/relocation guard entirely, since the reducer can only derive authority from a class the existing resource actually declares.
53c3a214a0ba9590	packages/e2e-blackbox/test/s24-uncanonicalizable-row.blackbox.test.ts	NOT_GROUNDED	NOT_GROUNDED	TRUE_GROUNDED	NOT_GROUNDED	reasonOf compares only the substring before the first colon in the rejected reason for equality, deliberately avoiding a toContain/substring match, because refusal prose elsewhere in the codebase quotes other refusal-reason constants by name and would otherwise satisfy a substring check spuriously.
53cd58a06c277d2c	packages/cli/test/mine-slot-gating.test.ts	TRUE_GROUNDED	TRUE_GROUNDED	TRUE_GROUNDED	TRUE_GROUNDED	resolveProposer('/nonexistent-repo-for-slot-gate', ...) is used to test the throw on an unknown mining arm, proving the arm-name validation happens before any repo path or model config is read, since a nonexistent path is passed without causing a different error.
542db524386e8cb3	packages/e2e-blackbox/test/s15-freshness-watermark.blackbox.test.ts	TRUE_GROUNDED	TRUE_GROUNDED	TRUE_GROUNDED	TRUE_GROUNDED	The third `it` block (MCP door parity) never calls repo.commit itself; it relies on execution order, reusing the HEAD advance performed as a side effect inside the second `it` block, so running it in isolation would not reproduce the behind-HEAD state it asserts on.
54a8a01119a6e85c	packages/adapter-io/test/identity-goldens.test.ts	TRUE_GROUNDED	TRUE_GROUNDED	TRUE_GROUNDED	TRUE_GROUNDED	Every pinned-golden assertion passes the MIGRATION remediation string as a second argument directly to expect(), not to .toBe(), so the custom failure message is attached at the expect() call rather than at the matcher call.
55812c2b38e2e6f3	packages/e2e-blackbox/test/s28-own-briefing.blackbox.test.ts	TRUE_GROUNDED	TRUE_GROUNDED	TRUE_GROUNDED	TRUE_GROUNDED	The TOTAL test distinguishes two kinds of emptiness with different messages: a scope path that names no unit in the code index at all prints 'names no unit in the code index', while a real code unit that exists but has nothing filed under it prints 'NO fact is filed under it yet' and still shows its terrain.
55e283115a7aed1d	packages/adapter-io/test/git-history.test.ts	TRUE_GROUNDED	TRUE_GROUNDED	TRUE_GROUNDED	TRUE_GROUNDED	SCN-ADAPTER-8c's guarantee that ranking mints no fact is verified structurally by reading git-history.ts's own source and asserting its import lines contain no match for /knowledge|store|upsert/i, rather than by a runtime write-spy.
55e690153dc302db	packages/kernel/test/totality.test.ts	TRUE_GROUNDED	TRUE_GROUNDED	TRUE_GROUNDED	TRUE_GROUNDED	SCN-KERNEL-7a-1 creates one store and one log instance and reuses them across all 500 fast-check runs, whereas the separate PROP-KERNEL-7 test creates a fresh store and log inside the property function on every single run.
5625b5de59171263	packages/grounding/test/wp-4.10-d-grd.units.test.ts	TRUE_GROUNDED	TRUE_GROUNDED	TRUE_GROUNDED	TRUE_GROUNDED	Adding, changing, or removing a GroundingEntry's span field leaves the fact's id bit-identical, because the canonical preimage used for hashing does not include the span.
57610a725c0181c3	packages/tools/src/init.ts	TRUE_GROUNDED	TRUE_GROUNDED	TRUE_GROUNDED	TRUE_GROUNDED	RawTerritory is typed as Omit<Territory, 'tier'>, so the guarantee that the structural walk can never hand init() a tier above T2 is enforced by the type system itself (there is no tier field to read from raw at all), not merely by runtime discipline in createInit's mapping.
57658b6e76ea3d51	packages/adapter-io/test/skeleton-source.test.ts	TRUE_GROUNDED	TRUE_GROUNDED	TRUE_GROUNDED	TRUE_GROUNDED	createSkeletonSource takes an injectable revIndex option, and when the rev argument matches the resolved HEAD sha it takes a different working-tree code path (reading the SCIP dump) than when the rev is any other value (which routes through the injected revIndex.axesAt instead).
5775c0e65d3ad374	packages/adapter-io/test/scip-forgery-freshness.test.ts	TRUE_GROUNDED	TRUE_GROUNDED	TRUE_GROUNDED	TRUE_GROUNDED	readScipFromBytes derives the definition/reference role by bitwise-ANDing symbolRoles against 1 rather than checking equality, so any symbolRoles value with that low bit set (not just the exact Definition constant) is classified as a definition.
577cdb1e5a41ebff	packages/contracts/src/hash.ts	TRUE_GROUNDED	TRUE_GROUNDED	TRUE_GROUNDED	TRUE_GROUNDED	The Encoder interface's hash() method is typed to return only Hash, so nothing in this file provides a typed way to produce a SubtreeHash or NodeKey value through Encoder — those two brands must be minted by some other mechanism not declared here.
5814f205e529a422	packages/adapter-io/src/skeleton-source.ts	TRUE_GROUNDED	TRUE_GROUNDED	TRUE_GROUNDED	TRUE_GROUNDED	The skeleton memo key joins repo and rev with a literal NUL byte, not the two-character backslash-zero escape, because a repo path could legally contain the latter and would break injectivity of the join.
588225955141f534	packages/kernel/test/store.test.ts	TRUE_GROUNDED	TRUE_GROUNDED	TRUE_GROUNDED	TRUE_GROUNDED	store.put returns the empty string (not a hash digest, and never throws) for an object whose keys NFC-collide, and store.get('') then returns undefined, so such an object is rejected without ever being retrievable under any key.
5a3a2e1f60f2326a	packages/kernel/test/encoder.test.ts	TRUE_GROUNDED	TRUE_GROUNDED	TRUE_GROUNDED	TRUE_GROUNDED	SCN-KERNEL-2a-1 enforces the single-digest-seam invariant not through runtime behavior alone but by reading the raw source text of canonical.ts and index.ts off disk at test time and regex-matching for the literal strings blake3/sha256/createHash, failing if either file imports a digest primitive directly.
5b0fe1e6149fcf03	packages/adapter-io/test/symbol-frontier.test.ts	TRUE_GROUNDED	NOT_GROUNDED	TRUE_GROUNDED	TRUE_GROUNDED	rank()'s returned order keeps a nested unit (the arrow-function closure inside greet) immediately after its parent function and ahead of a sibling top-level unit (privateHelper), even though the closure itself carries no exported flag — nesting groups a unit with its parent rather than a flat exported-then-unexported sort applied uniformly across all units.
5b280663ef74655e	packages/persist/test/wp-7.32-persist.test.ts	TRUE_GROUNDED	TRUE_GROUNDED	TRUE_GROUNDED	TRUE_GROUNDED	The log() helper keys its Map by each event's id field (not contentHash or nodeKey), so two events sharing the same id in the same array would silently collide and the later one would overwrite the earlier one in the resulting EventLog.
5c2f238d5362836b	packages/tools/test/guard-fail-closed.test.ts	NOT_GROUNDED	TRUE_GROUNDED	NOT_GROUNDED	NOT_GROUNDED	nfcCollision's two assignments to o['café'] do not overwrite each other despite the identical source spelling, because the two string literals are different Unicode byte sequences (precomposed vs. combining accent), so the resulting object genuinely carries two distinct keys.
5c48f23abd468bb0	packages/adapter-io/test/commit-superseded.test.ts	TRUE_GROUNDED	TRUE_GROUNDED	TRUE_GROUNDED	TRUE_GROUNDED	A decision whose decide function returns { next: undefined } (a refusal) settles without ever writing a generation file, verified by readSidecarSet returning an undefined projection afterward — the commit protocol short-circuits before any publish for a no-op decision.
5cec9e482333046c	packages/adapter-io/test/store-provenance.test.ts	TRUE_GROUNDED	TRUE_GROUNDED	TRUE_GROUNDED	TRUE_GROUNDED	guarded.commitProjection returns a structured {settled:false, refusal:'untrusted'} object for a provenance-refused write, while guarded.persistProjection instead throws an error whose message matches /TRACKED BY GIT/, so the two write paths signal the same refusal through different mechanisms.
5e0118b14ec9fc2d	packages/adapter-io/test/doctor-source.test.ts	TRUE_GROUNDED	TRUE_GROUNDED	TRUE_GROUNDED	TRUE_GROUNDED	createRevIndex is invoked exactly once in this suite, after the v2 commit is made, and the resulting revIndex instance is reused across every drift/plan/lineage assertion rather than being rebuilt per test.
5e3d752bf5fa3266	packages/knowledge/test/wp-owner-not-required.test.ts	TRUE_GROUNDED	TRUE_GROUNDED	TRUE_GROUNDED	TRUE_GROUNDED	isScope validates only that its input is a non-empty string; it returns true even for a scope name that no policy has ever declared, so it carries no authorization information on its own.
5ee8f1e9b09dcb9c	packages/e2e-blackbox/test/s5-mcp-parity.blackbox.test.ts	TRUE_GROUNDED	TRUE_GROUNDED	TRUE_GROUNDED	TRUE_GROUNDED	The listTools() assertion checks the tool names with toEqual against a fixed ADVERTISED_TOOLS array, so the exact ORDER the MCP server advertises its seven tools in is pinned, not just their membership.
5efb2bc5b9eb0b92	packages/adapter-io/test/negation-proposer-bench.test.ts	TRUE_GROUNDED	TRUE_GROUNDED	TRUE_GROUNDED	TRUE_GROUNDED	parseProposals scans the model's reply for JSON-array-shaped substrings from the LAST match backward, and only falls back to an earlier match if a later one fails to parse or parses into zero usable {target,verdict} entries, rather than always taking the very last array in the text.
5f82c56295cd7510	packages/genesis/test/extract-answer-malformed.test.ts	TRUE_GROUNDED	TRUE_GROUNDED	TRUE_GROUNDED	TRUE_GROUNDED	The test uses a gate whose emit() throws unconditionally, so runExtract must never even call the gate when the proposer returns an { abstain } result — the malformed-answer path is proven to short-circuit before reaching admission, not merely to produce zero facts.
5fd7f07779f9af8f	packages/index/test/cas.heldout.test.ts	TRUE_GROUNDED	TRUE_GROUNDED	TRUE_GROUNDED	TRUE_GROUNDED	The dv and fv variables in the second drift test are computed by calling cas.checkDrift with literally identical arguments (oracle, grounding, after) — neither call references hDoc or hFact — so the `dv).toBe(fv)` assertion commented as "byte-identical routing across kinds" is trivially true rather than actually comparing the Doc's and the Fact's drift routing.
6085abacd41b6839	packages/knowledge/test/degenerate-anchor.test.ts	TRUE_GROUNDED	TRUE_GROUNDED	TRUE_GROUNDED	TRUE_GROUNDED	When a grounding mixes a directory-level file anchor and a symbol anchor (e.g. [file('src'), sym('src/a.ts::1:fn:f')]), the primaryAnchorId resolves to the symbol's qualifiedPath, not the file's, so a coarser file-level anchor present alongside a symbol anchor does not become or dilute the primary anchor.
6111a280b7269720	packages/e2e-blackbox/src/harness.ts	TRUE_GROUNDED	TRUE_GROUNDED	TRUE_GROUNDED	TRUE_GROUNDED	makeFixtureRepo writes a .gitignore excluding .atlas/* except policy.json and index.scip, so the durable store atlas emit writes is deliberately left untracked while the SCIP dump and policy stay committed.
612bbeb60a2bf4bc	packages/cli/test/doctor-provenance-total.test.ts	TRUE_GROUNDED	TRUE_GROUNDED	TRUE_GROUNDED	TRUE_GROUNDED	runDoctor is called for the `index` subcommand with its DoctorSource argument set to `undefined` and a third callback argument (`() => reportIndexPlan(repoPath!)`) supplied instead, showing that runDoctor accepts a distinct third parameter to serve `index` without requiring a DoctorSource at all.
61577953b9e7cfe2	packages/persist/src/placement.ts	TRUE_GROUNDED	TRUE_GROUNDED	TRUE_GROUNDED	TRUE_GROUNDED	readAfterBareClone checks the trailer for the key first and returns immediately if found, so if the same key exists in both the trailer and the note the trailer's value always wins and the note is never even consulted.
61781bd8ff372fb9	packages/kernel/test/heldout-krn.test.ts	TRUE_GROUNDED	TRUE_GROUNDED	TRUE_GROUNDED	TRUE_GROUNDED	The off-seam digest gate (SCN-KERNEL-2a-2) calls readdirSync(dir) without a recursive option, so it only scans top-level files directly under src/ and would miss a vendored digest placed in any subdirectory of src/.
617d422577301d04	packages/knowledge/src/write/relation-key.ts	TRUE_GROUNDED	TRUE_GROUNDED	TRUE_GROUNDED	TRUE_GROUNDED	relationKey hashes the endpoints in the order supplied without sorting them, so swapping a and b (with the same kind) produces a different NodeKey rather than colliding into the same relation identity.
61e28728d556112a	packages/kernel/src/jsonl.ts	TRUE_GROUNDED	TRUE_GROUNDED	TRUE_GROUNDED	TRUE_GROUNDED	lineMerge resolves an id collision between the two branches by first-seen-wins: it concatenates ours' parsed events before theirs' and only inserts an id into the map when absent, so if both sides carry an event with the same id, ours' copy is kept and theirs' is silently discarded.
6240e2d68043d2e1	packages/adapter-io/test/harness/git-sbx.smoke.test.ts	TRUE_GROUNDED	TRUE_GROUNDED	TRUE_GROUNDED	TRUE_GROUNDED	The final test asserts all four captured SHAs (mb, mainTip, topicTip, cGreet) are pairwise distinct, while separately asserting r0 equals mainTip exactly rather than being a fifth distinct value.
6241805cf41ddf7f	packages/kernel/test/heldout-krn-merge.test.ts	TRUE_GROUNDED	TRUE_GROUNDED	TRUE_GROUNDED	TRUE_GROUNDED	the counter-keyed-line teeth constructs its malformed event by spreading an already-valid Event and overwriting only its `id` field with a literal string, so isContentKeyed is shown to detect a corrupted id without any other field of the event needing to change.
6246f1ddd96e036e	packages/index/test/identity-goldens.test.ts	TRUE_GROUNDED	TRUE_GROUNDED	TRUE_GROUNDED	TRUE_GROUNDED	Building the same tree produces an identical subtreeHash for the territory root and the spatial root, because the axis name is not part of the node fold's hash preimage.
627d04b019939d50	packages/contracts/src/status.ts	TRUE_GROUNDED	TRUE_GROUNDED	TRUE_GROUNDED	TRUE_GROUNDED	The Status union mixes casing conventions: three of its four literal members ('HOLDS', 'BROKEN', 'NA') are uppercase while the fourth ('advisory') is lowercase, so a caller cannot pattern-match all Status values with a single case-normalization assumption.
634ec884181645a0	packages/persist/src/attach.ts	TRUE_GROUNDED	TRUE_GROUNDED	TRUE_GROUNDED	TRUE_GROUNDED	createAttach's attach() checks the returned hash with strict equality against the specific empty-string sentinel (hash === ''), not a general falsy/truthy check, so any other hash value the injected store might return - even an unusual but non-empty one - is accepted without being second-guessed.
6372d7eeab781fdf	packages/tools/test/wp-4.12-a-tools.test.ts	TRUE_GROUNDED	TRUE_GROUNDED	TRUE_GROUNDED	TRUE_GROUNDED	Even when --accept-reground is true, a mechanical fact is still surfaced in out.mechanical whether or not it was actually accepted for re-grounding, so regroundedCount alone (not membership in out.mechanical) distinguishes accepted from merely-classified-mechanical.
640f007ebd6acd4f	packages/memory/src/rules.ts	TRUE_GROUNDED	TRUE_GROUNDED	TRUE_GROUNDED	TRUE_GROUNDED	makeFrecencyApi's rank() uses each entry's full `rule` text as the RuleRecord id, so two ProjectMemoryEntry objects with identical rule text but different scopes would be treated as the same record identity in the ranking/eviction ledger lookups.
644557b9ac5c649f	packages/adapter-io/test/harness/recon-fixtures.ts	TRUE_GROUNDED	TRUE_GROUNDED	TRUE_GROUNDED	TRUE_GROUNDED	runLeg is typed and hardcoded to take a Fix (with factA/factB), so it cannot be called with the RenameFix or DupFix fixtures this same file also builds, even though all three exist to feed the same reconcile leg the file documents.
645a53aac2711355	packages/memory/src/awareness.ts	TRUE_GROUNDED	TRUE_GROUNDED	TRUE_GROUNDED	TRUE_GROUNDED	sourceKey uses the facet's own first grounding anchor's subtreeHash as its cache key when one exists, and falls back to hashing the whole entry only when the facet has no grounding anchor at all.
6591fce00805d919	packages/cli/test/mine-governance-seam.test.ts	NOT_GROUNDED	NOT_GROUNDED	TRUE_GROUNDED	NOT_GROUNDED	DiskStore's commitStaging and commitProjection methods share an identical enough type signature that the test can reassign `commitStaging: (d) => real.commitProjection(d)` on an object typed as DiskStore without any cast, meaning nothing in the store's own interface types distinguishes a staging commit from a projection commit.
6673e723f8a994bc	packages/adapter-io/test/fs.test.ts	TRUE_GROUNDED	TRUE_GROUNDED	TRUE_GROUNDED	TRUE_GROUNDED	walkFileTree silently skips a git-tracked file that has been deleted from the working tree (readFileSync ENOENT is swallowed) rather than throwing or aborting the whole walk, while its readable sibling files still appear in the result.
6782df502fd6830b	packages/tools/src/transport.ts	TRUE_GROUNDED	TRUE_GROUNDED	TRUE_GROUNDED	TRUE_GROUNDED	createTransport's resolve() implementation takes its seat and need parameters as _seat/_need (unused), so the returned Resolution never actually varies with the seat identity or the requested scope — only harness.canPropagateMcp affects the result.
67c2a67422e35c17	packages/knowledge/test/produce.know13.heldout.test.ts	TRUE_GROUNDED	TRUE_GROUNDED	TRUE_GROUNDED	TRUE_GROUNDED	hasWhyNot treats an empty string whyNot the same as a missing one (both fail the length>0 check), so the SCN-KNOW-13b-2 fixture's whyNot: '' is not a valid why-not and correctly still trips the violation.
67c49e0ffd0d93ad	packages/genesis/test/wp-8.27-gen.test.ts	TRUE_GROUNDED	TRUE_GROUNDED	TRUE_GROUNDED	TRUE_GROUNDED	The F1 test constructs a fixture where node-identity keys (nk-*) and content subtreeHashes (st-*) are deliberately distinct and the hub's subtreeHash is chosen to sort alphabetically LAST, specifically to prove rank() still places the most-referenced node first rather than burying it via an alphabetical tie-break bug.
686bd3e3d341692e	packages/index/test/territory.heldout.test.ts	TRUE_GROUNDED	TRUE_GROUNDED	TRUE_GROUNDED	TRUE_GROUNDED	reconcile assigns an owner even to a territory that the manifest's territories list omits entirely (only 'docs' is listed, yet 'http' still resolves an owner from blame), so manifest listing is not a precondition for ownership resolution.
68c7b499e66b8f60	packages/kernel/src/types.ts	TRUE_GROUNDED	TRUE_GROUNDED	TRUE_GROUNDED	TRUE_GROUNDED	ClaimEntry is declared as a bare type alias of Event (`export type ClaimEntry = Event`), not as its own interface, so code using ClaimEntry and code using Event operate on the identical type rather than two merely structurally-compatible ones.
695f4cecaa0bd2f8	packages/genesis/test/wp-8.30-gen.heldout.test.ts	TRUE_GROUNDED	TRUE_GROUNDED	TRUE_GROUNDED	TRUE_GROUNDED	makeRunController's genesis() does not throw even when the injected plan() function itself throws synchronously, not just when visit() fails per-site.
69693e5a7ea40052	packages/cli/test/mine-arms-backcompat.test.ts	TRUE_GROUNDED	TRUE_GROUNDED	TRUE_GROUNDED	TRUE_GROUNDED	The byte-identity assertion only compares stdout and exitCode between the two runMine calls, so any other field the returned result object might carry is not checked for equality by this test.
69735a6763fb79c1	packages/tools/test/wp-7.26-a-tools.test.ts	TRUE_GROUNDED	TRUE_GROUNDED	TRUE_GROUNDED	TRUE_GROUNDED	SCN-TOOLS-15a-1 tests append-only behavior specifically by attempting to reuse an EXISTING row's key with different value bytes (not a fresh forged key), confirming the same id(value)===key grounding check that refuses back-channel writes also blocks an attempted in-place overwrite of a prior row.
698fa3890b00c4fd	packages/e2e-blackbox/test/s20-committed-store-refusal.blackbox.test.ts	TRUE_GROUNDED	TRUE_GROUNDED	TRUE_GROUNDED	TRUE_GROUNDED	`atlas init` is asserted as the one command exempt from the untrusted-store refusal even when staging is tracked in git, so it still exits 0 over a repo whose every other command refuses.
69fdbb7fcc55a6c2	packages/adapter-io/src/governed-emit-reasons.ts	TRUE_GROUNDED	TRUE_GROUNDED	TRUE_GROUNDED	TRUE_GROUNDED	Three distinct constants — REJECTED_UNAUTHORIZED, REJECTED_UNAUTHORIZED_ANCHOR, and REJECTED_UNAUTHORIZED_TARGET — all begin with the word "unauthorized" but have three different discriminant prefixes before their first colon ("unauthorized", "unauthorized for anchor", "unauthorized for target"), so equality-on-discriminant matching can distinguish them even though a substring check on "unauthorized" could not.
6a7f7ad89478999b	packages/cli/src/doctor.ts	TRUE_GROUNDED	TRUE_GROUNDED	TRUE_GROUNDED	TRUE_GROUNDED	The 'index' subcommand is dispatched and can succeed even when no DoctorSource is wired at all, because its check-and-return happens before the `if (!source)` guard, so 'atlas doctor index' works independently of whether the read-only durable-store source was ever composed.
6aa2aaed6bae17fd	packages/grounding/src/emit-guard.ts	TRUE_GROUNDED	TRUE_GROUNDED	TRUE_GROUNDED	TRUE_GROUNDED	validateTemplate accepts any non-null, non-array object as a valid template regardless of which fields it contains — it performs no check for a required field set or a per-field cap.
6ac5fecc093a2bbc	packages/genesis/src/run-controller.ts	TRUE_GROUNDED	TRUE_GROUNDED	TRUE_GROUNDED	TRUE_GROUNDED	makeRunController tracks at most one in-flight run in a single closure variable `pending`, and calling `genesis()` again unconditionally overwrites it, so starting a second genesis run before resuming the first silently discards the first run's resume checkpoint with no guard or error.
6b8fa7175770f715	packages/grounding/test/wp-4.10-d-grd.heldout.test.ts	TRUE_GROUNDED	TRUE_GROUNDED	TRUE_GROUNDED	TRUE_GROUNDED	readSpan is refused even when the span's contentHash is swapped for a genuine digest minted from a completely different, unrelated file's bytes, showing the check compares the digest against the presented bytes rather than merely verifying the digest is well-formed or was legitimately produced by mintSpan.
6b930c9d82ed8693	packages/adapter-io/test/governed-link.test.ts	TRUE_GROUNDED	TRUE_GROUNDED	TRUE_GROUNDED	TRUE_GROUNDED	SCN-GL-9's link over an endpoint carrying an unrecognized tier value ('T3', outside the known tier set) is refused for a plain 'lead' ratifier but succeeds for 'billy', showing an unrecognized/garbage tier value is treated as the strictest class rather than ignored or defaulted permissively.
6bc7cd900075cdb3	packages/grounding/test/wp-4.11-a-grd.test.ts	TRUE_GROUNDED	TRUE_GROUNDED	TRUE_GROUNDED	TRUE_GROUNDED	The exhaustive law in SCN-GROUND-4-1 shows gateHolds requires freshness to be exactly FRESH to serve HOLDS: both DRIFTED and STALE downgrade to NA identically, even though the surrounding narrative only calls out drifted grounding.
6c2c24e237f31034	packages/knowledge/test/produce.know13.test.ts	TRUE_GROUNDED	TRUE_GROUNDED	TRUE_GROUNDED	TRUE_GROUNDED	sealProbe treats an explicitly present but empty-string whyNot the same as a missing one: { whyNot: '' } still records violation:true, so a caller that sets whyNot to '' to signal 'checked, nothing to report' is indistinguishable from never having set it at all.
6c40ca493f75a47f	packages/knowledge/src/index.ts	TRUE_GROUNDED	TRUE_GROUNDED	NOT_GROUNDED	TRUE_GROUNDED	isSemanticSlot is re-exported as a named VALUE export on its own line, placed before the `export type * from './types.js'` star, specifically so the star's type-only degradation does not demote this one value binding to a type-only reference.
6c8d18e198f03d52	packages/adapter-io/src/retrieval-model.ts	TRUE_GROUNDED	TRUE_GROUNDED	TRUE_GROUNDED	TRUE_GROUNDED	buildRetrievalModel's anchor-to-content-hash bridge appends every fact's contentHash to a per-anchor bucket rather than overwriting it, so a single anchor path backing multiple grounded facts contributes all of them to blastRadius, not just the most recently processed one.
6ca6f7369f5e3e48	packages/adapter-io/test/prompt.test.ts	TRUE_GROUNDED	TRUE_GROUNDED	TRUE_GROUNDED	TRUE_GROUNDED	Editing only the text inside the template's HTML justification comment changes createPromptFactory's digest even though the built prompt text sent to the model stays byte-identical.
6cf16647e1e5a1ca	packages/knowledge/src/ratify/fastpath.ts	TRUE_GROUNDED	TRUE_GROUNDED	TRUE_GROUNDED	TRUE_GROUNDED	isGrounded uses a strict typeof-string check on subtreeHash rather than coercing it to a string first, so a value like undefined or null (which would stringify to a non-empty string) is correctly rejected as not grounded instead of fail-open passing.
6d8a4137fcf01a6e	packages/adapter-io/test/escape-classifier.test.ts	TRUE_GROUNDED	TRUE_GROUNDED	TRUE_GROUNDED	TRUE_GROUNDED	The fixture exercises a DOUBLE cast (`asOperand as unknown as Foo`), not just a single `as`, and still asserts the operand is classified ESCAPE, so the escape classifier's as-expression rule is pinned to hold even when the value is chained through two casts.
7016fb2269514cf8	packages/adapter-io/test/negation-authz-scope-split.test.ts	TRUE_GROUNDED	TRUE_GROUNDED	TRUE_GROUNDED	TRUE_GROUNDED	negationFact() uses a conditional spread to OMIT the authzScope property entirely when opts.authzScope is undefined, rather than setting the key to an explicit undefined value, so the pre-split fixture objects have no `authzScope` key at all (not merely a falsy one).
711b86e378553f17	packages/kernel/src/canonical.ts	TRUE_GROUNDED	TRUE_GROUNDED	TRUE_GROUNDED	TRUE_GROUNDED	The SIDE_INDEX key filter is applied inside the recursive serialize() call itself, so a nested object anywhere in the tree that happens to have a 'grounding', 'status', or 'freshness' key gets that key stripped too, not only the top-level CasObject's own fields.
7144205cfb621450	packages/e2e-blackbox/test/s26-doctor-index.blackbox.test.ts	TRUE_GROUNDED	TRUE_GROUNDED	TRUE_GROUNDED	TRUE_GROUNDED	A tracked file whose language has no configured indexer at all (like a markdown file) produces neither a planned-language line nor an honest-hole line in the doctor output — it is simply omitted.
715338f23b8e060a	packages/knowledge/test/reconcile.know5.heldout.test.ts	TRUE_GROUNDED	TRUE_GROUNDED	TRUE_GROUNDED	TRUE_GROUNDED	reconcile's mechanical/semantic split is order-independent: the test deliberately interleaves mechanical and semantic drifted facts in `all9` (m1,s1,m2,s2,...) rather than grouping them, and the split still comes back correctly partitioned and covering all nine ids.
71a6443d0aa8afaa	packages/adapter-io/test/support/bench-scorer.ts	TRUE_GROUNDED	TRUE_GROUNDED	TRUE_GROUNDED	TRUE_GROUNDED	The groundable check `o.admitted || !o.anchorFailed` relies on short-circuit evaluation: when o.admitted is true the right-hand `o.anchorFailed` access is never reached, which is necessary because the Outcome union only carries an anchorFailed field on the admitted:false branch.
71c230dbf54468cd	packages/genesis/test/seeds-qualified-path.test.ts	TRUE_GROUNDED	TRUE_GROUNDED	TRUE_GROUNDED	TRUE_GROUNDED	createMine's onSeedsDropped observer fires exactly once per mine() pass (dropped equals [1], not [1,1]) even though the test reads both the mined candidate list and its qualifiedPaths afterward, confirming the structural fallback frontier is built once per pass rather than recomputed separately for seeds vs. candidates.
7218d2528f1e8372	packages/adapter-io/src/sidecar.ts	TRUE_GROUNDED	TRUE_GROUNDED	TRUE_GROUNDED	TRUE_GROUNDED	listGenerations sorts primarily by generation number descending, but when two on-disk filenames parse to the same number it breaks the tie by placing the lexicographically SMALLER filename first, the opposite direction from the primary sort.
72ae43108ff79b1c	packages/adapter-io/test/governed-emit.test.ts	TRUE_GROUNDED	TRUE_GROUNDED	TRUE_GROUNDED	TRUE_GROUNDED	The operator emit door's seal-stripping is value-agnostic: it strips a forged seal:'proven' (SCN-GE-3-seal) and equally strips a forged seal:'justified' (A1-forgery) from the durable row, and an authored UPDATE over a previously-promoted node also drops the incumbent's proven seal rather than inheriting it through the reducer's spread of prior fields.
72bb552192ae3c30	packages/adapter-io/src/unit-count-candidates.ts	TRUE_GROUNDED	TRUE_GROUNDED	TRUE_GROUNDED	TRUE_GROUNDED	filePathOf resolves the file portion of a qualifiedPath by splitting at the FIRST '::' occurrence, so a qualifiedPath containing more than one '::' separator would have everything after the first one, including any subsequent '::' segments, treated as part of the discarded suffix rather than the file path.
7305c9c45178eff9	packages/adapter-io/src/governed-emit.ts	TRUE_GROUNDED	TRUE_GROUNDED	TRUE_GROUNDED	TRUE_GROUNDED	The commit-refusal ternary at the end of emit() only explicitly discriminates 'contended' and 'untrusted'; any other committed.refusal value (including a value the CommitRefusal type does not name) falls through to REJECTED_UNREADABLE_STORE by default.
737f5feaa0186a7e	packages/genesis/test/admit-harness.count-leg.test.ts	TRUE_GROUNDED	TRUE_GROUNDED	TRUE_GROUNDED	TRUE_GROUNDED	atLeast values of 0 and -1 are rejected by the same malformed-input check as 1.5, NaN, and Infinity, so the count gate treats any non-positive integer as malformed exactly like a non-integer, and in every case the oracle is never consulted.
73d9ba9ea4eb1dcc	packages/knowledge/src/read/subsumes.ts	TRUE_GROUNDED	TRUE_GROUNDED	TRUE_GROUNDED	TRUE_GROUNDED	deriveSubsumes never explicitly excludes a node paired with itself; self-pairs are eliminated only as a side effect of requiring the broader anchor's segment count to be strictly less than the narrower's.
74757af5e070efc1	packages/cli/test/wp-96-r-relation-e2e.test.ts	TRUE_GROUNDED	TRUE_GROUNDED	TRUE_GROUNDED	TRUE_GROUNDED	relationsOf is strictly directional and not auto-mirrored: querying the subject endpoint with direction 'in' or the object endpoint with direction 'out' both return zero edges, even though the same edge resolves correctly for the matching directions.
75ac438a35b72926	packages/memory/src/respawn.ts	TRUE_GROUNDED	TRUE_GROUNDED	TRUE_GROUNDED	TRUE_GROUNDED	spawnRecall throws an Error rather than returning an empty or default ClosingFold when the archive has no fold matching both the requesting seat as owner and the exact resumed unit kind+id, so a re-spawn onto an unrecognized unit fails loudly instead of silently starting with blank retry context.
76342a6325607e3c	packages/knowledge/test/relation-key.test.ts	FALSE	TRUE_GROUNDED	TRUE_GROUNDED	TRUE_GROUNDED	A relation nodeKey hit routes to UPDATE (set-union of claims) rather than SUPERSEDE, unlike a predicate nodeKey hit with a differing check which routes to SUPERSEDE, because a relation carries no `check` field to compare.
76508a0868a0dd5c	packages/knowledge/test/hits.know17.heldout.test.ts	TRUE_GROUNDED	TRUE_GROUNDED	NOT_GROUNDED	TRUE_GROUNDED	hits.decay re-reads the served set live on each call rather than snapshotting it once at bindHits construction: the test mutates the pack via p.set([Q]) between two decay() calls and the second call's result reflects that later mutation.
771f86d9db00f7b9	packages/knowledge/test/wp-sameas.test.ts	TRUE_GROUNDED	TRUE_GROUNDED	TRUE_GROUNDED	TRUE_GROUNDED	SCN-SA-4 shows sameAsClassOf can merge two live nodes (kA, kB) into one governance class even though neither names the other and deriveSameAs finds no relation between them at all — the bridge is solely a shared non-current peer key (kRETIRED) that each names independently.
775a51bad6e8f38f	packages/cli/test/mine-proposer-identity.test.ts	TRUE_GROUNDED	TRUE_GROUNDED	TRUE_GROUNDED	TRUE_GROUNDED	resolveProposer's modelIdentity never contains a fabricated version number: when the --version probe cannot be read (e.g. a nonexistent binary), the identity string explicitly says the probe failed instead of inventing a version.
77bda72dc9eff43c	packages/tools/src/guard.ts	TRUE_GROUNDED	TRUE_GROUNDED	TRUE_GROUNDED	TRUE_GROUNDED	createGovernedStore's write() returns the same admitted:true verdict whether the row's key was newly inserted into the medium or already present (in which case the Map.set is skipped entirely), so the caller cannot distinguish a fresh write from a no-op re-emit from the verdict alone.
780467b4cf057aeb	packages/retrieval/src/own.ts	TRUE_GROUNDED	TRUE_GROUNDED	TRUE_GROUNDED	TRUE_GROUNDED	Unlike the invariants/gotchas/manifest loops above it, which keep trying later (possibly smaller) candidates after one fails to fit, the advisory band's fill loop sets a permanent advisoryCapped flag on the first miss and skips every subsequent candidate regardless of whether it would individually fit.
7817262420996710	packages/adapter-io/src/governed-emit-incumbent.ts	TRUE_GROUNDED	TRUE_GROUNDED	TRUE_GROUNDED	TRUE_GROUNDED	the relocation gate check `node.scope !== stored.scope` compares the incoming write's declared scope against `stored.scope` (the CAS bytes), not against `rowScope`/`authorityScope`, so relocation is checked against the authenticated bytes even on the carrier-less legacy row path where authority itself was derived from those same bytes.
789fb7c387d46aee	packages/e2e-blackbox/test/s26-watermark-laundering.blackbox.test.ts	TRUE_GROUNDED	TRUE_GROUNDED	TRUE_GROUNDED	TRUE_GROUNDED	The back-compat test strips derivedAt from every row of every file on disk whose name starts with 'projection' and ends with '.json', not just the single mirror file, so the durable store can be spread across multiple physical files that all must be downgraded together.
78af568f6f13ce39	packages/retrieval/test/wp-6.21-retr.poke.test.ts	NOT_GROUNDED	NOT_GROUNDED	NOT_GROUNDED	NOT_GROUNDED	packToolName derives the pack name from only the LAST path segment (e.g. 'file:billing/charge' -> 'own_charge', 'file:billing/refund' -> 'own_refund'), discarding the directory prefix rather than encoding the full scope path.
79a482cee88229ff	packages/tools/src/push.ts	TRUE_GROUNDED	TRUE_GROUNDED	TRUE_GROUNDED	TRUE_GROUNDED	pullOptimize falls back to the push materialize() path whenever opts.pull is undefined, even if harness.nativePull reports 'available' — both conditions in the ternary must hold for the native pull port to actually be invoked.
7a475379465caaf6	packages/tools/test/wp-7.32-tools.test.ts	TRUE_GROUNDED	TRUE_GROUNDED	TRUE_GROUNDED	TRUE_GROUNDED	the read-only guarantee on the diff handle is verified by asserting five specific method names (write, apply, applyInto, set, put) are all undefined on the returned object at runtime, rather than by any type-level check.
7a7d1281bd9c3db2	packages/adapter-io/src/governed-emit-identity.ts	TRUE_GROUNDED	TRUE_GROUNDED	TRUE_GROUNDED	TRUE_GROUNDED	relationWitnessTrusted requires the witness's relationKind to equal both the literal string 'depends-on' AND the relation node's own relationKind field, so it also rejects a witness claiming depends-on when the node itself declares a different relationKind.
7c638a81e5723003	packages/adapter-io/src/git-history.ts	TRUE_GROUNDED	TRUE_GROUNDED	TRUE_GROUNDED	TRUE_GROUNDED	Within signalsMemo, the `messages` array is left in raw git-log order and never sorted, while the sibling `owners` and `coChanged` arrays computed in the same function are explicitly sorted with byPath, so signals() mixes a sorted and an unsorted list in the same returned object.
7c970f181fbec61b	packages/knowledge/src/write/negation-key.ts	TRUE_GROUNDED	TRUE_GROUNDED	TRUE_GROUNDED	TRUE_GROUNDED	negationKey hashes a canonical object with the field names neg/t/s (not the relationKind/target/scope names themselves), so the preimage's own key set is what keeps it from colliding with any other hash that happened to canonicalize the same three values under different field labels.
7cdf3d8dbc065a84	packages/cli/test/mine-arms-union.test.ts	TRUE_GROUNDED	TRUE_GROUNDED	TRUE_GROUNDED	TRUE_GROUNDED	The union of arms is keyed by fact id in a Map before classification, so if two arms happened to seed facts sharing the same id, only one would survive into the final advisory/dependency/count split rather than both being counted.
7d8b2d36d22a5cf9	packages/retrieval/src/index.ts	TRUE_GROUNDED	TRUE_GROUNDED	TRUE_GROUNDED	TRUE_GROUNDED	The barrel re-exports types.js with the type-only `export type *` form while every runtime module (relate/pack/own/poke/drop/ledger/offatlas) uses the value form `export *`, so types.ts is the only re-export guaranteed to contribute zero runtime code to the bundle.
7def3156e0ea04f2	packages/persist/src/transcript-store.ts	TRUE_GROUNDED	TRUE_GROUNDED	TRUE_GROUNDED	TRUE_GROUNDED	createTranscriptStore's put() calls scrub(body) fresh on each invocation with no carried state between calls (no seam buffer in the closure), so a credential whose bytes are split across two separate put() calls on the same logical transcript is not redacted, since neither call alone sees the full credential.
7f5c95043dd16726	packages/mcp-server/test/wp-9.4.7-mcp.test.ts	NOT_GROUNDED	NOT_GROUNDED	NOT_GROUNDED	NOT_GROUNDED	The advertised GOVERNANCE_SURFACE has exactly five tool names, with the governed atlas-link door asserted as the fifth advertised tool alongside init/query/emit/reconcile.
7fbc74eee67c83a9	packages/adapter-io/src/git-forge.ts	TRUE_GROUNDED	TRUE_GROUNDED	TRUE_GROUNDED	TRUE_GROUNDED	writeCommit throws an Error instead of writing anything if the given `sha` is not the repository's current HEAD, so it can only attach a trailer to the tip commit and cannot amend an arbitrary historical commit.
80f79745256716b0	packages/cli/src/mine-staging.ts	TRUE_GROUNDED	TRUE_GROUNDED	TRUE_GROUNDED	TRUE_GROUNDED	The 'untrusted' staging-refusal text instructs the operator to run `git rm --cached -r .atlas` and add `.atlas/*` to `.gitignore` as the remedy, rather than simply saying the store is git-tracked.
813e8427e01799e0	packages/e2e-blackbox/test/s25-model-reachability.blackbox.test.ts	TRUE_GROUNDED	TRUE_GROUNDED	TRUE_GROUNDED	TRUE_GROUNDED	The stand-in model process is made to echo a markdown-fenced 'atlas-fact' code block containing a JSON object with a claim key, rather than raw claim text, so the pipeline under test parses proposals out of that fenced-JSON wrapper format.
8192a816a14e0a55	packages/e2e-blackbox/test/s12-grounding-kinds.blackbox.test.ts	NOT_GROUNDED	NOT_GROUNDED	NOT_GROUNDED	NOT_GROUNDED	In this suite, dropping a fact's symbol anchor and grounding it only at a file changes its computed nodeKey even when slot and claim text stay identical, because primaryAnchorId falls back to the first grounding entry's path (the file) when no symbol anchor is present.
81a0b01d9a2ff082	packages/cli/src/render.ts	TRUE_GROUNDED	TRUE_GROUNDED	TRUE_GROUNDED	TRUE_GROUNDED	renderData renders an InvRow's missing freshness field as the literal string '?' rather than defaulting to 'FRESH', because rendering an absent verdict as FRESH would falsely read as a verification that had actually happened.
81bd1bde8d52bc59	packages/adapter-io/test/harness/git-sbx.ts	TRUE_GROUNDED	TRUE_GROUNDED	TRUE_GROUNDED	TRUE_GROUNDED	makeGitSbx never checks out 'main' after branching except to write the shared service.py bump (SERVICE_X), so main's src/util.ts is never rewritten past the mb commit and stays at greet's original body.
8208b764ea4bbac0	packages/index/src/unit-exports.ts	TRUE_GROUNDED	TRUE_GROUNDED	TRUE_GROUNDED	TRUE_GROUNDED	commonSegmentPrefix returns the empty string both when it is given zero paths and when the given paths diverge already at their first segment, so an empty-string result alone cannot distinguish 'no callers at all' from 'callers whose common scope is the whole repo'.
828215358d7b2679	packages/adapter-io/test/identity-schema.test.ts	TRUE_GROUNDED	TRUE_GROUNDED	TRUE_GROUNDED	TRUE_GROUNDED	When the current sidecar generation file is corrupt and readSidecarSet falls back to an older generation, it reports that older generation's own identity verdict rather than treating the corrupt head as unstamped or current.
82d52cc7370081eb	packages/kernel/test/heldout-krn-event.test.ts	TRUE_GROUNDED	TRUE_GROUNDED	TRUE_GROUNDED	TRUE_GROUNDED	The test helper logOf keeps only the FIRST event when two supplied events share the same id, silently discarding any later ones with the same id rather than overwriting or merging them.
83511ebbbf24fbd9	packages/adapter-io/test/harness/fix-scip.ts	TRUE_GROUNDED	TRUE_GROUNDED	TRUE_GROUNDED	TRUE_GROUNDED	makeFixScip encodes a 'reference' occurrence not with a named SymbolRole constant but with the bare literal `symbolRoles: 0`, while a 'definition' occurrence uses the named `SymbolRole.Definition` constant, so reference-ness is represented as the protobuf field's zero/absent value rather than an explicit role.
837059391d9c367f	packages/genesis/test/admit-harness.witness.test.ts	TRUE_GROUNDED	TRUE_GROUNDED	TRUE_GROUNDED	TRUE_GROUNDED	For the dependency arm the harness stores a synthesized claimNorm sentence that always describes a REFERENCE ('references'), never the word 'calls', even though the model's own proposal claimed the opposite relationship.
83d95263e1cc6c58	packages/tools/src/handler.ts	TRUE_GROUNDED	TRUE_GROUNDED	TRUE_GROUNDED	TRUE_GROUNDED	SCHEMA_OFF_SURFACE is the only schema in this module that omits `additionalProperties: false` — every one of the five real SCHEMAS entries sets it, but the off-surface fallback only declares `type: 'object'` with no property closure at all.
83ecaa8595593523	packages/index/src/depgraph.ts	TRUE_GROUNDED	TRUE_GROUNDED	TRUE_GROUNDED	TRUE_GROUNDED	The scope checked for unresolved edges includes the origin node itself (not just its reverse-closure members), so a node with zero dependents but its own unresolved outgoing edge still flags underApprox:true and pulls in its coChanged band, even though the origin is excluded from the returned closure array.
83fb717384413d09	packages/persist/src/index.ts	NOT_GROUNDED	FALSE	TRUE_GROUNDED	UNSURE	Unlike every other module in this barrel which is re-exported with `export *`, source.js is re-exported by naming only its specific runtime functions and the PortableSource/SourceApi types, so its Home/Placement/Source model stays unexported.
8401ea0669bd7d07	packages/persist/test/reinvoke.test.ts	FALSE	FALSE	NOT_GROUNDED	FALSE	The reinvoke module's exported surface, checked via Object.keys(reinvoke), consists of exactly redispatch and replay — no member whose name matches /resume|continuefrom|resumeat|continue_from|resume_at/i exists on it.
844b41dd7d09cb46	packages/adapter-io/test/promotion-ratify-context.test.ts	TRUE_GROUNDED	TRUE_GROUNDED	TRUE_GROUNDED	TRUE_GROUNDED	Explicitly passing origin:'authored' to ratifyCtxFor routes the mined candidate identically (auto-accept) to passing no origin argument at all, so the two are pinned as equivalent rather than 'authored' being treated as some third distinct origin state.
845ff3467666e39e	packages/index/src/rollup.ts	TRUE_GROUNDED	TRUE_GROUNDED	TRUE_GROUNDED	TRUE_GROUNDED	childName falls back to the child's FULL key (not a relative name) whenever the child's key does not start with the parent's key, so a node whose id scheme does not literally prefix its children's keys with its own key folds those children under their absolute key rather than a short relative name.
854c472836e83fc3	packages/kernel/src/index.ts	TRUE_GROUNDED	TRUE_GROUNDED	TRUE_GROUNDED	TRUE_GROUNDED	Unlike every other module in this barrel, which is re-exported with a wildcard `export *`, brand.js is re-exported through an explicit named list of exactly three bindings (asHash, asSubtreeHash, asNodeKey).
855b93400da33522	packages/cli/test/mine-provable-frontier-proposer.test.ts	TRUE_GROUNDED	TRUE_GROUNDED	TRUE_GROUNDED	TRUE_GROUNDED	For the same 3-file fixture, the dependency and count arms mark opposite files as provable: consumer.ts is provable under dependency but not count, while lib.ts is provable under count but not dependency, so switching ATLAS_MINE_SLOT changes which sites the reorder favors rather than merely widening or narrowing the same set.
85717a24e07b67bd	packages/cli/test/mine-gate-shape-dispatch.test.ts	TRUE_GROUNDED	TRUE_GROUNDED	TRUE_GROUNDED	TRUE_GROUNDED	The negation-seed test asserts the admitted negation candidate's grounding.entries array has length 0 at admit time, meaning the gate mints the negation's identity and target/scope before any grounding entries are attached to it.
8595103769a1da76	packages/index/src/ownership.ts	TRUE_GROUNDED	TRUE_GROUNDED	TRUE_GROUNDED	TRUE_GROUNDED	generatedOwner takes a `graph` parameter but immediately discards it with `void graph`, so the owner it computes depends only on the blame tally and is completely unaffected by the structural depends-on graph passed in.
85ca89b10d2d8fc2	packages/mcp-server/test/relations-mcp.test.ts	TRUE_GROUNDED	TRUE_GROUNDED	TRUE_GROUNDED	TRUE_GROUNDED	when callTool is invoked for RELATIONS_TOOL with no leg argument at all, it falls straight through to the injected fakeHandler rather than being specially intercepted, so its error text is the handler's generic 'off-surface' rejection rather than any relations-specific message.
85ec7e76348f874b	packages/adapter-io/test/git-history-memo.test.ts	TRUE_GROUNDED	TRUE_GROUNDED	TRUE_GROUNDED	TRUE_GROUNDED	The blameCalls helper filters the git spy's recorded calls down to only those whose second argument array contains 'blame', so the subprocess count assertions ignore any other memoized git commands invoked during the same test.
868b1578d78bc55b	packages/tools/test/wp-7.26-b-tools.test.ts	TRUE_GROUNDED	TRUE_GROUNDED	TRUE_GROUNDED	TRUE_GROUNDED	The financeIndex test double resolves territory by splitting the scope on '/' and checking for an exact path-segment match against 'finance', so a scope containing 'finance' only as a substring of a longer segment (e.g. 'nonfinance') would fall through to the 'root/' territory rather than matching.
869201cf8f8b0ffc	packages/adapter-io/src/unit-source.ts	TRUE_GROUNDED	TRUE_GROUNDED	TRUE_GROUNDED	TRUE_GROUNDED	IDENT_RE matches any bare identifier token by name, so the sibling BFS in createUnitSiblingReader can pull in an unrelated same-file unit merely because its leaf name happens to appear as a substring identifier somewhere in an included unit's text, without verifying it is actually referenced as that symbol.
87b13dfa0feac651	packages/genesis/test/unit-frontier.test.ts	TRUE_GROUNDED	TRUE_GROUNDED	TRUE_GROUNDED	TRUE_GROUNDED	The antisymmetry check adds Math.sign(compareSiteOrder(a,b)) and Math.sign(compareSiteOrder(b,a)) rather than comparing one to the negation of the other, specifically to avoid a false failure from Math.sign(0) returning +0 while its arithmetic negation would be -0 (values Object.is distinguishes).
88bcb2ab3c7f332c	packages/adapter-io/test/compose.test.ts	TRUE_GROUNDED	TRUE_GROUNDED	TRUE_GROUNDED	TRUE_GROUNDED	When ATLAS_ACTOR is set in the environment it takes priority over the repo's local git user.email even when the two identities are members of different policy scopes, so setting ATLAS_ACTOR always silences whatever git config the repo carries rather than the two being merged or git winning as the more specific source.
88fade4735a6259f	packages/adapter-io/test/llm-answer-provenance.test.ts	TRUE_GROUNDED	TRUE_GROUNDED	TRUE_GROUNDED	TRUE_GROUNDED	When a proposer's claim carries no rawAnswer, the returned proposal object omits the rawAnswer field entirely rather than setting it to undefined, verified via not.toHaveProperty rather than a value check.
893515eb42a15cf7	packages/adapter-io/test/door-regression-malformed-check-shape.test.ts	TRUE_GROUNDED	TRUE_GROUNDED	TRUE_GROUNDED	TRUE_GROUNDED	predicateWith builds its payload as an untyped `raw` object and forces it to GroundedFact via a double cast (`as unknown as GroundedFact`), so every malformed `check` shape in this file's test cases bypasses TypeScript's structural checking entirely rather than being narrowed by the GroundedFact union.
8978b95debdf5c44	packages/persist/src/metering.ts	TRUE_GROUNDED	TRUE_GROUNDED	TRUE_GROUNDED	TRUE_GROUNDED	When the wp carries no valid string transcriptSha, meter() defaults it to asHash(''), the sealed hash digest of the empty string, rather than a literal empty string or some other sentinel value.
89e1dd1862a1bf18	packages/adapter-io/test/governance-carrier-controls.test.ts	TRUE_GROUNDED	TRUE_GROUNDED	TRUE_GROUNDED	TRUE_GROUNDED	CARRIER-3 pins that changing a fact's scope and tier (core/T2 to other/T0) while keeping the same anchor and claimNorm leaves keyOf() unchanged (the same nodeKey) while the content id() digest differs, confirming scope/tier are excluded from the node-identity preimage but included in the content-address preimage.
8a17b5eef693e18e	packages/adapter-io/test/wire-scip-guard.test.ts	TRUE_GROUNDED	TRUE_GROUNDED	TRUE_GROUNDED	TRUE_GROUNDED	The TEETH test does not actually revert assembleHandler and re-run it against the missing path; it instead calls readScip directly on the missing path as a stand-in proof that the unguarded call would throw.
8a37918c13637de2	packages/adapter-io/src/read-access.ts	TRUE_GROUNDED	TRUE_GROUNDED	TRUE_GROUNDED	TRUE_GROUNDED	buildProvable's filtered DiskStore uses two separately-built Sets from the same re-proven pairs: `get` is gated on reProvenContentHashes while `loadProjection`'s current-map filter is gated on reProvenNodeKeys, so the CAS-read leg and the projection-read leg are filtered by different keys rather than sharing one membership check.
8b18c1f4e2037bed	packages/adapter-io/test/wire-query-envelope.test.ts	NOT_GROUNDED	NOT_GROUNDED	TRUE_GROUNDED	NOT_GROUNDED	The second test proves the query result's subsumes list is filtered by the query's own scope even though deriveSubsumes itself would still relate an out-of-scope module/function pair: facts anchored under 'api' produce no subsumes edge and no pack invariant when the query scope is 'src'.
8b6f05c9adb832fe	packages/e2e-blackbox/test/s11-predicate-lineage.blackbox.test.ts	TRUE_GROUNDED	TRUE_GROUNDED	TRUE_GROUNDED	TRUE_GROUNDED	P1 and P2 are constructed with check bodies that differ only in surrounding whitespace (CHECK1 vs CHECK2), and the test asserts P2.id equals P1.id exactly, confirming nodeKey identity is computed from the normalized check rather than the raw expr string.
8bae477060d05701	packages/cli/test/skel-mine-default-skeleton.test.ts	TRUE_GROUNDED	TRUE_GROUNDED	TRUE_GROUNDED	TRUE_GROUNDED	in case 3, the hand-built store stub implements put, get, persistProjection, loadProjection, commitProjection, and commitStaging but has no upsert method, and the whole object is forced through an `as unknown as MineDeps` cast rather than satisfying the MineDeps type on its own.
8da0f36f5561fd03	packages/genesis/test/admit-harness.no-fabricated-check.test.ts	TRUE_GROUNDED	TRUE_GROUNDED	TRUE_GROUNDED	TRUE_GROUNDED	The sound-oracle arm's emitted advisory node still carries a 'proven' seal even though it has neither a 'check' nor a 'status' field, so 'seal' is populated independently of whether the node carries a checkable predicate.
8e015a6fd3a3c816	packages/genesis/src/verify-fact.test.ts	TRUE_GROUNDED	TRUE_GROUNDED	TRUE_GROUNDED	TRUE_GROUNDED	verifyDependency never returns a 'refuted' verdict in this suite: every case where no in-scope caller is found or the target/world is problematic resolves to 'abstain' with a specific reason, never a proven-false result.
8e0973c0b716766b	packages/grounding/src/drift.ts	TRUE_GROUNDED	TRUE_GROUNDED	TRUE_GROUNDED	TRUE_GROUNDED	resolveCurrent only scans src.spatial and src.territory for a matching qualifiedPath; it never scans a src.dependency root, so a grounding anchor whose key exists only in the dependency axis will unconditionally resolve to undefined.
8e8604c2f1e81d95	packages/adapter-io/test/governed-link-support.ts	TRUE_GROUNDED	TRUE_GROUNDED	TRUE_GROUNDED	TRUE_GROUNDED	blindTo simulates a partial CAS restore by pruning only specific hashes from `get`, while `put` still writes new objects normally, so a caller can test a store that is missing SOME objects but can still accept fresh writes.
8ea3ade5777257b6	packages/cli/test/resolve-mine-slots.test.ts	TRUE_GROUNDED	TRUE_GROUNDED	TRUE_GROUNDED	TRUE_GROUNDED	The singular resolveMineSlot's unset default ('advisory') matches exactly the first element of the plural resolveMineSlots' unset default array (['advisory','dependency','count']), so the two independently-tested defaults are consistent with each other rather than diverging.
8ecb7c3d16a69efa	packages/persist/test/reinvoke.heldout.test.ts	TRUE_GROUNDED	TRUE_GROUNDED	TRUE_GROUNDED	TRUE_GROUNDED	This file imports reinvoke.ts twice — once by named import (redispatch, replay) and once as a namespace (import * as reinvoke) — specifically so the alias-absence test can enumerate Object.keys(reinvoke) at runtime and catch any additional export the file's own named imports would silently ignore.
8ef7fff468fc8e96	packages/genesis/test/wp-8.28-b-gen.heldout.test.ts	TRUE_GROUNDED	TRUE_GROUNDED	TRUE_GROUNDED	TRUE_GROUNDED	When a predicate proposal's slot is type-expressible (soundOracle.expressible returns true) so admit routes through typeOracle.diagnose instead of predicate.synthesize, the resulting admitted fact still comes back as kind:'advisory' with neither a `check` nor a `status` field, even though the input was a PredicateProposal.
8f1d8b1938ef4134	packages/cli/test/wp-96-predicate-e2e.test.ts	TRUE_GROUNDED	TRUE_GROUNDED	TRUE_GROUNDED	TRUE_GROUNDED	The staged predicate's nodeKey is asserted to be slot-sensitive: computing nodeKey over the identical candidate but with slot set to undefined produces a DIFFERENT key than the one actually staged, proving the predicate identity folds in the slot rather than being derivable from anchor+check alone.
8f2c4740850db307	packages/grounding/src/gate.ts	TRUE_GROUNDED	TRUE_GROUNDED	TRUE_GROUNDED	TRUE_GROUNDED	coerceStatus recognizes exactly four incoming Status values (HOLDS, BROKEN, NA, advisory), but gateHolds only ever inspects the HOLDS case for downgrade, so an incoming 'advisory' status passes straight through the gate unchanged rather than being evaluated against groundedness or freshness.
8f864b6ff7adc18b	packages/genesis/test/coverage-ledger.test.ts	TRUE_GROUNDED	TRUE_GROUNDED	TRUE_GROUNDED	TRUE_GROUNDED	In the ceiling-drop test the run's reported budgetSpent equals coverage's seeded+abstained+unrecorded counts summed together, so unvisited (dropped-by-ceiling) sites are excluded from what counts as budget consumed.
8fc32d5326cfb536	packages/adapter-io/src/containment.ts	TRUE_GROUNDED	TRUE_GROUNDED	TRUE_GROUNDED	TRUE_GROUNDED	isContainedIn resolves the requested path (not just root) through realpathSync before comparing FileIds, so a symlink encountered anywhere along the candidate's ancestor chain is followed to its real target before each dev/ino comparison, not only at the two endpoints.
8fcb64ab700022d0	packages/tools/src/query.ts	TRUE_GROUNDED	TRUE_GROUNDED	TRUE_GROUNDED	TRUE_GROUNDED	createQuery's tokenEstimate is computed only from packTokens(governing) + packTokens(advisory) — the surviving, actually-returned rows — deliberately excluding whatever the advisory band's cap dropped, so the estimate always describes the size of the pack the caller received, never the size of the pre-truncation set.
8fd6436c3f77b794	packages/adapter-io/test/harness/fix-scip-py.ts	TRUE_GROUNDED	TRUE_GROUNDED	TRUE_GROUNDED	TRUE_GROUNDED	makeFixScipPy creates a brand-new temp directory via mkdtempSync on every call, so calling it twice yields two distinct scipPath values even though the serialized SCIP bytes written are always identical.
9049e2f37e785776	packages/persist/test/scrub-declared-families.test.ts	TRUE_GROUNDED	TRUE_GROUNDED	TRUE_GROUNDED	TRUE_GROUNDED	firstSplitDisagreement's O(n^2) pairwise-offset sweep only runs when its `pairs` parameter is true, and the adversarial-alphabet test disables it for any generated string longer than 40 characters by passing `s.length <= 40` as that argument.
90ae31ca2b3d486e	packages/adapter-io/src/sidecar-commit.ts	TRUE_GROUNDED	TRUE_GROUNDED	TRUE_GROUNDED	TRUE_GROUNDED	publish() classifies a generation as 'superseded' rather than 'lost' using the strict inequality headNow < gen + RETAINED_GENERATIONS, so a writer whose name was overtaken by fewer than RETAINED_GENERATIONS newer generations is treated as durably published instead of retried.
90f61fcbe3e789a2	packages/cli/test/mine-claim-scrub.test.ts	TRUE_GROUNDED	TRUE_GROUNDED	TRUE_GROUNDED	TRUE_GROUNDED	Two distinct advisory claims mined at the same site (same anchor+slot) collapse into a single staged row (current.size === 1) because nodeKey is derived from anchor+slot alone and never reads the claim text, so a second differently-worded claim at that site is treated as a re-claim on the existing node, not a new one.
924bd913d4bb369a	packages/persist/src/scrub-shapes.ts	TRUE_GROUNDED	TRUE_GROUNDED	TRUE_GROUNDED	TRUE_GROUNDED	Two of the four declared families (github-token and github-pat) share the identical opening prefix character 'g', so SHAPES_BY_OPENER dispatches to both shapes for that byte and the leftmost scanner must try two regexes at a 'g', not one, unlike the other three families' distinct opening bytes.
926bea7396c5d5b1	packages/cli/src/mine.ts	TRUE_GROUNDED	TRUE_GROUNDED	TRUE_GROUNDED	TRUE_GROUNDED	modelWired is computed from `deps?.proposer !== undefined || resolved?.wired`, which is always false on the production CLI path for the first disjunct because the resolved proposer is only ever assigned into `d.proposer` via a `??` fallback, never read back from the original `deps` object.
927a6f8e710ea84c	packages/e2e-blackbox/test/s17-degenerate-anchor.blackbox.test.ts	TRUE_GROUNDED	TRUE_GROUNDED	TRUE_GROUNDED	TRUE_GROUNDED	The 'NO BRICK: two symbols in the SAME file' case does not actually use two distinct symbols — its sites array repeats the identical pair ['src/billing.ts','charge'] twice rather than pairing charge with a second, different function in that file.
92cf5d6ad875c27c	packages/knowledge/test/relations-fold.test.ts	NOT_GROUNDED	TRUE_GROUNDED	TRUE_GROUNDED	TRUE_GROUNDED	The 'out' direction result is sorted by relationKind alphabetically ('calls' before 'depends-on'), not by insertion order or by contentHash/nodeKey, since r2 (calls, inserted second) precedes r1 (depends-on, inserted first) in the OUT test's expected order.
93e63e0225af619f	packages/e2e-blackbox/test/s24-model-config.blackbox.test.ts	TRUE_GROUNDED	TRUE_GROUNDED	TRUE_GROUNDED	TRUE_GROUNDED	The suite's own case-folding probe determines whether the case-variant bypass test runs at all: it creates a directory and checks via statSync's dev/ino whether an uppercased spelling denotes the same directory, then skips the whole test rather than asserting a different outcome on a case-sensitive filesystem.
944e5f8cc83a0325	packages/cli/test/mine-claim-scrub-audit.ts	TRUE_GROUNDED	TRUE_GROUNDED	TRUE_GROUNDED	TRUE_GROUNDED	flowsFromScrub and spreadsIdentifier both cap their const-initializer resolution chain at depth 8 (depth > 8 returns false), so a scrub call reached only through more than eight levels of indirect `const x = y` aliasing would be reported as NOT provably flowing from the scrub, a false negative rather than a false positive.
94d773c85de8dfbb	packages/persist/src/scrub-scan.ts	TRUE_GROUNDED	TRUE_GROUNDED	TRUE_GROUNDED	TRUE_GROUNDED	canonicalise only shrinks an unbounded match's body when the shape declares both no ceiling AND a non-empty filler string; a matched shape lacking a filler is left completely un-canonicalised (its full, unbounded body kept) rather than being skipped in some safer bounded way.
94f51ca0715d72df	packages/adapter-io/src/projection-query-index.ts	TRUE_GROUNDED	TRUE_GROUNDED	TRUE_GROUNDED	TRUE_GROUNDED	headSha is called at most once per cover() invocation, before the per-node loop, rather than once per row, so the cost of resolving live HEAD is paid a single time regardless of how many current nodes fall under the requested scope.
950ce9890624aa09	packages/e2e-blackbox/test/s18-durability.blackbox.test.ts	TRUE_GROUNDED	TRUE_GROUNDED	TRUE_GROUNDED	TRUE_GROUNDED	The concurrent-writer durability test does not assert that all W emit processes succeed; it only requires accepted to be at least 1 and checks that durable node count equals K plus whatever accepted turned out to be, so a run where most writers are rejected by contention still passes.
95599d141fc2766e	packages/adapter-io/test/negation-edgemodel-freshness.test.ts	TRUE_GROUNDED	TRUE_GROUNDED	TRUE_GROUNDED	TRUE_GROUNDED	createNegationLeg's freshness-oracle parameter is optional, and calling it with no second argument at all (not even undefined explicitly) still yields DRIFTED rather than throwing or defaulting to FRESH.
95a871e04b2de5d7	packages/adapter-io/src/negation-source.ts	TRUE_GROUNDED	TRUE_GROUNDED	TRUE_GROUNDED	TRUE_GROUNDED	createNegationLeg's freshnessOf helper re-fetches the full fact from CAS by contentHash on every call rather than trusting any cached freshness on the node, and returns DRIFTED both on a CAS miss and whenever resolveFreshness yields anything other than exactly 'FRESH' (including a collapsed STALE).
9612635eb7bd7c2c	packages/cli/test/wp-f6-mine-empty-explained.test.ts	TRUE_GROUNDED	TRUE_GROUNDED	TRUE_GROUNDED	TRUE_GROUNDED	The empty-frontier and seeded-no-proposer states are distinguished by which env/deps are passed to runMine — passing only NO_MODEL_ENV with default deps yields the empty-frontier message, while additionally injecting skeletonSource/injectedHistory/fakeStore under NO_MODEL_ENV yields the seeded-no-proposer message, so the same env alone does not determine which cause is reported.
96c68acc916e4fcf	packages/e2e/test/s05-write-governance.e2e.test.ts	TRUE_GROUNDED	TRUE_GROUNDED	TRUE_GROUNDED	TRUE_GROUNDED	archive.supersede's returned `node` is the caller's own `next` object by reference identity (`node === next`), not a fresh object with a supersededBy field mixed in, so the pointer to the prior version lives only in the separate `supersededBy` return value, never on `next` itself.
96cd0b74f7c54c53	packages/kernel/test/fold.test.ts	TRUE_GROUNDED	TRUE_GROUNDED	TRUE_GROUNDED	TRUE_GROUNDED	In the property test, build(k) always maps k to nodeKey `nk-${k % 3}`, so no matter how many integers the generated array contains, the folded state can only ever have up to 3 distinct node buckets.
97a0ae8945a215ec	packages/knowledge/src/read/anchor-match.ts	TRUE_GROUNDED	TRUE_GROUNDED	TRUE_GROUNDED	TRUE_GROUNDED	isPrefix treats two identical segment arrays as a prefix relationship (short === long returns true), so it is a non-strict prefix test that does not distinguish 'is a proper prefix of' from 'is equal to'.
9843e26f9e6b930e	packages/e2e-blackbox/test/s8-doctor.blackbox.test.ts	TRUE_GROUNDED	TRUE_GROUNDED	TRUE_GROUNDED	TRUE_GROUNDED	A bare `doctor` with no subcommand produces a distinctly different error message ('requires 1 positional argument') than an unrecognized subcommand does ('unknown doctor subcommand'), showing the CLI's generic positional-arity check runs before doctor's own subcommand-name validation ever executes.
98a4e392c2794405	packages/genesis/test/wp-8.30-gen-witness.test.ts	TRUE_GROUNDED	FALSE	TRUE_GROUNDED	TRUE_GROUNDED	answersDigest is order-independent over the set of stored receipts: feeding answerReceipts in reversed order produces the identical digest and answersStored count as the forward order, so the digest is a function of the set/multiset of receipts, not their sequence.
9949783c0d70fa22	packages/index/test/depgraph-honest.test.ts	TRUE_GROUNDED	TRUE_GROUNDED	TRUE_GROUNDED	TRUE_GROUNDED	The 'clean' (fully-resolved) closure in SCN-INDEX-13e-1 still contains C, the same node the coChanged map keys its band on, yet coChanged comes back empty — proving the suppression is gated on the underApprox flag itself, not on whether the coChanged-bearing node is absent from the closure.
99f3e958c9cb37ed	packages/adapter-io/test/scip.test.ts	TRUE_GROUNDED	TRUE_GROUNDED	TRUE_GROUNDED	TRUE_GROUNDED	planIndexers does not omit unsupported languages from its output plan; an unsupported lang like 'rb' still produces a plan entry, but tagged with tool 'honest-hole' rather than a real indexer name, so callers must check the tool field rather than absence to detect an unindexed language.
9a3a0cce2287c737	packages/cli/test/wp-9.3.6-b-mine.test.ts	TRUE_GROUNDED	TRUE_GROUNDED	TRUE_GROUNDED	TRUE_GROUNDED	Under a sub-frontier budget, which candidates driveMine seeds depends on visiting sites in highest-rank-first order: reversing that order changes the resulting seeded set even though the same sites and budget are used.
9a412277268ed960	packages/knowledge/test/freshness.know3.test.ts	TRUE_GROUNDED	TRUE_GROUNDED	TRUE_GROUNDED	TRUE_GROUNDED	bindFreshness narrows a 3-valued grounding-freshness oracle down to only 2 states at the knowledge layer: an oracle that returns the third value 'STALE' is folded into 'DRIFTED' rather than being passed through or causing an error.
9a6ea89c5010d9a6	packages/grounding/test/wp-4.10-a-grd.heldout.test.ts	TRUE_GROUNDED	TRUE_GROUNDED	TRUE_GROUNDED	TRUE_GROUNDED	driftDetect on a grounding with two entries where one entry's anchor genuinely resolves FRESH in the source but the other entry is empty still returns DRIFTED for the whole grounding, i.e. a single empty leg overrides an otherwise-resolvable sibling leg rather than only that leg being flagged.
9a7e79856e9e8781	packages/index/src/compose.ts	TRUE_GROUNDED	TRUE_GROUNDED	TRUE_GROUNDED	TRUE_GROUNDED	auxiliaryStructureCount is computed as backing.size - 1 over a manually-constructed Set that today lists only `axes`; the invariant only catches a future violation if any code that stands up a second structure is also updated to register it in `backing`, so the count is self-reported rather than independently measured.
9ab02b5ed8870ab6	packages/cli/test/own-cli.test.ts	TRUE_GROUNDED	TRUE_GROUNDED	TRUE_GROUNDED	TRUE_GROUNDED	For a predicate-kind gotcha, ownVerdict renders the claim portion of the row as an empty string rather than stringifying the predicate's check object, avoiding a printed "[object Object]".
9b9586072ffc343f	packages/knowledge/test/tier.test.ts	TRUE_GROUNDED	TRUE_GROUNDED	TRUE_GROUNDED	TRUE_GROUNDED	strictestTier joins two off-lattice garbage values (e.g. two OFF_LATTICE entries together) to 'T0' rather than to any off-lattice sentinel or garbage-in-garbage-out result, so the join always resolves onto a real class even when neither input was one.
9ba475937c876772	packages/knowledge/src/write/upsert.ts	TRUE_GROUNDED	TRUE_GROUNDED	TRUE_GROUNDED	TRUE_GROUNDED	In the UPDATE branch, when a write raises the node to a governing tier (T0/T1) the claims array is replaced with only [req.claimNorm], discarding every prior weaker-tier claim, whereas a same-tier UPDATE unions req.claimNorm into the existing claims array by dedup.
9c4192ffc6d21fa0	packages/persist/test/transcript-door-fitness.ts	TRUE_GROUNDED	TRUE_GROUNDED	TRUE_GROUNDED	TRUE_GROUNDED	flowsFromRedactor treats a property-access name (the `.name` side of a PropertyAccessExpression, e.g. `from` in `Uint8Array.from(x)`) as unresolvable and skips it during identifier walking, rather than attempting to resolve it against the const-initializer map.
9ccd3ab7bda8f292	packages/e2e-blackbox/test/s34-reverify-store.blackbox.test.ts	TRUE_GROUNDED	TRUE_GROUNDED	TRUE_GROUNDED	TRUE_GROUNDED	rewriteIndex's local SCIP-building helper marks a defining occurrence with the named `SymbolRole.Definition` constant but marks a referencing occurrence with the bare literal `0` rather than any named role constant.
9ce164c4a11834d9	packages/e2e-blackbox/test/s26-query-description.blackbox.test.ts	FALSE	FALSE	FALSE	FALSE	The S26.4b assertion expect(d).toContain('advisory') is already satisfied by the substring inside 'advisoryDropped', which the preceding assertion in the same test already confirms is present, so it does not independently verify the standalone word 'advisory' appears anywhere in the description.
9ce29cee840c7465	packages/e2e-blackbox/test/s33-seal-witness.blackbox.test.ts	TRUE_GROUNDED	TRUE_GROUNDED	TRUE_GROUNDED	TRUE_GROUNDED	The durable CAS record for a proven fact carries two distinct fields both named 'scope' at different nesting levels (the top-level authz scope 'atlas:mined' and witness.scope 'src'), and the test explicitly asserts they are unequal so a reader cannot conflate them.
9d0a84c6fcefa428	packages/persist/test/reconstruct.test.ts	TRUE_GROUNDED	TRUE_GROUNDED	TRUE_GROUNDED	TRUE_GROUNDED	The property-based build() helper deliberately buckets every event's nodeKey to only three possible values (`nk-${k % 3}`) regardless of how large the integer arbitrary's range is, so the fold's resulting node count is asserted to equal the number of distinct k%3 residues actually drawn, never the number of distinct k values.
9d1ecbba2b745369	packages/adapter-io/test/llm-command-client.test.ts	TRUE_GROUNDED	TRUE_GROUNDED	TRUE_GROUNDED	TRUE_GROUNDED	A child process that exits cleanly (exit 0) after only partially draining a huge stdin write is salvaged to return the stdout it did produce rather than throwing an EPIPE error, but the same salvage is refused when the exit status is non-zero.
9d45fe411ac0f922	packages/e2e-blackbox/test/s10-node-door.blackbox.test.ts	TRUE_GROUNDED	TRUE_GROUNDED	TRUE_GROUNDED	TRUE_GROUNDED	The path-traversal test includes an all-uppercase 64-char hex string ('AB' repeated 32 times) as an invalid CAS address purely because of its case, proving the address charset check is case-sensitive to lowercase hex even though the string is otherwise the correct length.
9defcf613ad5ac97	packages/adapter-io/test/indexer-report.test.ts	TRUE_GROUNDED	TRUE_GROUNDED	TRUE_GROUNDED	TRUE_GROUNDED	A .tsx file is counted under the 'ts' language bucket rather than its own language row: with one .ts and one .tsx file tracked, reportIndexPlan reports files:2 for lang 'ts' and no separate tsx entry.
9e3091818955eb7b	packages/knowledge/test/freshness.know3.realmint.test.ts	TRUE_GROUNDED	TRUE_GROUNDED	TRUE_GROUNDED	TRUE_GROUNDED	The freshness oracle DRIFTS a fact on a whitespace-only reformat inside the cited unit (adding one extra space), because it hashes the unit's raw byte slice rather than normalizing whitespace.
9e8b6a89c182578f	packages/tools/src/emit.ts	TRUE_GROUNDED	TRUE_GROUNDED	TRUE_GROUNDED	TRUE_GROUNDED	createEmit's return type is narrowed to `{ readonly emit: EmitApi['emit'] }`, not the full EmitApi, so the returned object implements only `emit` and has no `absorb` member at all even though EmitApi declares both.
9ee059fd111d0302	packages/knowledge/test/wp-9.x-adjacency-a.carrier.test.ts	NOT_GROUNDED	TRUE_GROUNDED	NOT_GROUNDED	NOT_GROUNDED	On a byte-identical DEDUP upsert, a request supplying a DIFFERENT primaryAnchor and slot than the stored node's is entirely ignored — the existing node's anchor/slot are not updated to the new request's values, unlike UPDATE/SUPERSEDE where a supplied request anchor/slot does win.
9f35d576e26d20fe	packages/adapter-io/src/index-adapter.ts	TRUE_GROUNDED	TRUE_GROUNDED	TRUE_GROUNDED	TRUE_GROUNDED	territories()'s return expression `(atRoot || kids.length > 0 ? kids : [node])` returns kids unconditionally whenever atRoot is true, even when kids is empty (a repository with no top-level territories) — only a NON-root leaf with zero path-children falls back to reporting the node itself.
9f5b1d8f3c3817b7	packages/adapter-io/test/compose-mine-admission.count-leg.test.ts	TRUE_GROUNDED	TRUE_GROUNDED	TRUE_GROUNDED	TRUE_GROUNDED	verifyCount returns 'abstain' rather than throwing or erroring when asked about a symbol that has no definition occurrence in the SCIP output at all.
9fb6c32a39da3354	packages/knowledge/test/upsert-answerref-update.test.ts	TRUE_GROUNDED	TRUE_GROUNDED	TRUE_GROUNDED	TRUE_GROUNDED	The UPDATE branch's answerRef handling is asymmetric by presence, not by whether a change occurred: a re-mine that supplies a new answerRef always overwrites the prior one, while a re-mine that omits answerRef entirely (undefined) leaves the prior receipt untouched rather than clearing it.
9fc18bc85448f4fb	packages/adapter-io/test/containment.test.ts	TRUE_GROUNDED	TRUE_GROUNDED	TRUE_GROUNDED	TRUE_GROUNDED	The suite includes a dedicated ~8000-path-segment test asserting isContainedIn returns a boolean verdict rather than throwing, specifically to guard against a per-segment-recursive implementation blowing the call stack on deep paths.
a0283f11f2dcfaa9	packages/memory/src/kinds.ts	TRUE_GROUNDED	TRUE_GROUNDED	TRUE_GROUNDED	TRUE_GROUNDED	put() unconditionally throws on the matched-partition branch (kind matches the entry's true partition) rather than returning a MemoryRecord, so the only observable behavior of put in this file is either a KindConflationError or this fixed 'not invented' Error — it never succeeds.
a09c8b5eda487e7b	packages/retrieval/test/wp-2.8-b-retr.relate.test.ts	TRUE_GROUNDED	TRUE_GROUNDED	FALSE	TRUE_GROUNDED	SCN-RETR-10d-1 verifies the absence of a network/model surface not by inspecting relate.ts's runtime behavior but by reading the raw source text of that file at test time and regex-scanning it for forbidden tokens (fetch, await, Promise, openai, anthropic, claude, WebSocket, dynamic import, http(s) URLs).
a0ae610b6cbee202	packages/e2e-blackbox/test/s13-pack-fields.blackbox.test.ts	TRUE_GROUNDED	TRUE_GROUNDED	TRUE_GROUNDED	TRUE_GROUNDED	A fact authored with slot:'rationale' but no explicit tier still renders as an 'inv T1' row and is counted into the invariants/governing band, showing that band membership is decided by tier alone, not by the candidate's slot value.
a14ffea1a2fd337b	packages/adapter-io/src/store.ts	TRUE_GROUNDED	TRUE_GROUNDED	TRUE_GROUNDED	TRUE_GROUNDED	put explicitly checks typeof bytes !== 'string' after JSON.stringify because JSON.stringify silently returns undefined (rather than throwing) for a bare top-level undefined, function, or symbol, which the catch block alone would not detect.
a15f2abc20195df5	packages/genesis/test/ppr-damping-teeth.test.ts	TRUE_GROUNDED	TRUE_GROUNDED	TRUE_GROUNDED	TRUE_GROUNDED	rank()'s output carries a 1-indexed `rank` field (the hub site gets rank:1, not rank:0), confirmed here by asserting the four-site fixture's ranks equal exactly [1, 2, 3, 4] in descending-PPR order.
a16b06f0993d3615	packages/adapter-io/src/llm.ts	NOT_GROUNDED	NOT_GROUNDED	TRUE_GROUNDED	NOT_GROUNDED	unitScopeOf returns the empty string for a top-level unit with no directory separator in its file path, and that empty scope is designed to never match any dependency scope check, so a root-level unit's dependency claim always abstains rather than being granted an over-wide whole-repo scope.
a1e1a3529f8e89cf	packages/adapter-io/test/governed-emit-incumbent.test.ts	TRUE_GROUNDED	TRUE_GROUNDED	TRUE_GROUNDED	TRUE_GROUNDED	SCN-GE-I9's shifty tier getter deliberately returns the odd sequence T0,T2,T0 (only the second access differs) rather than a simpler two-value alternation, specifically because a naive T0,T2,T2 sequence would trip the downgrade guard on the second read for reasons unrelated to whether tier is snapshotted, making the case pass vacuously.
a2281ce694b39422	packages/index/src/resolve.ts	TRUE_GROUNDED	TRUE_GROUNDED	TRUE_GROUNDED	TRUE_GROUNDED	descentSteps splits each path segment on '::' with no filter for empty tokens, so a stray double-colon (e.g. 'a::::b') produces a step whose token is the empty string, which then fails to match any real child key and causes the whole resolve to miss, rather than being silently collapsed away.
a2dad3e19c9e4525	packages/persist/test/transcript-3.5-a.heldout.test.ts	TRUE_GROUNDED	TRUE_GROUNDED	TRUE_GROUNDED	TRUE_GROUNDED	A transcript's git pointer object has exactly two keys, sha and store, and store is always the literal string 'cas' rather than any store-specific identifier.
a39bc16a177d7c47	packages/adapter-io/src/identity-schema.ts	TRUE_GROUNDED	TRUE_GROUNDED	TRUE_GROUNDED	TRUE_GROUNDED	classifyIdentity compares the stamp to IDENTITY_SCHEMA with strict `===` — no trimming, case-folding, or Unicode normalization — so a stamp that differs only by trailing whitespace or case is classified `foreign` rather than `current`.
a3a3ce9afda49cbe	packages/index/test/fold.heldout.test.ts	TRUE_GROUNDED	TRUE_GROUNDED	TRUE_GROUNDED	TRUE_GROUNDED	queryStale still returns the drifted fact's value (visible) alongside its stale:true flag rather than omitting it from the result; exclusion from the FRESH set only happens when the caller separately filters by the stale flag afterward.
a3b3c181a88a4190	packages/grounding/test/wp-4.10-c-grd.heldout.test.ts	TRUE_GROUNDED	TRUE_GROUNDED	TRUE_GROUNDED	TRUE_GROUNDED	ground() given one resolvable citation and one unresolvable citation produces an entirely EMPTY entries array rather than a one-entry receipt keeping just the resolvable citation — the test asserts g.entries has length 0 even though QP_TAX itself resolves in src, so an unresolvable citation fails the whole fact closed, not just itself.
a42e86b57f9ec1bc	packages/kernel/test/canonical.test.ts	TRUE_GROUNDED	TRUE_GROUNDED	TRUE_GROUNDED	TRUE_GROUNDED	canonicalForm throws when given a value containing a non-integer floating-point number, rather than serializing it.
a4674f68568d93f7	packages/memory/test/wp-3.5-b-mem.heldout.test.ts	TRUE_GROUNDED	TRUE_GROUNDED	TRUE_GROUNDED	TRUE_GROUNDED	spawnRecall returns a fresh copy of the archived fold on every call rather than the same object reference, since two calls with identical arguments compare equal by value (toEqual) but are asserted NOT to be the same reference (not.toBe).
a49bc132f8b6bdf7	packages/memory/test/wp-6.25-b-mem.test.ts	TRUE_GROUNDED	TRUE_GROUNDED	TRUE_GROUNDED	TRUE_GROUNDED	store.supersede leaves the original entry's serialized bytes byte-identical and the store size unchanged at 1, recording the supersession only as a separate append-only link pointer retrievable via store.supersessions(), never by mutating or growing the entries log.
a4e7c312db9647c1	packages/adapter-io/test/negation-collapsed-local.test.ts	TRUE_GROUNDED	TRUE_GROUNDED	TRUE_GROUNDED	TRUE_GROUNDED	The opaque-vs-hole classification is per-document rather than global: negation-key.ts's collapsed local reference is classified as opaque but excluded from holeSources entirely, so a caller that only inspects holeSources (not opaqueRefSources) would miss this completeness gap.
a54966cce8a690cf	packages/retrieval/src/pack.ts	TRUE_GROUNDED	TRUE_GROUNDED	TRUE_GROUNDED	TRUE_GROUNDED	fill() concatenates the full sorted T0 bucket ahead of the full sorted T1 bucket into one array before walking it with a single running `used` counter and cap check, so every T0 candidate is considered for inclusion before any T1 candidate is, and a large enough T0 set could exhaust the cap and leave the tail entirely T1.
a5b625d02fbd7003	packages/genesis/test/wp-8.28-b-gen.test.ts	TRUE_GROUNDED	TRUE_GROUNDED	TRUE_GROUNDED	TRUE_GROUNDED	makeDeps's default predicate seam is built by calling predicateSeam() and keeping only its `seam`, discarding the `calls` counters object, so a test using the default deps (no explicit `predicate` override) has no way to inspect how many times synthesize/verify/teeth were invoked.
a60e151e8d82d603	packages/genesis/src/extract.ts	TRUE_GROUNDED	TRUE_GROUNDED	TRUE_GROUNDED	TRUE_GROUNDED	The visited/budget counter increments after every proposer call regardless of outcome, so a site where the model abstains (returns null or an {abstain} object) still consumes one unit of the budget ceiling just like an admitted site does.
a74f4386ce20138d	packages/memory/test/wp-6.24-b-mem.heldout.test.ts	TRUE_GROUNDED	TRUE_GROUNDED	TRUE_GROUNDED	TRUE_GROUNDED	The token cap boundary in injectOrientation is inclusive (<=), so an Orientation whose token count equals exactly ORIENTATION_TOK_CAP (250) is accepted and only 251 or above is rejected.
a772fe92e4d7712c	packages/e2e/test/s02-genesis-mining.e2e.test.ts	TRUE_GROUNDED	TRUE_GROUNDED	TRUE_GROUNDED	TRUE_GROUNDED	gateEmitFor's admission decision depends only on the candidate's site id (idOf(c)), never on the content of the proposed seed — it reads seed.claim only to embed it in the fact once admission is already decided, so the fixture's gate would admit a candidate regardless of what the injected proposer claimed.
a78b2a4c50da1d2a	packages/genesis/test/admit-harness.dependency-leg.test.ts	TRUE_GROUNDED	TRUE_GROUNDED	TRUE_GROUNDED	TRUE_GROUNDED	When verifyDependency returns 'abstain' on a grounded dependency PREDICATE proposal, admit() falls back to a fact of kind 'advisory', not kind 'predicate', so the proposal's own predicate slot is discarded and it lands as a different node kind than what was proposed.
a79b17dabfcb1985	packages/memory/src/portable.ts	TRUE_GROUNDED	TRUE_GROUNDED	TRUE_GROUNDED	TRUE_GROUNDED	writeWithScanner rejects a scanner whose name is an empty string before ever invoking scan() on the record, so an unnamed scanner never even gets the chance to inspect the record.
a840fa057954521b	packages/e2e-blackbox/test/s14-mine.blackbox.test.ts	TRUE_GROUNDED	TRUE_GROUNDED	TRUE_GROUNDED	TRUE_GROUNDED	The test asserts the three output lines are strictly adjacent in stdout — the cost line must sit at exactly genesis-line-index+1 and the cause line at exactly cost-line-index+1 — so any blank or extra line inserted between them would fail this test even if all three lines' content were otherwise correct.
a8aa1034bbd153e3	packages/grounding/test/wp-4.10-a-grd.test.ts	TRUE_GROUNDED	TRUE_GROUNDED	TRUE_GROUNDED	TRUE_GROUNDED	driftDetect's verdict is invariant to a pure displayLines line-range edit on the grounding entry (the test asserts driftDetect on the original and the shifted-displayLines version return the exact same value), confirming displayLines never participates in the drift decision at all.
a9644e016f774f2a	packages/knowledge/test/wp-242-neardup-deleted.test.ts	TRUE_GROUNDED	TRUE_GROUNDED	TRUE_GROUNDED	TRUE_GROUNDED	this suite detects a reintroduced third parameter on writeDecision/upsert purely by asserting each function's own declared .length (arity), without importing or referencing any config type, so it would catch the parameter coming back even unread and even under a completely different name.
a9681d7b3a15526e	packages/index/test/resolve.depth.test.ts	TRUE_GROUNDED	TRUE_GROUNDED	TRUE_GROUNDED	TRUE_GROUNDED	The `::` sub-file refinement token is treated as a full path-separator boundary by resolution, not just `/`, so a character extension immediately after a `::` segment fails to resolve just like one after a `/` segment.
a9b2e423f11a1dce	packages/e2e-blackbox/test/s34-mine-history-frontier.blackbox.test.ts	TRUE_GROUNDED	TRUE_GROUNDED	TRUE_GROUNDED	TRUE_GROUNDED	The test reads .atlas/staging.json's 'current' field as an array of [nodeKey, fact] tuples (a serialized Map), not as a plain object keyed by nodeKey, so parsing it with Object.keys or property access would not enumerate the staged facts.
a9e8d9a63b91275f	packages/knowledge/src/write/router.ts	TRUE_GROUNDED	TRUE_GROUNDED	TRUE_GROUNDED	TRUE_GROUNDED	identityAnchorPaths selects the symbol-kind grounding entries for identity whenever at least one exists, and falls back to only the very first entry (regardless of kind) exclusively when zero symbol-kind entries are present, rather than ever mixing symbol and non-symbol entries together.
aa77e887270254ae	packages/cli/src/doctor-index.ts	TRUE_GROUNDED	TRUE_GROUNDED	TRUE_GROUNDED	TRUE_GROUNDED	renderIndexPlan only emits the multi-language clobber note when r.configured.length is strictly greater than 1, so a repository with exactly one configured language plus any number of hole languages never sees the overwrite warning.
ab290f9230d95a2b	packages/knowledge/test/wp-dedup-2.subsumes.test.ts	TRUE_GROUNDED	TRUE_GROUNDED	TRUE_GROUNDED	TRUE_GROUNDED	the deterministic-sort test seeds nodes in the order (fn, crate, mod) — not in broader-to-narrower order — and still asserts the returned edges come back lexicographically sorted by (broader, narrower), showing deriveSubsumes's output order is independent of the projection Map's insertion/iteration order.
ab6551a6df066846	packages/e2e-blackbox/test/support.ts	TRUE_GROUNDED	TRUE_GROUNDED	TRUE_GROUNDED	TRUE_GROUNDED	emitFact's `seq` counter is module-level state shared across every call in the test file, so filenames never collide even when the same file calls emitFact against multiple different FixtureRepo instances.
ab71a2cb7f716b36	packages/index/test/depgraph.heldout.test.ts	TRUE_GROUNDED	TRUE_GROUNDED	TRUE_GROUNDED	TRUE_GROUNDED	reverseClosure's coChanged band is asserted disjoint from its structural closure set: every member the coChanged band returns is checked to NOT appear in the static closure, so the two are never merged into one presented set.
abb4c5084e5f8e1e	packages/genesis/test/capped-budget.test.ts	NOT_GROUNDED	TRUE_GROUNDED	NOT_GROUNDED	NOT_GROUNDED	CEILING_CAP is exactly 200, confirmed by asserting defaultBudget(1000).ceiling equals CEILING_CAP directly rather than a hard-coded literal.
abda859450a2074e	packages/e2e-blackbox/test/s16-sameas.blackbox.test.ts	TRUE_GROUNDED	TRUE_GROUNDED	TRUE_GROUNDED	TRUE_GROUNDED	T3b (unknown FIRST endpoint) asserts the stdout contains no 'malformed args' or 'Cannot read properties' text, meaning it positively pins that a specific TypeError-to-caller-blame mislabeling defect does NOT occur, not just that the call exits with a governed refusal code.
abf40de1b716e879	packages/knowledge/test/wp-5.15-know.tier-ratify.test.ts	TRUE_GROUNDED	TRUE_GROUNDED	TRUE_GROUNDED	TRUE_GROUNDED	ratify() distinguishes an empty-string ratifier token from a non-empty one (by:'' fails, by:'lead' succeeds for a T2 candidate), so the gate checks token non-emptiness generally and only additionally requires the specific token 'billy' for a T0 candidate.
ac100e0e33ebad7f	packages/adapter-io/src/anchor-scope.ts	TRUE_GROUNDED	TRUE_GROUNDED	TRUE_GROUNDED	TRUE_GROUNDED	underScope strips the '::' suffix from `anchor` before splitting into segments, but never strips '::' from `scope`, so a scope string that itself contains '::' can never match any anchor, since the anchor side has already had its '::' portion removed before comparison.
ad38cad118b83358	packages/adapter-io/src/governed-emit-negation.ts	TRUE_GROUNDED	TRUE_GROUNDED	TRUE_GROUNDED	TRUE_GROUNDED	In the v2 target-relative branch the phantom-target (target-unresolvable) check runs first, before either scope-closure check; in the fallback blanket branch that same target-unresolvable check runs only after the scope-open check, so the ordering of these two checks differs between the two code paths.
ad4edd15493a36e7	packages/genesis/src/admit-relation.ts	TRUE_GROUNDED	TRUE_GROUNDED	TRUE_GROUNDED	TRUE_GROUNDED	trySoundRelation only calls the `score` obviousness callback after verifyRelation has already returned 'proven', so a witness that fails or abstains verification never has its claim-norm text computed or scored at all.
ad53cd399a6b6803	packages/cli/test/wp-196a-proposer-dependency.test.ts	TRUE_GROUNDED	TRUE_GROUNDED	TRUE_GROUNDED	TRUE_GROUNDED	When the dependency oracle abstains (rather than proving or refuting) on a grounded candidate, the fact is NOT dropped but is instead downgraded to an unsealed advisory fact with predicateSlot undefined — the kind changes from predicate to advisory rather than the fact simply carrying no seal.
ae0228e307564b44	packages/cli/test/mine-coverage-render.test.ts	TRUE_GROUNDED	TRUE_GROUNDED	TRUE_GROUNDED	TRUE_GROUNDED	coverageLines for an old GenesisReport lacking the coverage field renders exactly one line total, not one line per absent site, and that line reads UNEVALUABLE rather than CLOSES — so the absence is reported as a single verdict, never expanded into fabricated per-site rows.
ae04e9d158fba8cc	packages/cli/src/reverify.ts	TRUE_GROUNDED	TRUE_GROUNDED	TRUE_GROUNDED	TRUE_GROUNDED	reverifyVerdict's exit code is binary — computed as rejected ? 2 : 0 — so this function can never itself produce exit code 1.
ae43544f0b475f93	packages/e2e-blackbox/test/s17-nested-scope.blackbox.test.ts	TRUE_GROUNDED	TRUE_GROUNDED	TRUE_GROUNDED	TRUE_GROUNDED	Scope resolution is case-sensitive: 'srcm0' (lowercase m, matching 'src/m0' if case-folded) is asserted to fail with 'no covering territory' alongside the other non-existent-path variants, so a query differing only in case from a real scope does not resolve.
ae590f7497b36bdf	packages/adapter-io/test/door-regression-supersede-sameas.test.ts	TRUE_GROUNDED	TRUE_GROUNDED	TRUE_GROUNDED	TRUE_GROUNDED	DOOR-SAMEAS-2 proves a governed link's ratifier requirement is priced over the TRANSITIVE sameAs class (sameAsClassOf) rather than the directly-linked pair: linking B to a third node M is refused for an ordinary ratifier solely because a T0 node A is reachable from B through the earlier signed edge, even though A and M were never directly linked.
aedc4750619bf9bf	packages/genesis/test/wp-8.28-a-gen.heldout.test.ts	TRUE_GROUNDED	TRUE_GROUNDED	TRUE_GROUNDED	TRUE_GROUNDED	SCN-GEN-6a-2 asserts JSON.stringify(loud.facts[0]) does not contain the string '42' even though the candidate's szzBugCommits signal was set to 42, confirming the mined signal score is used for ranking only and never serialized into the emitted Fact.
af8c6deccaf292ac	packages/adapter-io/test/support/mutation-contract.ts	TRUE_GROUNDED	TRUE_GROUNDED	TRUE_GROUNDED	TRUE_GROUNDED	editDistance's fieldMap folds the ordered `endpoints` pair into a single JSON-stringified field rather than two separate fields, so a relation-direction-reversal mutation that swaps both endpoint positions still counts as an edit distance of exactly 1, not 2.
afe36ad4551771ae	packages/e2e/test/s10-full-pipeline.e2e.test.ts	TRUE_GROUNDED	TRUE_GROUNDED	TRUE_GROUNDED	TRUE_GROUNDED	gateHolds takes the currently-recorded status ('HOLDS') as an explicit first argument rather than deriving it, so the gate's job is to decide whether to KEEP that status or downgrade it to NA, not to compute status from scratch.
afedca43995fb490	packages/knowledge/src/ratify/init.ts	TRUE_GROUNDED	TRUE_GROUNDED	TRUE_GROUNDED	TRUE_GROUNDED	isTree only validates that `territories` is an array; it never inspects the shape of individual array elements, so an array containing malformed seeds (missing path/owner/files) still passes the guard and gets mapped through toTerritory unchecked.
b09d0b8ef2f00293	packages/memory/test/wp-6.23-mem.test.ts	TRUE_GROUNDED	TRUE_GROUNDED	TRUE_GROUNDED	TRUE_GROUNDED	readRepoBytes performs no owner-based filtering at all: calling it as a non-owning seat (bob) still returns another seat's (alice's) full memory entries, so owner-scoping is enforced only by injectFor for the turn-header path, not by readRepoBytes itself.
b17b2ff2fcb003af	packages/cli/src/bin.ts	TRUE_GROUNDED	TRUE_GROUNDED	TRUE_GROUNDED	TRUE_GROUNDED	readRefusal and readAdvisory are both spread conditionally into the deps object only when defined, rather than being passed unconditionally, so on a healthy repo those keys are structurally ABSENT from the object rather than present with an undefined value.
b31c607f6ff999dc	packages/index/src/retrieval.ts	TRUE_GROUNDED	TRUE_GROUNDED	TRUE_GROUNDED	TRUE_GROUNDED	byScope collects objects walking the covering chain from the specific node up to its ancestors, but dereferenceSorted then re-sorts everything by raw hash string, so the returned facts carry no trace of the file→module→...→repo roll-up order they were gathered in.
b322d117a8c090a6	packages/kernel/test/fold-convergence.test.ts	TRUE_GROUNDED	TRUE_GROUNDED	TRUE_GROUNDED	TRUE_GROUNDED	When two events share the same nodeKey and contentHash but differ in a field that IS in the id preimage (like fresh), fold() resolves the collision by picking the event with the lexicographically larger id (MAX-by-id), not the first- or last-arrived event, so the winner is deterministic across delivery orders but is NOT a first-write-wins or last-write-wins rule.
b484fd7547a0d870	packages/index/src/territory.ts	TRUE_GROUNDED	TRUE_GROUNDED	TRUE_GROUNDED	TRUE_GROUNDED	assign's declaration-order tiebreak counter increments across every glob of every territory in one flattened sequence, not per-territory, so a glob's tiebreak index depends on how many globs precede it across ALL prior territories, not just its own.
b5cd6333d94ae22b	packages/knowledge/test/sameas-retraction.test.ts	TRUE_GROUNDED	TRUE_GROUNDED	TRUE_GROUNDED	TRUE_GROUNDED	sameAsClassOf deliberately ignores retraction so a node that deriveSameAs no longer merges (because its bridging edge was retracted) is still returned as a member of the door's authorization class, meaning the governance gate charges against the pre-retraction class even after the read-side relation has split.
b623ca1ab62c213a	packages/persist/src/reconstruct.ts	TRUE_GROUNDED	TRUE_GROUNDED	TRUE_GROUNDED	TRUE_GROUNDED	del(a, _k) ignores its key argument entirely and simply returns the archive unchanged for any input — it is not a conditional refusal that checks anything about the key, it is an unconditional identity function.
b69e9fb9b7a4ffa5	packages/memory/test/wp-6.25-a-mem.test.ts	FALSE	NOT_GROUNDED	NOT_GROUNDED	NOT_GROUNDED	SCN-MEM-7f-1 calls store.attemptDelete on 'R1', a rule inserted at wave 1 whose ledger holds just one hit that has decayed across 9 subsequent waves (so it is almost certainly already evicted to the archive by wave 10) — the delete still throws, showing the rejection applies uniformly regardless of whether the targeted rule is currently active or already archived.
b6fe388e320d9c72	packages/index/test/unit-exports.test.ts	TRUE_GROUNDED	TRUE_GROUNDED	TRUE_GROUNDED	TRUE_GROUNDED	resolveExportFor returns null for a name that IS a genuine externally-called export elsewhere in the index when queried against a different unit that does not own it, rather than resolving it against the other unit's definition.
b74ee17eff4e3abd	packages/adapter-io/test/verify-fact-source.test.ts	TRUE_GROUNDED	TRUE_GROUNDED	TRUE_GROUNDED	TRUE_GROUNDED	The test proves worldScope defaulting to scope produces output that is byte-for-byte identical (via toEqual on the whole data object) to explicitly passing world equal to scope, not merely that both happen to reach the same verdict string.
b76b4eb5adc1d0c8	packages/genesis/src/cost-policy.ts	TRUE_GROUNDED	TRUE_GROUNDED	TRUE_GROUNDED	TRUE_GROUNDED	In decideMechanisms, once a site escalates (highValue && uncertain), 'self-consistency' is always added unconditionally, while 'check-synthesis' and 'refuter' are each gated by separate, independent conditions (checkable+tier, and tier==='T0' respectively) that can each be true or false independently of the other.
b7b09a39e69fd9cb	packages/adapter-io/test/skeleton-memo-key.test.ts	TRUE_GROUNDED	TRUE_GROUNDED	TRUE_GROUNDED	TRUE_GROUNDED	the raw-NUL check reads the source file's bytes with `indexOf(0)` on the Buffer rather than decoding it to a string first and searching that, specifically because a lone 0x00 byte survives UTF-8 decoding as U+0000 and could otherwise be missed by a decoded-string search.
b7d96a65cbcc6861	packages/mcp-server/src/server.ts	TRUE_GROUNDED	TRUE_GROUNDED	TRUE_GROUNDED	TRUE_GROUNDED	In callTool's relations branch, a non-string `direction` argument is silently coerced to undefined (the default), while a malformed STRING direction is instead passed through to relationsVerdict for rejection — the two invalid shapes are handled at different layers.
b7de8a2f7cf30bbe	packages/knowledge/test/evaluator.know16.heldout.test.ts	TRUE_GROUNDED	TRUE_GROUNDED	TRUE_GROUNDED	TRUE_GROUNDED	admit() refuses a 'runtime' check kind (e.g. an endpoint-returns-200 behavior) as non-evaluable just like a 'code-exec' kind, so any runtime-behavior check is forced down the advisory path rather than becoming a live predicate node.
b8415e39ee889c46	packages/cli/test/mine-arms-render.test.ts	TRUE_GROUNDED	TRUE_GROUNDED	TRUE_GROUNDED	TRUE_GROUNDED	With budget ceiling 0, the default multi-arm run still emits three separate 'mine: 0 candidate facts' why-empty lines, one verbatim per arm heading, rather than deduplicating the identical empty-arm diagnostic into a single shared explanation.
b845ad555785f72e	packages/persist/test/heldout-pst-source.test.ts	TRUE_GROUNDED	TRUE_GROUNDED	TRUE_GROUNDED	TRUE_GROUNDED	soleHomeViolations flags a value only when its homes array is EXACTLY {'pr-attachment'}; a value whose homes is a superset (e.g. {'trailer','pr-attachment'}) passes even though pr-attachment is still one of its homes.
b8ef028e4c404ad8	packages/adapter-io/test/governed-link-endpoint-existence.test.ts	TRUE_GROUNDED	TRUE_GROUNDED	TRUE_GROUNDED	TRUE_GROUNDED	For alice, who is entitled to honest answers, the store-health and pair-state axes each yield a distinct non-'unauthorized' refusal reason (three total), while the existence axis alone still collapses to 'unauthorized' even for her — so the collapse is a decision applied to one specific axis, not a general refusal to disclose anything to an authorized caller.
b9162f38ac71fdbe	packages/kernel/test/heldout-krn-portable.test.ts	TRUE_GROUNDED	TRUE_GROUNDED	TRUE_GROUNDED	TRUE_GROUNDED	importCas's content-address integrity check (rejecting a body not addressed by its filing key) only fires for keys that are hash-shaped; an entry filed under a non-hash-shaped key like asHash('abcd') is carried through verbatim with no re-derivation check at all, so the integrity guard is conditional on key shape rather than universal over every object in the bundle.
ba086a08bee11bea	packages/adapter-io/test/ast.test.ts	TRUE_GROUNDED	TRUE_GROUNDED	TRUE_GROUNDED	TRUE_GROUNDED	An import statement at the top of a file is excluded entirely from the folded item children — the fold captures top-level declarations only (functions, classes, const/let), not every top-level statement.
ba28f603fbafd960	packages/index/src/coverage.ts	TRUE_GROUNDED	TRUE_GROUNDED	TRUE_GROUNDED	TRUE_GROUNDED	ratioOf returns 0 both when a territory has no matching tally at all and when it has a tally with total===0, so a territory that was never tallied reads as a perfect 0% unresolved ratio rather than as an error or an undefined/unknown value, and gate() therefore reports such a territory as PASS.
bb03c3a80a102fac	packages/genesis/src/seeds.ts	TRUE_GROUNDED	TRUE_GROUNDED	TRUE_GROUNDED	TRUE_GROUNDED	correspondence's keyOfSubtree map resolves ties by lexicographically-smallest key when the same subtreeHash appears under multiple node-identity keys, because the pairs are sorted by (subtreeHash, key) ascending before the first-wins insertion into the map.
bb1671a0552eb8b5	packages/adapter-io/src/poke-file.ts	NOT_GROUNDED	TRUE_GROUNDED	TRUE_GROUNDED	TRUE_GROUNDED	materializePoke writes only the canonicalForm bytes of the source's raw Pack|Poke surface to disk — the seat identifier appears solely in the output filename (`<seat>.poke.json`), never encoded into the written bytes themselves, so the file's content alone does not identify which seat it was materialized for.
bb43449bb9e374ac	packages/persist/src/types.ts	TRUE_GROUNDED	TRUE_GROUNDED	TRUE_GROUNDED	TRUE_GROUNDED	TranscriptRef.store is constrained to exactly three literal values: 'lfs', 'partial-clone', or 'cas'.
bbbe975d1ff1a0b5	packages/cli/test/mine-claim-scrub-fitness.test.ts	TRUE_GROUNDED	TRUE_GROUNDED	TRUE_GROUNDED	TRUE_GROUNDED	auditClaimScrub/auditCheckScrub operate on raw source-code text passed as a string (the mutants are inline JS-source template literals, never imported or executed modules), so the audit is a purely static/syntactic check that does not require the mutant code to type-check or run.
bc12c4e501a9cbe0	packages/adapter-io/test/projection-query-index.test.ts	TRUE_GROUNDED	TRUE_GROUNDED	TRUE_GROUNDED	TRUE_GROUNDED	The 'ghost' test proves that a projection row whose contentHash does not resolve in CAS is silently dropped from the pack rather than surfaced or causing a throw: cover('src') returns zero invariants and the call itself does not throw.
bc25ab6fa29d74c7	packages/index/test/depgraph.test.ts	TRUE_GROUNDED	TRUE_GROUNDED	TRUE_GROUNDED	TRUE_GROUNDED	The property test's 'scope' set used to determine expected underApprox includes the query node q itself (unioned with rc.closure), so an unresolved/dynamic edge sourced from q counts toward underApprox even though q is asserted to never appear in rc.closure itself.
bc26f9aac8106baf	packages/persist/test/transcript-store-door-fitness.test.ts	TRUE_GROUNDED	TRUE_GROUNDED	TRUE_GROUNDED	TRUE_GROUNDED	every structural mutant in this suite (restore, hydrate, raw, forget) is inserted via the exact same anchor string, `fetch(ref: TranscriptRef): Transcript {`, so all four new-method mutants are spliced into the source immediately before the same fetch method rather than at distinct locations.
bcc525b368e80ccc	packages/knowledge/src/write/projection-types.ts	TRUE_GROUNDED	TRUE_GROUNDED	TRUE_GROUNDED	TRUE_GROUNDED	CurrentNode's seal field, when absent, is documented to mean the seal is UNKNOWN rather than meaning the fact is not proven, so callers must not treat a missing seal as an implicit false/unproven verdict.
bdc01d8e7704bfa0	packages/grounding/test/wp-4.10-b-grd.test.ts	TRUE_GROUNDED	TRUE_GROUNDED	TRUE_GROUNDED	TRUE_GROUNDED	describeFreshness('FRESH') mentions 'interface' in its rendered text, reflecting that FRESH means both the fact's own hash AND its dependencies' interfaces are unchanged, not just the fact's own content.
bdc1481104dee599	packages/adapter-io/test/governed-link-retract-disclosure.test.ts	TRUE_GROUNDED	TRUE_GROUNDED	TRUE_GROUNDED	TRUE_GROUNDED	A successful assert-mode link() result has no `retracted` key at all in its returned object (verified via toEqual against an object literal that omits the field entirely), not a `retracted: false`, so existing consumers reading LinkOut see byte-identical shape to before retraction was added.
bde6ea40d7c9231f	packages/cli/test/render-data.test.ts	TRUE_GROUNDED	TRUE_GROUNDED	TRUE_GROUNDED	TRUE_GROUNDED	init's territory lines are rendered SORTED alphabetically by name regardless of the input array's order, so a territories list arriving as [zeta, alpha] still prints alpha before zeta.
be7d6ed85826740b	packages/e2e-blackbox/test/s19-init-gitignore.blackbox.test.ts	TRUE_GROUNDED	TRUE_GROUNDED	TRUE_GROUNDED	TRUE_GROUNDED	The first-time and idempotent-rerun cases of `atlas init` are distinguished by two entirely different stdout substrings ('gitignore:' when the rule is newly written vs 'already denied' when it is already present), rather than the same message appearing both times.
be99029339cdc6ff	packages/adapter-io/test/negation-seal-promote-carry.test.ts	TRUE_GROUNDED	NOT_GROUNDED	NOT_GROUNDED	NOT_GROUNDED	The revision hash passed to every emit() call in this file (AT) is literally the value NaN cast through 'as unknown as Hash', so every seal-carry assertion in this suite runs with a bogus, non-hash rev argument and still admits — meaning the gate/grounding check here does not meaningfully validate that argument.
bf08f30caa377dad	packages/adapter-io/src/read-provenance.ts	TRUE_GROUNDED	TRUE_GROUNDED	TRUE_GROUNDED	TRUE_GROUNDED	isUntrustedStore takes the trust-check function itself rather than a boolean, and treats an ABSENT seam as trusted (returns false), so a runtime built without provenance wiring at all behaves as if the store were trustworthy.
bf1a1cb33933e6fc	packages/kernel/src/brand.ts	TRUE_GROUNDED	TRUE_GROUNDED	TRUE_GROUNDED	TRUE_GROUNDED	asHash, asSubtreeHash, and asNodeKey perform no runtime validation whatsoever — each is a bare `s as Brand` cast that accepts any string, including an empty string or one that is not a valid hash format, and mints it as the branded type.
bf56f3486a46706a	packages/genesis/src/budget-types.ts	TRUE_GROUNDED	TRUE_GROUNDED	TRUE_GROUNDED	TRUE_GROUNDED	MarginalValueStop is declared as its own standalone interface with literal types (window: 20, minAdmits: 4) but is NOT a field on GenesisBudget or DeepeningLoops — it exists purely as a documented fixed policy at the type layer, separate from the budget shape a caller actually constructs.
bf6e7ab01fc5862f	packages/adapter-io/src/sidecar-abstained.ts	TRUE_GROUNDED	TRUE_GROUNDED	TRUE_GROUNDED	TRUE_GROUNDED	abstainedFromWire discards the entire abstention ledger (falling back to {}) if even a single entry in the wire array is malformed, rather than dropping only the bad entry.
bfb1b9812021aad1	packages/adapter-io/test/policy.test.ts	TRUE_GROUNDED	TRUE_GROUNDED	TRUE_GROUNDED	TRUE_GROUNDED	A committed policy.json with a JSON key literally named '__proto__' under scopes is tested to load without rebinding the parsed scopes object's prototype (it stays null), proving the loader constructs scopes as a null-proto map rather than assigning into a plain object literal (which would fire the __proto__ setter).
bfb2cb9c4fc1452a	packages/mcp-server/test/error-attribution-mcp.test.ts	TRUE_GROUNDED	TRUE_GROUNDED	TRUE_GROUNDED	TRUE_GROUNDED	The class-(a) test proves a schema-violating argument is rejected as malformed-args at the handler layer before the underlying tool leg is ever invoked: it wraps the leg to increment a counter and asserts that counter is still 0 after the call.
bfbb89a14d36b589	packages/index/test/build-key-mint.test.ts	TRUE_GROUNDED	TRUE_GROUNDED	TRUE_GROUNDED	TRUE_GROUNDED	The MALFORMED refinement local test shows the mint escapes a local component that itself contains an embedded '::' and a trailing ':' wholesale into a single segment, rather than splitting on the local's own internal '::' — the minted key has exactly two '::'-segments, not three.
bfca0bb524a37b94	packages/memory/test/wp-6.24-a-mem.test.ts	TRUE_GROUNDED	TRUE_GROUNDED	TRUE_GROUNDED	TRUE_GROUNDED	pullTail takes the unrolled `root` object directly as its first argument rather than the already-computed rollup result `a`, so fetching a facet's pull-reachable tail does not require having called rollup() at all.
c08c2dd2ae8825fb	packages/adapter-io/test/own-two-bands.test.ts	TRUE_GROUNDED	TRUE_GROUNDED	TRUE_GROUNDED	TRUE_GROUNDED	A row whose tier is off-lattice (outside the recognized T0-T3 governance tiers used by the two bands) is excluded from both the invariants and advisory bands and is also excluded from advisoryDropped and pullReachable, so it leaves no trace at all in the briefing's truncation accounting.
c1264bf1d53c6dda	packages/grounding/test/wp-4.10-c-grd.test.ts	TRUE_GROUNDED	TRUE_GROUNDED	TRUE_GROUNDED	TRUE_GROUNDED	ground() fails closed at the WHOLE-FACT level, not per-citation: if even one of a fact's citations is unresolvable, the entire returned grounding has zero entries (not just the resolvable citations surviving alone), so a fact with two citations where only one dangles ends up completely ungrounded rather than partially grounded.
c24136881fd7795b	packages/adapter-io/test/door-regression-scope-wellformed.test.ts	TRUE_GROUNDED	TRUE_GROUNDED	TRUE_GROUNDED	TRUE_GROUNDED	keyOf() computes the identical nodeKey for two facts at the same anchor even when their `scope` fields differ in both type and value (an array vs. the string 'core'), directly demonstrating that scope plays no role at all in the node-key derivation.
c27cee21270f5c32	packages/persist/test/transcript-persist.test.ts	TRUE_GROUNDED	TRUE_GROUNDED	TRUE_GROUNDED	TRUE_GROUNDED	toGitPointer produces an object with exactly two keys, `sha` and `store`, and the `store` value is the literal string 'cas' — the pointer never carries any transcript body bytes, only the content hash and a fixed store discriminant.
c2d61f34412a05e2	packages/adapter-io/src/model-config.ts	TRUE_GROUNDED	TRUE_GROUNDED	TRUE_GROUNDED	TRUE_GROUNDED	parseModelConfig only checks that costCapNum and costCapDen are both positive integers given together — it never validates that the ratio is sensible (e.g. num <= den), so a config with costCapNum > costCapDen (a cost cap over 1.0) is accepted without complaint.
c37e1c4ba2a8e7d1	packages/retrieval/test/wp-2.8-b-retr.heldout.test.ts	TRUE_GROUNDED	TRUE_GROUNDED	TRUE_GROUNDED	TRUE_GROUNDED	The rank oracle's tie-break order is tier, then ppr descending, then distance ascending, then nodeKey — so ppr dominates distance in the ordering, meaning a farther node with higher ppr (e_hub at distance 2) outranks a closer node with lower ppr (e_leaf at distance 1) at the same tier.
c3aaf28294221fdd	packages/cli/test/wp-96-identity-scrub.test.ts	TRUE_GROUNDED	TRUE_GROUNDED	TRUE_GROUNDED	TRUE_GROUNDED	decideStaging scrubs a relation's or negation's identity-bearing fields (endpointA/endpointB, target/scope) individually before minting the row, so re-deriving relationKey/negationKey from those same scrubbed values externally reproduces the row's actual nodeKey byte for byte.
c3d446cae59b8e1b	packages/knowledge/src/read/sameas.ts	TRUE_GROUNDED	TRUE_GROUNDED	TRUE_GROUNDED	TRUE_GROUNDED	pairKey encodes an unordered pair as `${lo.length}:${lo}${hi}` (length-prefixed, no separator character), rather than joining the two strings with a delimiter, so the split point is recovered from the numeric prefix instead of being searched for inside the concatenated payload.
c426f0b7e084a1e2	packages/genesis/src/admit-harness.ts	TRUE_GROUNDED	TRUE_GROUNDED	TRUE_GROUNDED	TRUE_GROUNDED	buildSound unconditionally stamps seal:'proven' regardless of whether witnessOf returns a witness or undefined, so the type-expressible GEN-12k arm (which has no target/scope legs and therefore no witness) still gets the same proven seal as the dependency/count/definition arms that do carry a re-provable witness.
c43d6753fa4d38f7	packages/tools/src/doctor.ts	TRUE_GROUNDED	TRUE_GROUNDED	TRUE_GROUNDED	TRUE_GROUNDED	hotSet()'s over-budget flag uses a strict greater-than comparison (size > budget), so a hot-set whose size exactly equals the budget is NOT flagged over — only strictly exceeding the budget trips the advisory.
c4b88d08f53fcc59	packages/adapter-io/src/compose.ts	TRUE_GROUNDED	TRUE_GROUNDED	TRUE_GROUNDED	TRUE_GROUNDED	In buildGate, the gateHolds function receives an `_at: Hash` parameter that is never referenced in its body, so the rev/sha argument passed to it plays no role in computing the returned verdict.
c4fc2469d303493e	packages/persist/src/source.ts	TRUE_GROUNDED	TRUE_GROUNDED	TRUE_GROUNDED	TRUE_GROUNDED	clone() calls exportCas(cas) directly rather than calling the exportStore() helper defined later in the same file, even though exportStore is just a one-line wrapper around exportCas doing the identical serialization.
c54842876ff7de15	packages/adapter-io/src/own-source.ts	TRUE_GROUNDED	TRUE_GROUNDED	TRUE_GROUNDED	TRUE_GROUNDED	relationSetFor excludes a candidate dependent fact from the dependents list whenever that fact's own anchor already lies under the queried scope, treating it as the unit's own content rather than something that depends on it, even though it was reached via the scope's blastRadius entry.
c5cb1fb713b159c1	packages/adapter-io/src/own-bands.ts	TRUE_GROUNDED	TRUE_GROUNDED	TRUE_GROUNDED	TRUE_GROUNDED	governingGotchas evaluates atLeastT1 using a hardcoded 'FRESH' freshness placeholder rather than the caller-supplied freshnessOf oracle, unlike governingInvariants and advisoryBand which both call freshnessOf(row.fact) for the same tier check.
c6c5f2bdb5893eb7	packages/knowledge/src/write/authz.ts	TRUE_GROUNDED	TRUE_GROUNDED	TRUE_GROUNDED	TRUE_GROUNDED	isScope checks `typeof v === 'string'` before ever checking length, so it rejects a String wrapper object, a Symbol, an array, or any object with a coercing toString/valueOf outright, without ever reaching a comparison that would coerce such a value.
c6e634778db78169	packages/index/test/ownership.test.ts	TRUE_GROUNDED	FALSE	FALSE	FALSE	reconcileModelCalls() returns 0 across every scenario in this suite, including both the golden cases and the 200-run property test that varies domain author, override, and tier, confirming reconcile never invokes a model regardless of manifest listing or override state.
c7cb447a7df0531e	packages/adapter-io/src/escape/target-escapes.ts	TRUE_GROUNDED	TRUE_GROUNDED	TRUE_GROUNDED	TRUE_GROUNDED	The returned targetEscapes lookup sorts its witness-sites array before returning it, so the witnesses come back in lexical order rather than in the document-scan order they were discovered/appended in.
c7dee77e79661611	packages/adapter-io/test/store.test.ts	TRUE_GROUNDED	TRUE_GROUNDED	TRUE_GROUNDED	TRUE_GROUNDED	This test statically re-reads store.ts's own source at runtime and asserts its import lines never mention routeWrite or upsert, enforcing that rehydrateProjection cannot depend on the routing seam by construction, not merely by spying on the put() call count during one rehydrate run.
c8096bbcfb6283c7	packages/cli/test/mine-contention.test.ts	TRUE_GROUNDED	TRUE_GROUNDED	TRUE_GROUNDED	TRUE_GROUNDED	A pass can stage a second claim about the same symbol it already staged in an earlier upsert within the same run, and both claims land on the SAME minted nodeKey with claims appended in order, rather than the second claim being excluded because the symbol appears to already exist in the snapshot.
c863bb2b012d3187	packages/index/test/merkle-core.regression.test.ts	TRUE_GROUNDED	TRUE_GROUNDED	TRUE_GROUNDED	TRUE_GROUNDED	id({rId, status, freshness}) with two different status/freshness values still produces the SAME hash (asserted directly with different 's'/'X' and 2/9), proving canonicalForm silently strips the status/freshness fields from any preimage rather than merely ignoring them by convention.
c897484df8c9089f	packages/tools/test/wp-6.22-tools.test.ts	TRUE_GROUNDED	TRUE_GROUNDED	TRUE_GROUNDED	TRUE_GROUNDED	SCN-TOOLS-14c-1 supplies a pull hook that THROWS if ever invoked, and asserts pullCalls stays 0 after onTransition, so the test proves the boundary push path never even attempts to call pull, rather than merely tolerating a pull failure or an unavailable harness.
c8b1c49fe19205e5	packages/persist/test/transcript-store-redaction.test.ts	TRUE_GROUNDED	TRUE_GROUNDED	TRUE_GROUNDED	TRUE_GROUNDED	put(scrub(bytes)) and put(bytes) always yield the same content hash, since the store scrubs every input before addressing it, so a caller who pre-scrubs before calling put gets no different result than one who does not.
c95b79b93843e63e	packages/adapter-io/test/door-regression-commit-retry.test.ts	TRUE_GROUNDED	TRUE_GROUNDED	TRUE_GROUNDED	TRUE_GROUNDED	The commit retry loop is bounded at exactly 64 attempts: when a rival writer wins the compare-and-swap on every single attempt, the emit door makes exactly 64 tries (asserted via `expect(n).toBe(64)`) before giving up and returning the `contended` refusal with nothing written.
c95eee5862a29be4	packages/knowledge/test/wp-4.11-a-know.truthgate.test.ts	TRUE_GROUNDED	TRUE_GROUNDED	TRUE_GROUNDED	TRUE_GROUNDED	mkGate's gateHolds only consults isGrounded/freshness when the incoming candidate status is exactly 'HOLDS'; any other incoming status is returned completely unchanged without ever calling isGrounded, so a downgrade can only ever happen starting from HOLDS.
c9c644ad3ed0dacf	packages/genesis/test/wp-8.28-a-gen.test.ts	TRUE_GROUNDED	TRUE_GROUNDED	TRUE_GROUNDED	TRUE_GROUNDED	SCN-GEN-2d-1's big-frontier case uses gateEmitAll (100% admit rate) specifically so the marginal-value halt never triggers, isolating the hard ceiling: with a 500-site frontier it asserts calls.length is exactly 200, not merely <=200, proving the ceiling is reached and not cut short by the marginal-window logic under full admission.
cabcac49e50c096a	packages/knowledge/test/fastpath-isgrounded-parity.test.ts	TRUE_GROUNDED	TRUE_GROUNDED	TRUE_GROUNDED	TRUE_GROUNDED	A Grounding with one valid entry and one entry carrying an undefined subtreeHash is refused entirely by both isGrounded implementations rather than partially accepted, so a single bad entry among several good ones sinks the whole grounding.
cae2207d2508ea81	packages/e2e-blackbox/test/s-sound-default.blackbox.test.ts	TRUE_GROUNDED	TRUE_GROUNDED	TRUE_GROUNDED	TRUE_GROUNDED	The test asserts exactly 3 separate lines containing 'atlas doctor index' (one per arm), not a single shared guidance line, proving each of the three arms (advisory/dependency/count) emits its own independent why-empty next-step rather than one message printed once for the whole run.
cb6356647f577c1a	packages/index/test/coverage.heldout.test.ts	TRUE_GROUNDED	TRUE_GROUNDED	TRUE_GROUNDED	TRUE_GROUNDED	cov.gate returns false to signal a FAILING gate under this suite's stated polarity convention (true=PASS), so a caller checking gate() must not read a plain false as 'not applicable' — it means the coverage ceiling was crossed.
cc13edd56024ed8f	packages/adapter-io/test/git-history-bridge.test.ts	TRUE_GROUNDED	TRUE_GROUNDED	TRUE_GROUNDED	TRUE_GROUNDED	the shallow-clone TOTALITY test deliberately clones at depth 2 rather than depth 1, because probeHistory checks commitCount before shallowness, so a depth-1 clone would trip the low-commit-count branch first and never reach the shallow-clone check this test targets.
cc162548762308cb	packages/index/src/types.ts	NOT_GROUNDED	NOT_GROUNDED	TRUE_GROUNDED	NOT_GROUNDED	IndexNode deliberately has no `ppr` field even though a personalized-PageRank rank is a lead-ratified stored value elsewhere, because no reference scopes that field to IndexNode or Rollup, so PPR must live on some other record.
cc46116e1200cb42	packages/knowledge/test/negation-key.test.ts	TRUE_GROUNDED	TRUE_GROUNDED	TRUE_GROUNDED	TRUE_GROUNDED	The relationKind vocabulary check in negationKey is case-sensitive: the uppercase variant 'CALLS' of the valid lowercase kind 'calls' is rejected as off-vocabulary, not silently normalized or accepted.
ccd05a073cc65de5	packages/grounding/src/subtree.ts	TRUE_GROUNDED	TRUE_GROUNDED	TRUE_GROUNDED	TRUE_GROUNDED	bindSubtree applies canonicalForm to the unit BEFORE handing it to encoder.hash (asSubtreeHash(encoder.hash(canonicalForm(unit)))), so the injected Encoder itself receives already-canonicalized bytes and is never responsible for canonicalizing its own input.
cd137e55f90af208	packages/adapter-io/test/wire.test.ts	TRUE_GROUNDED	TRUE_GROUNDED	TRUE_GROUNDED	TRUE_GROUNDED	legWired treats a leg as wired whenever handle() does NOT return the specific 'not wired at this seam' rejection string, so a leg that is present but fails for its own domain/argument reasons still counts as wired — the same as one that fully succeeds.
cd2e6cc2425833c6	packages/cli/test/mine-cas-unaddressable-refusal.test.ts	TRUE_GROUNDED	TRUE_GROUNDED	TRUE_GROUNDED	TRUE_GROUNDED	main()'s promise itself rejects (not resolves to some non-zero exit code) when the thrown error is off the mine-catch's allow-list, unlike the allow-listed and success cases which both resolve to a numeric exit code — so a foreign error changes main's settlement kind, not just its return value.
cd9c6ddb0f676bc8	packages/knowledge/src/lifecycle/evaluator.ts	TRUE_GROUNDED	TRUE_GROUNDED	TRUE_GROUNDED	TRUE_GROUNDED	admit() rejects an assertion expr with more than 3 pipe-delimited parts (parts.length !== 3), but evalAssertion itself only destructures the first three parts and silently ignores any extras, so calling evaluate() directly (bypassing admit) on such a malformed expr still produces a real HOLDS/BROKEN verdict rather than NA.
cda976e8778879f2	packages/adapter-io/test/harness/promote-fixtures.ts	TRUE_GROUNDED	TRUE_GROUNDED	TRUE_GROUNDED	TRUE_GROUNDED	stageRowWithoutBytes stages a row using the fact's REAL content address (the same hash a normal stage would compute), simulating a pruned CAS rather than a fabricated or malformed hash.
cdc4677883a8796a	packages/adapter-io/src/policy.ts	TRUE_GROUNDED	TRUE_GROUNDED	TRUE_GROUNDED	TRUE_GROUNDED	A malformed `anchors` field inside `authz` causes parseAuthz to return undefined, which propagates through parsePolicy to discard the ENTIRE policy (including the otherwise-valid `scopes` and `t0Heuristic` legs) and fall back to defaultPolicy, rather than degrading just the anchors binding to absent.
ce459797a9c2d9f4	packages/retrieval/test/wp-6.19-retr.pack.test.ts	NOT_GROUNDED	TRUE_GROUNDED	TRUE_GROUNDED	TRUE_GROUNDED	mergedPack over multiple territories shares ONE PACK_CAP token budget across all of them combined, not a separate PACK_CAP allotment per territory, so packing K territories together yields a strictly smaller total than packing each one individually.
ce6101ca78b6dcb7	packages/index/src/fold.ts	TRUE_GROUNDED	TRUE_GROUNDED	TRUE_GROUNDED	TRUE_GROUNDED	objFingerprint mints a node's state fingerprint through the sealed id() seam over a structured {objects} preimage rather than joining the objects array into one string, specifically because a separator-joined fingerprint would let a value crossing an array-index boundary collide (e.g. ["a b"] and ["a","b"] would fingerprint identically under string-joining).
cf9e780c5b447d06	packages/adapter-io/test/sidecar.test.ts	TRUE_GROUNDED	TRUE_GROUNDED	TRUE_GROUNDED	TRUE_GROUNDED	The concurrency test's child-process writer imports the store implementation from a compiled dist path (dist/src/store.js) rather than the .ts source, since spawned Node subprocesses cannot import TypeScript directly.
d08e9b6497d465dc	packages/adapter-io/test/reverify-store.test.ts	TRUE_GROUNDED	TRUE_GROUNDED	NOT_GROUNDED	TRUE_GROUNDED	A bare-directory primaryAnchor 'src/' (trailing slash, no filename) satisfies the scope-containment binding trivially because unitScopeOf strips the trailing slash as if it were a filename component, so this case is caught only by the separate document-existence check, not by the scope check.
d09d0345c82536cc	packages/cli/test/promote-cli.test.ts	TRUE_GROUNDED	TRUE_GROUNDED	TRUE_GROUNDED	TRUE_GROUNDED	promoteVerdict distinguishes an unreadable staging read (read:false) from an honestly empty one (read:true, candidates:0) with different exit codes (2 vs 0) and different stdout text, explicitly asserting the unreadable case's output does NOT contain the phrase used for the empty case ('staging holds no candidates').
d0ead54bd9e70cf1	packages/adapter-io/test/harness/fix-repo.ts	TRUE_GROUNDED	TRUE_GROUNDED	TRUE_GROUNDED	TRUE_GROUNDED	makeFixRepo writes the UNTRACKED files (dist/bundle.js, debug.log) to disk before running git add, relying on the committed .gitignore to exclude them from the commit rather than simply never writing them at all.
d10807e12e14420e	packages/adapter-io/test/support/sem-bench-driver.ts	TRUE_GROUNDED	TRUE_GROUNDED	TRUE_GROUNDED	TRUE_GROUNDED	the `dep-F` pool key is the sole entry in the UNCAPPED set, so it is the only one of the seven capped pools (dep-T, neg-T, neg-F, cnt-T, cnt-F, rel-T, rel-F) exempted from the SEM_BENCH_CAP truncation and is instead measured exhaustively.
d11323252ecb47e0	packages/kernel/src/log.ts	TRUE_GROUNDED	TRUE_GROUNDED	TRUE_GROUNDED	TRUE_GROUNDED	isEvent's guard checks only that `supersedes` is an Array via Array.isArray, without validating the type of any element inside it, so append() will admit an event whose supersedes array holds arbitrary non-Hash values.
d120d4f012f5618c	packages/memory/src/logbook.ts	TRUE_GROUNDED	TRUE_GROUNDED	TRUE_GROUNDED	TRUE_GROUNDED	consult() returns an empty array, not the full entry list, when the query object has none of the recognized filter keys (prId/date/territory) — an unfiltered or unrecognized query yields nothing rather than everything.
d137851dad6aeec2	packages/cli/test/mine-model-wired.test.ts	TRUE_GROUNDED	TRUE_GROUNDED	TRUE_GROUNDED	TRUE_GROUNDED	Configuring the proposer as the `true` binary (exit 0, empty stdout) makes a real pass genuinely count as 2 llmCalls while every site abstains, demonstrating the CLI treats an empty-stdout model response as a real proposer call rather than as evidence no model is wired.
d1bef67f17c1274d	packages/kernel/test/heldout-krn-fold.test.ts	TRUE_GROUNDED	TRUE_GROUNDED	TRUE_GROUNDED	TRUE_GROUNDED	headByContentHash filters entries to only those that are fresh AND have an empty supersedes array before taking the max by contentHash, so a fresh entry that supersedes another entry would be excluded from head selection even though it is marked fresh.
d23a69ee2d1ebec3	packages/knowledge/test/archive-unaddressable.test.ts	TRUE_GROUNDED	TRUE_GROUNDED	TRUE_GROUNDED	TRUE_GROUNDED	The sealed kernel createStore()'s own put() silently returns the empty string '' (not undefined, not a throw) when handed an object carrying a float like confidence:1.5, as directly demonstrated by the PREMISE test calling createStore().put() with no wrapper involved.
d2441ad72e0810f1	packages/cli/test/init-gitignore.test.ts	TRUE_GROUNDED	TRUE_GROUNDED	TRUE_GROUNDED	TRUE_GROUNDED	A gitignore file where the Atlas rule lines are commented out (prefixed with '#') is treated as though the rule were entirely absent — outcome 'installed', matching a fresh file's outcome — not 'partial-repaired' or 'already-present', because the matcher compares exact trimmed line text rather than substring containment.
d44ab4e17c24d60c	packages/knowledge/src/write/archive.ts	TRUE_GROUNDED	TRUE_GROUNDED	TRUE_GROUNDED	TRUE_GROUNDED	supersede checks addressability only on the OLD node's CAS put; the new/superseding node is never put through the store or checked for addressability at all — it is returned unchanged.
d453481c7061439e	packages/knowledge/src/read/negations.ts	TRUE_GROUNDED	TRUE_GROUNDED	TRUE_GROUNDED	TRUE_GROUNDED	negationsOf reads a negation's `target` field off `node.endpointB` rather than off a dedicated negation-specific property, so the negation row's target identity leg physically lives on the same carrier a relation row uses for its second endpoint.
d4dde8044ac80bbf	packages/cli/test/mine-render-seeded-count.test.ts	NOT_GROUNDED	NOT_GROUNDED	NOT_GROUNDED	NOT_GROUNDED	seededCount falls back to r.seeded.length only when the report has no coverage ledger at all (ledgerSeededIds returns undefined) — a report that has a coverage ledger but whose sites are all outcomes other than 'seeded' would report 0 from the ledger rather than falling back to r.seeded.length.
d4f7054ed355ad13	packages/retrieval/src/ledger.ts	TRUE_GROUNDED	TRUE_GROUNDED	TRUE_GROUNDED	TRUE_GROUNDED	KINDS, the order budget() rows emit in, is Object.keys(BASE_CAP) SORTED — this reorders the eight InjectionKind entries alphabetically rather than preserving the declaration order they were written in (awareness, orientation, projectMem, own, pack, protocols.safetyCritical, protocols.advisory, poke).
d524bd0cb9ca3e7b	packages/adapter-io/test/read-provenance-refusal.test.ts	TRUE_GROUNDED	TRUE_GROUNDED	TRUE_GROUNDED	TRUE_GROUNDED	poisonedRepo's put() function writes the forged CAS object and projection.json directly to disk with writeFileSync, never calling createGovernedEmit or any other door, so the forged fact enters the repo without passing through any gate the runtime otherwise enforces.
d55c94a002ccbb45	packages/cli/test/mine-answer-scrub-fitness.test.ts	TRUE_GROUNDED	TRUE_GROUNDED	TRUE_GROUNDED	TRUE_GROUNDED	The audit's hasScrub flag only guards against a totally-absent scrub() call (NO-SCRUB); a mutant that calls scrub(...) but assigns its result to an unused variable while storing the raw answer elsewhere still passes the hasScrub check yet is separately caught by the per-site data-flow check (CAS-ID-NOT-SCRUBBED/STORED-OBJECT-NOT-SCRUBBED), showing the two checks are independent, not one implying the other.
d566126ebf2bff81	packages/tools/test/link-retract-schema.test.ts	TRUE_GROUNDED	TRUE_GROUNDED	TRUE_GROUNDED	TRUE_GROUNDED	When retract is given a string value instead of a boolean, the handler rejects it as malformed-args and v.data is asserted to be undefined, proving the echoing atlas-link leg is never invoked at all for a type-invalid retract argument.
d5cae55bb461d658	packages/genesis/test/wp-6.18-gen.test.ts	TRUE_GROUNDED	TRUE_GROUNDED	TRUE_GROUNDED	TRUE_GROUNDED	seedGate's verdict object omits the `obviousness` field entirely (rather than setting it to undefined) when no ObviousnessScore argument is passed, verified by the test asserting `'obviousness' in seedGate(c)` is false.
d5d3e10bfd2a2b68	packages/tools/src/fault.ts	TRUE_GROUNDED	TRUE_GROUNDED	TRUE_GROUNDED	TRUE_GROUNDED	objectReason's per-property loop only validates a declared property when it is present in the argument bag (`if (!(key in bag)) continue`), so this module never flags a missing required field itself — that case is covered only by the separate missingRequiredReason function invoked on the throw path.
d61552df69fd12f0	packages/tools/src/diff.ts	TRUE_GROUNDED	TRUE_GROUNDED	TRUE_GROUNDED	TRUE_GROUNDED	isHash validates only that a value's typeof is 'string', with no length or hex-format check, so render() would treat an empty string as a well-formed sha and pass it through to source.diff() unrejected.
d61c421f0646c43b	packages/knowledge/src/ratify/ratify.ts	TRUE_GROUNDED	TRUE_GROUNDED	TRUE_GROUNDED	TRUE_GROUNDED	ratify() only special-cases the T0 tier; any staged candidate whose tier is not T0 (T1, T2, or anything else) commits with any non-empty token.by string, so the function's tier-branch logic treats every non-T0 tier identically.
d64c2b611519f530	packages/knowledge/test/evaluator.know16.test.ts	TRUE_GROUNDED	TRUE_GROUNDED	TRUE_GROUNDED	TRUE_GROUNDED	evaluate() distinguishes an unrecognized index-query operator from a recognized-but-failing one: an unknown op like 'unrecognized-op|x' yields NA, while a well-formed 'exists|...' query against a genuinely absent target yields BROKEN, rather than both collapsing to the same verdict.
d66f619d4e6fba62	packages/genesis/src/rank.ts	NOT_GROUNDED	NOT_GROUNDED	NOT_GROUNDED	NOT_GROUNDED	The provableFirst stable-partition reorder inside createMine is only correctly honored because the downstream mine.ts call site passes runExtract a single-site array; if a caller ever routed the whole multi-site ranked frontier through runExtract (which sorts ppr-primary), that reorder would be silently undone.
d6f82aed3ec8365a	packages/e2e-blackbox/test/s29-closed-slot.blackbox.test.ts	TRUE_GROUNDED	TRUE_GROUNDED	TRUE_GROUNDED	TRUE_GROUNDED	The 'refused slot left NO node behind' test deliberately keeps a console.log of the served rows in the committed test code (with an eslint-disable-next-line no-console comment) rather than removing the debug print, so the test's own output shows the query rows on every run.
d7b5b328fb315a64	packages/cli/src/marshal.ts	TRUE_GROUNDED	TRUE_GROUNDED	TRUE_GROUNDED	TRUE_GROUNDED	marshalLink has no way to explicitly request retract:false — any supplied value for --retract other than 'true' (including the literal '--retract=false') is refused as a marshal error, so the only way to assert (retract:false) is to omit the --retract flag entirely.
d83d5682004c3c0c	packages/adapter-io/src/compose-mine-admission.ts	TRUE_GROUNDED	TRUE_GROUNDED	TRUE_GROUNDED	TRUE_GROUNDED	doors.nonObvious is hardcoded to always return false, so this admission gate scores every mined claim as 'obvious' unconditionally rather than computing any real signal for it.
d860edcb32d3e369	packages/kernel/test/event-builders.ts	TRUE_GROUNDED	TRUE_GROUNDED	TRUE_GROUNDED	TRUE_GROUNDED	The `node` builder keys its entries Map by `contentHash`, so if two Events passed to it share the same contentHash but differ in id/payload/seq, only the LAST one in the input array survives in the resulting Node — the earlier one is silently overwritten rather than both being retained.
d8988934816f66d6	packages/persist/test/merge.test.ts	TRUE_GROUNDED	TRUE_GROUNDED	TRUE_GROUNDED	TRUE_GROUNDED	The fold-merge head resolution for two colliding events with identical seq values (both seq=5 in the direction-independence test) still deterministically picks a winner purely by comparing contentHash strings, proving seq plays no role in head selection even when it is equal across the two candidates.
d8d0cb899ce37b80	packages/persist/test/heldout-pst-reconstruct.test.ts	TRUE_GROUNDED	TRUE_GROUNDED	TRUE_GROUNDED	TRUE_GROUNDED	the `set()` helper deduplicates by event id using `if (!m.has(e.id)) m.set(...)` (first-write-wins on id collision), so this file's fixtures rely on every event id being unique across g/h/i/w/x rather than on the map's natural last-write-wins overwrite semantics.
d98ea2a683aa21fd	packages/cli/src/mine-proposer.ts	TRUE_GROUNDED	TRUE_GROUNDED	TRUE_GROUNDED	TRUE_GROUNDED	captureModelIdentity's --version probe discards stderr entirely (stdio: ['ignore','pipe','ignore']), so a failing binary's error message is never captured into the identity string — only the generic 'probe failed' note is.
d9a484809c5e73a1	packages/adapter-io/test/negation-recall-win-blackbox.test.ts	TRUE_GROUNDED	TRUE_GROUNDED	TRUE_GROUNDED	TRUE_GROUNDED	rangeOf(OTHER, 'greet', 2) is used to locate the occurrence for OTHER.ts's GREET symbol, deliberately picking the SECOND textual match of 'greet' in that file (the call site 'return greet()') rather than the first match, which falls inside the import statement 'import { greet } from ...'.
d9d877c9353c4e53	packages/cli/test/error-attribution-cli.test.ts	TRUE_GROUNDED	TRUE_GROUNDED	TRUE_GROUNDED	TRUE_GROUNDED	The class-(a) test shows the CLI's argv marshalling for `reconcile` cannot itself produce a type-invalid `--by` value (the parser folds it to a string), so the malformed-args case can only be reached by calling handler.handle directly with a raw envelope, bypassing the CLI's own argv path entirely.
da52fa9a030bd3fb	packages/knowledge/src/lifecycle/freshness.ts	TRUE_GROUNDED	TRUE_GROUNDED	TRUE_GROUNDED	TRUE_GROUNDED	bindFreshness collapses the oracle's 3-state grounding Freshness down to 2 states by treating anything other than the literal string 'FRESH' as DRIFTED, so a STALE verdict from the injected oracle would also read as DRIFTED here rather than being distinguished.
da8a84f50ad90c71	packages/kernel/test/portable.test.ts	TRUE_GROUNDED	TRUE_GROUNDED	TRUE_GROUNDED	TRUE_GROUNDED	the tampered-body-under-an-honest-key test builds its forged import dump by JSON.stringify'ing a literal `{format:'atlas-okf', version:1, objects:{...}}` object directly rather than by calling exportCas() and mutating its output, so the envelope shape it exercises is hand-written to match the importer's expectations rather than derived from the real exporter.
dac006f4557c0cf6	packages/knowledge/src/ratify/tier.ts	TRUE_GROUNDED	TRUE_GROUNDED	TRUE_GROUNDED	TRUE_GROUNDED	tierRank inverts STRICTNESS's numbering so T0 ranks 0, T1 ranks 1, and T2 ranks 2, while an unrecognized value ranks last at TIER_COUNT (3) rather than first.
dad13cd0849eb55a	packages/grounding/test/ground-fail-closed.test.ts	TRUE_GROUNDED	TRUE_GROUNDED	TRUE_GROUNDED	TRUE_GROUNDED	For a 3-citation fact, dropping any single one of the three citations (index 0, 1, or 2) always makes the whole ground() result unGrounded, so the fail-closed-per-fact behavior holds regardless of WHICH citation position is lost, not just for a specific subset.
db0e76611467bc9b	packages/adapter-io/test/negation-bench.test.ts	TRUE_GROUNDED	TRUE_GROUNDED	TRUE_GROUNDED	TRUE_GROUNDED	The parse-tolerant 'ceiling' arm filters dynamicReach witnesses by string-suffix match on exactly two tags (':unparsed' and ':js-unscanned'), dropping only those two fail-closed categories while treating every other witness suffix as a real dynamic channel.
db11e3f32907e1db	packages/e2e/test/s03-truth-gate.e2e.test.ts	TRUE_GROUNDED	TRUE_GROUNDED	TRUE_GROUNDED	TRUE_GROUNDED	gate.gateHolds only ever downgrades a verdict, never upgrades: a non-HOLDS verdict like 'advisory' or 'BROKEN' passes through completely unchanged even when the grounding is valid and fresh, so the gate cannot promote a weaker verdict to HOLDS on its own.
db65c41752c1393b	packages/adapter-io/test/wire-precomputed-parity.test.ts	TRUE_GROUNDED	TRUE_GROUNDED	TRUE_GROUNDED	TRUE_GROUNDED	precomputedConfig treats its seven precomputed fields asymmetrically: axes/rawTree/fileTree/scipOutput/symbolReverse are always spread in unconditionally, while indexerName/targetEscapes/dynamicReach are conditionally omitted from the object entirely when their computed value is undefined.
dbdb6d44d5ababf8	packages/e2e-blackbox/test/s23-error-attribution.blackbox.test.ts	TRUE_GROUNDED	TRUE_GROUNDED	TRUE_GROUNDED	TRUE_GROUNDED	Committing only .atlas/projection.json makes 'query' exit 0 (narrowed, not refused), while committing only .atlas/staging.json makes the same 'query' exit 2 with an untrusted-store refusal, so which of the two sidecar files was accidentally tracked determines whether a read is served or refused.
dc3010da282e2b61	packages/adapter-io/src/reverify-store.ts	TRUE_GROUNDED	FALSE	TRUE_GROUNDED	TRUE_GROUNDED	Unlike reverifyRelation and reverifyFact, which each check that an anchor/endpoint scope aligns with the witness's own scope before replay, reverifyNegation performs no such anchor-scope binding check at all — it only checks target/scope non-emptiness and that the scope still has documents.
dcaba25c55a3b9d5	packages/adapter-io/src/scip.ts	TRUE_GROUNDED	TRUE_GROUNDED	TRUE_GROUNDED	TRUE_GROUNDED	Of the six LangId values declared (ts, py, go, java, rust, rb), REAL_INDEXER only configures entries for ts and py — planIndexers routes every other language straight to the HONEST_HOLE sentinel with empty args.
de07eb09ef374ae8	packages/adapter-io/test/doctor-entry-symmetry.test.ts	TRUE_GROUNDED	TRUE_GROUNDED	TRUE_GROUNDED	TRUE_GROUNDED	gate.gateHolds never reads the fact's own stored freshness field at all: the test deliberately mis-stamps a genuinely fresh, HOLDS-worthy fact's freshness to 'DRIFTED' and gateHolds still returns 'HOLDS', proving the field is completely inert at the emit door regardless of its value.
de2b83dbd1cd6b39	packages/retrieval/test/wp-6.22-retr.drop.test.ts	TRUE_GROUNDED	TRUE_GROUNDED	TRUE_GROUNDED	TRUE_GROUNDED	specDropOrder's warm-vs-cold branch is decided per call by checking whether ANY row in the passed-in rows array has hits > 0 (`rows.some((r) => r.hits > 0)`), not by a separate flag, so a mixed batch with only one nonzero-hits row is still classified entirely as 'warm' and sorted by hitRate rather than falling back to cold-start order.
df41f36345f67640	packages/adapter-io/test/actor-is-unauthenticated.test.ts	TRUE_GROUNDED	TRUE_GROUNDED	TRUE_GROUNDED	TRUE_GROUNDED	Three of this suite's four cases assert by reading compose.ts/policy.ts source text with readFileSync and checking string containment (exact substrings/sentences), rather than exercising any runtime behavior of the code under test.
df65b87d0062b3da	packages/cli/test/marshal-link-retract.test.ts	TRUE_GROUNDED	TRUE_GROUNDED	TRUE_GROUNDED	TRUE_GROUNDED	The strict unknown-flag refusal is scoped to the 'link' command only: 'query --nonsense' and 'reconcile --whatever' both still succeed (ok:true), silently ignoring the unrecognized flag, so the marshaller's strictness is per-command rather than a shared, uniform property of the CLI.
e084d7db8c24b631	packages/cli/test/reverify-cli.test.ts	FALSE	TRUE_GROUNDED	FALSE	FALSE	The wrong-directory refusal test proves the injected reverify thunk is never invoked (calls stays 0) and exits 2 when cwd lacks .atlas/, while the adjacent test proves an existing-but-empty .atlas/ DOES invoke the thunk (calls becomes 1) and exits 0 — the same 'no work found' surface text is reachable through two behaviorally distinct paths.
e0aa038950191488	packages/persist/src/diff.ts	TRUE_GROUNDED	TRUE_GROUNDED	TRUE_GROUNDED	TRUE_GROUNDED	partition() silently drops an entry from every bucket (added/edited/superseded/decayed) whenever provOf(signal) returns undefined, even after the entry was already routed into a specific bucket by the head-comparison logic — so a provenance-less change produces no visible diff entry at all rather than an error.
e0cc2e56347a08f8	packages/index/test/rollup.test.ts	TRUE_GROUNDED	TRUE_GROUNDED	TRUE_GROUNDED	TRUE_GROUNDED	SCN-INDEX-12a-1 changes only the node's status field (active to stale) between the two createRollup calls while holding freshness fixed at the same value (1) in both, so the assertion that rId stays unchanged is demonstrated only for a status change, not for a change to the freshness value.
e1673fcf3a7711e1	packages/e2e-blackbox/test/s32-verify-fact.blackbox.test.ts	TRUE_GROUNDED	TRUE_GROUNDED	TRUE_GROUNDED	TRUE_GROUNDED	PHANTOM never appears anywhere in the INDEX fixture array (neither as a define nor a reference entry), so its unresolvability in the test comes purely from total absence from the index rather than from an explicit rejection record.
e23422fca6911824	packages/memory/src/types.ts	TRUE_GROUNDED	TRUE_GROUNDED	TRUE_GROUNDED	TRUE_GROUNDED	Ref is a union of StructRef OR a bare string, so any field typed Ref (grounding, ref, links) can be either a structured path@subtreeHash anchor or an unstructured pointer string, and a consumer cannot assume the structured shape without a runtime check.
e2a04f095990deb5	packages/adapter-io/test/store-fail-closed-cas.test.ts	TRUE_GROUNDED	TRUE_GROUNDED	TRUE_GROUNDED	TRUE_GROUNDED	casObjects() counts on-disk CAS entries by filtering the recursive directory listing to names containing a '/', which deliberately excludes the bare two-character shard subdirectory entries themselves and counts only the nested value files inside them.
e2ed4eaa9aa34b66	packages/knowledge/test/wp-5.13-a-know.router.test.ts	TRUE_GROUNDED	TRUE_GROUNDED	TRUE_GROUNDED	TRUE_GROUNDED	routeWrite's valid output set never includes a REJECT decision — the exhaustive product test over all 16 (contentHashHit x nodeKeyHit x family x checkSame) combinations asserts every cell lands in {DEDUP, CREATE, UPDATE, SUPERSEDE}, confirming admission/rejection is handled entirely outside this routing function.
e45d32177cc30cfd	packages/adapter-io/src/freshness-watermark.ts	TRUE_GROUNDED	TRUE_GROUNDED	TRUE_GROUNDED	TRUE_GROUNDED	For a carried-forward row (contentHash unchanged), stampGeneration prefers the incoming `row.derivedAt` over the previous generation's `before.derivedAt` via `??`, checking the NEW row's own stamp first rather than always trusting the prior generation's recorded stamp.
e4699850797b1794	packages/cli/test/mine-budget-cap.test.ts	TRUE_GROUNDED	TRUE_GROUNDED	TRUE_GROUNDED	TRUE_GROUNDED	Setting ATLAS_MINE_BUDGET to a positive integer doesn't just cap the site count — resolveMineBudget also turns OFF all three deepening loops (review, enrich, expand) on the returned budget, so a capped run cannot deepen on any site even ones within the ceiling.
e4791e8dd6298ac6	packages/knowledge/test/freshness.know3.heldout.test.ts	TRUE_GROUNDED	TRUE_GROUNDED	TRUE_GROUNDED	TRUE_GROUNDED	The fixture oracle treats an anchor whose qualifiedPath is absent from the current tree as unresolvable and defaults it to DRIFTED rather than FRESH, so a missing key fails closed instead of being treated as unchanged.
e48d09860861c6d6	packages/index/src/index.ts	TRUE_GROUNDED	TRUE_GROUNDED	TRUE_GROUNDED	TRUE_GROUNDED	Only ./types.js is re-exported with the type-only form (`export type *`); all fifteen other runtime modules listed in this barrel are re-exported with a plain value `export *`.
e49af49a214ae1e7	packages/adapter-io/test/store-fail-closed-door.test.ts	TRUE_GROUNDED	TRUE_GROUNDED	TRUE_GROUNDED	TRUE_GROUNDED	persistProjection admits an NFC/NFD key-collision row and round-trips BOTH keys with their distinct values intact (nothing is dropped), because the two normalized forms are distinct byte sequences that JSON.stringify/parse both preserve as separate object keys — the row becomes unaddressable by id rather than lossy.
e4d603d983e84658	packages/adapter-io/test/relation-door.test.ts	TRUE_GROUNDED	TRUE_GROUNDED	TRUE_GROUNDED	TRUE_GROUNDED	the crux test's two fixtures both cite identical anchors A and B with identical subtreeHash 'sh'/'sh-door', so the emit-vs-refuse split between the relation fact and the intrinsic-advisory fact is driven purely by the fact's `kind`/shape (relation vs advisory with two grounding entries), not by any difference in the grounded content itself.
e5db65f7a3cc6ea5	packages/persist/test/adjacency-oracle.ts	TRUE_GROUNDED	TRUE_GROUNDED	TRUE_GROUNDED	TRUE_GROUNDED	Of the four declared credential families, only aws-access-key-id has a `ceiling` field (16, equal to its floor), so its body length is bounded while the other three families' bodies are unbounded.
e69a628e2980171a	packages/cli/test/wp-9.x-argmarshal.test.ts	TRUE_GROUNDED	TRUE_GROUNDED	TRUE_GROUNDED	TRUE_GROUNDED	marshalArgs('init', [], {}) called directly with zero positionals still succeeds and defaults path to '.', a code path this test file's own comment says is otherwise unreachable through main() since parse enforces an init positional.
e866adf50f89ef3e	packages/cli/test/relations-cli.test.ts	TRUE_GROUNDED	TRUE_GROUNDED	TRUE_GROUNDED	TRUE_GROUNDED	The BOTH-is-default test verifies the omitted-direction output is byte-for-byte string-equal to the explicit 'both' output, not merely that both calls succeed or return the same edge count.
e8afcb5f0c60fc77	packages/e2e-blackbox/test/s1-genesis.blackbox.test.ts	TRUE_GROUNDED	TRUE_GROUNDED	TRUE_GROUNDED	TRUE_GROUNDED	The test suite sets process.env.ATLAS_RATIFY_TOKEN even though the fact is T1 (not T0), and its own comment notes a T1 fact routes to full-ratify and is visible in reads, implying full-ratify is not reserved to T0 facts alone.
e96f4aa64e3a40aa	packages/adapter-io/test/escape-assemble.test.ts	TRUE_GROUNDED	TRUE_GROUNDED	TRUE_GROUNDED	TRUE_GROUNDED	the fixture's SCIP occurrence ranges are computed by rangeOf locating the n-th plain-text occurrence of an identifier substring in the source string, not by any AST or tree-sitter-derived position, so the ranges fed into the test are purely string-search-derived even though the code under test consumes tree-sitter grammars.
e9c300b0198184c4	packages/cli/src/mine-answer.ts	NOT_GROUNDED	TRUE_GROUNDED	TRUE_GROUNDED	TRUE_GROUNDED	answerReceipt never calls store.put itself; it only computes id(obj), the same id store.put would return, so the actual CAS persistence of `obj` depends entirely on a separate caller pushing it onto the mine pass's own put array.
e9d36acd2a5ad7b5	packages/genesis/src/usefulness.ts	TRUE_GROUNDED	TRUE_GROUNDED	TRUE_GROUNDED	TRUE_GROUNDED	seedGate builds two structurally different SeedDecision object literals depending on whether obviousness is undefined, rather than always including an `obviousness` key set to undefined, so the key is entirely absent from the object rather than present-but-undefined when no score is supplied.
e9dacd2ba4cda722	packages/adapter-io/test/index-adapter.test.ts	TRUE_GROUNDED	TRUE_GROUNDED	TRUE_GROUNDED	TRUE_GROUNDED	adapter.territories() synthesizes a fixed owner of the empty string and a single glob pattern `${name}/**` for every territory returned, rather than reading owner/glob data from the underlying @atlas/index territory axis at all.
eaca0b1837e44755	packages/adapter-io/src/store-provenance.ts	TRUE_GROUNDED	TRUE_GROUNDED	TRUE_GROUNDED	TRUE_GROUNDED	classify() checks isStagingPath before isProvableStorePath, so a repo where BOTH staging and projection/cas files are tracked by git always classifies as 'tracked-staging' (the flat refusal), never 'tracked-provable', regardless of how much provable material also rode along.
eada4327bc7c7cbd	packages/genesis/src/coverage.ts	TRUE_GROUNDED	TRUE_GROUNDED	TRUE_GROUNDED	TRUE_GROUNDED	reconcile checks the unaccounted (dropped-site) condition before the duplicates condition, so a ledger with BOTH dropped sites and duplicate rows reports only the dropped-sites 'DOES NOT CLOSE' reason and never mentions the duplicates in its `why` string, even though the returned `duplicates` array is still populated.
eb24b520e8c579f2	packages/knowledge/test/wp-196a-seal.test.ts	TRUE_GROUNDED	TRUE_GROUNDED	TRUE_GROUNDED	TRUE_GROUNDED	The nodeKey-identity test attaches `seal` to the candidate via a runtime cast ('as unknown as Candidate') rather than as a declared Candidate field, and confirms nodeKey(proven) === nodeKey(noSeal) — proving nodeKey's computation ignores a seal value present on the object at runtime, not merely absent from the type.
eb3439097e2f8495	packages/adapter-io/src/prompt.ts	TRUE_GROUNDED	TRUE_GROUNDED	TRUE_GROUNDED	TRUE_GROUNDED	createFileSourceReader refuses to read a file whose final path component is a symlink unconditionally — even one that resolves to another ordinary file inside the same repository — rather than only refusing symlinks that escape the repo.
ebf1fb8da82e88cd	packages/e2e-blackbox/test/s26-surface-lies.blackbox.test.ts	TRUE_GROUNDED	TRUE_GROUNDED	TRUE_GROUNDED	TRUE_GROUNDED	The published `atlas-query` schema's `by` property is asserted to be a closed 3-value enum of exactly ['scope', 'dependency', 'trigger'], and a call with any other value (e.g. 'graph') is refused as malformed input on both the CLI and MCP transports rather than silently falling back to the default 'scope' mode.
ec4f420a10c5d7e5	packages/genesis/src/drive.ts	TRUE_GROUNDED	TRUE_GROUNDED	TRUE_GROUNDED	TRUE_GROUNDED	modelCalls is incremented by the FULL dispatched batch.length before the per-site fold loop even runs, so when a lower-ranked site faults and higher-ranked batch-mates get discarded, modelCalls still counts those discarded calls even though llmCalls and budgetSpent (incremented only inside the fold) do not.
ed2b9a680524f097	packages/cli/src/parse.ts	TRUE_GROUNDED	TRUE_GROUNDED	TRUE_GROUNDED	TRUE_GROUNDED	COMMAND_LIST, the human-readable list of valid commands shown in every ParseError message, omits 'transitions' and 'transition' even though both are valid keys in the ARITY table with their own required-positional counts — a user who mistypes either command never sees it listed as a valid option in the error.
ed30b4dccf5c22d8	packages/cli/src/own.ts	TRUE_GROUNDED	TRUE_GROUNDED	TRUE_GROUNDED	TRUE_GROUNDED	nextLine computes its `facts` count by summing invariants, gotchas, and advisory rows together, so a scope holding only unratified advisory rows is not treated as having no fact filed.
ed337693d03d4da7	packages/memory/test/wp-3.5-b-mem.test.ts	TRUE_GROUNDED	TRUE_GROUNDED	TRUE_GROUNDED	TRUE_GROUNDED	SCN-MEM-10b-1 constructs a Substrate fixture with seatBrief/llmOutputs/toolIO but immediately voids it with `void substrate` and never passes it into respawnFromRecord or any assertion, so the rebuild in that test is proven using only the versioned MemoryStore record, not the substrate object it builds.
ed84fbff665dcb9d	packages/adapter-io/src/relation-source.ts	TRUE_GROUNDED	TRUE_GROUNDED	TRUE_GROUNDED	TRUE_GROUNDED	relationsVerdict checks unit for emptiness before validating rawDirection, so a call with BOTH an empty unit AND an out-of-vocabulary direction always returns the 'missing unit' rejection and never surfaces the direction error at all.
eda8c87b53867cef	packages/knowledge/src/write/closed-slot.ts	TRUE_GROUNDED	TRUE_GROUNDED	TRUE_GROUNDED	TRUE_GROUNDED	closedSlotRefusalText describes a non-string offending slot value by its KIND (e.g. 'an array', 'a number value') rather than interpolating the value itself into the message, specifically to avoid a crafted object's toString() impersonating a legitimate slot name in the rendered text.
ee2b7407cdefb812	packages/cli/test/mined-tier-mirror-pin.test.ts	TRUE_GROUNDED	TRUE_GROUNDED	TRUE_GROUNDED	TRUE_GROUNDED	the mirror pin imports MINED_TIER from `@atlas/adapter-io`'s package root rather than from reverify-store.ts directly, so the test verifies the value as re-exported on adapter-io's public barrel surface, not by reaching into the specific internal module that declares the mirrored literal.
eeee0648db3940fc	packages/adapter-io/test/semantic-bench.test.ts	TRUE_GROUNDED	TRUE_GROUNDED	TRUE_GROUNDED	TRUE_GROUNDED	The scorer reports falseAdmit as null (not 0) for an arm that has zero rows, so an empty arm is distinguishable from an arm that was measured and found to have a genuine 0% false-admit rate.
f01af0ece6972eaa	packages/adapter-io/test/read-access.test.ts	TRUE_GROUNDED	TRUE_GROUNDED	TRUE_GROUNDED	TRUE_GROUNDED	An unsealed fact is entirely out of scope for the tracked-provable reverify pass: of the 4 seeded facts (one unsealed), sealedProven counts only 3, so the unsealed row is neither served nor counted as broken/unverifiable — it is simply excluded from the pass's population.
f12bb004b5d69eb1	packages/cli/test/mine-provenance-report.test.ts	TRUE_GROUNDED	TRUE_GROUNDED	TRUE_GROUNDED	TRUE_GROUNDED	answersStored is counted per-fact by whether a rawAnswer was actually attached, not by the number of admitted/seeded facts: a pass whose gate admits facts with no rawAnswer at all reports a positive seeded count but answersStored strictly 0.
f16526ff7536fb10	packages/cli/test/mine-history-wired.test.ts	TRUE_GROUNDED	TRUE_GROUNDED	TRUE_GROUNDED	TRUE_GROUNDED	The test compares realpathSync of both the observed repo path and the temp repo rather than comparing the raw strings, specifically to tolerate macOS resolving process.cwd() through a /var/folders to /private/var/folders symlink.
f36ed3bc0624ddd2	packages/persist/test/attach-unaddressable.test.ts	TRUE_GROUNDED	TRUE_GROUNDED	TRUE_GROUNDED	TRUE_GROUNDED	The totality test for `get` checks two distinct miss shapes — the empty-string sentinel AND a well-formed-looking 64-character all-zero hex hash — rather than relying on the empty-string case alone to prove misses are handled honestly.
f3d9730cd183b7b6	packages/contracts/src/pack.ts	TRUE_GROUNDED	TRUE_GROUNDED	TRUE_GROUNDED	TRUE_GROUNDED	Pack has an advisoryDropped counter for the advisory band's cap but no analogous dropped-count field for the invariants (governing) band, so the type gives no way to honestly report a truncation of the governing band the way it does for the advisory one.
f3f76016e9e31be1	packages/genesis/src/align.ts	TRUE_GROUNDED	TRUE_GROUNDED	TRUE_GROUNDED	TRUE_GROUNDED	ROUTER_EDGES contains only one edge whose `to` is 'ratified', and its `via` is 'interview' rather than 'write' — so canAutoPromote's hardcoded false is also independently verifiable by filtering the edge array itself for a to:'ratified' edge with via:'write', which does not exist.
f40657e524c54905	packages/e2e-blackbox/test/author.ts	TRUE_GROUNDED	TRUE_GROUNDED	TRUE_GROUNDED	TRUE_GROUNDED	groundedMultiSymbolFact wraps its nodeKey(candidate) call in a try/catch and, if minting throws, substitutes the fixed literal string 'author-could-not-mint' as the fact's id rather than propagating the error, letting the helper still construct and return a degenerate-anchor fact object that the real product's identity minting refused.
f433da326ffad950	packages/persist/test/wp-3.4-b.heldout.test.ts	TRUE_GROUNDED	TRUE_GROUNDED	TRUE_GROUNDED	TRUE_GROUNDED	makeGitlabishForge's bareClone() implementation copies only the commits map (via writeCommit) into the fresh forge and never touches the prs map at all, so a cloned forge always starts with zero PR-side data regardless of how many PRs the original forge held.
f62de9a3592c473d	packages/e2e-blackbox/test/stage.ts	TRUE_GROUNDED	TRUE_GROUNDED	TRUE_GROUNDED	TRUE_GROUNDED	stageCandidate reads claimNorm via an unchecked cast `(f as {claimNorm:string}).claimNorm`, so calling it with a 'relation'-kind GroundedFact (which carries no claimNorm field) would silently produce a WriteRequest with claimNorm: undefined rather than failing — nothing in this function's control flow guards against that kind.
f6b0a43188fcab88	packages/adapter-io/test/governed-link-endpoint-authz.test.ts	TRUE_GROUNDED	TRUE_GROUNDED	TRUE_GROUNDED	TRUE_GROUNDED	SCN-GL-15 and SCN-GL-16 assert full-buffer equality via Buffer.compare(healthy, pruned) in addition to comparing the extracted reason string, so any change to the rejection message's surrounding prose (not just the reason field) would fail these tests even if the reason stayed the same.
f70f0d7f72784305	packages/kernel/test/log.test.ts	TRUE_GROUNDED	TRUE_GROUNDED	TRUE_GROUNDED	TRUE_GROUNDED	The snapshot object returned by log.append exposes a mutating delete() method (it is called directly on `snap`), but invoking it has no effect on later append calls' view of the log, since the next snapshot still contains the deleted event.
f93a264a0747f765	packages/adapter-io/src/indexer-report.ts	TRUE_GROUNDED	TRUE_GROUNDED	TRUE_GROUNDED	TRUE_GROUNDED	scipState distinguishes 'absent' from 'unreadable' purely by testing the caught error's message against the regex /ENOENT/ — any other thrown error, including a corrupt-protobuf parse failure, is classified as 'unreadable' with the raw message preserved rather than 'absent'.
f988a50d3168b275	packages/adapter-io/src/run-git.ts	TRUE_GROUNDED	TRUE_GROUNDED	TRUE_GROUNDED	TRUE_GROUNDED	gitYieldMs blocks the calling thread synchronously via Atomics.wait on a SharedArrayBuffer word that is never signaled, so the wait always runs the full requested duration rather than being interruptible/resolved early by any notify.
f9a3883bad85173f	packages/retrieval/src/drop.ts	TRUE_GROUNDED	TRUE_GROUNDED	TRUE_GROUNDED	TRUE_GROUNDED	orderDroppable computes the warm/cold decision once for the entire call by checking whether ANY row has hits>0, not per-kind, so a single kind with nonzero hits flips every other kind — even ones with zero hits of their own — from the cold-start tie-break comparator to the hitRate-asc comparator.
fa66e76b57c61670	packages/grounding/test/wp-4.10-b-grd.multiset.test.ts	TRUE_GROUNDED	TRUE_GROUNDED	TRUE_GROUNDED	TRUE_GROUNDED	freshness()'s multiset comparison is order-insensitive (a reordered closure with the same multiset still reads FRESH) but treats interfaceRState as part of a member's identity, so two occurrences of the same node with different interfaceRState values are NOT counted as matching duplicates.
faa029a731db9acd	packages/e2e-blackbox/test/s30-relation.blackbox.test.ts	TRUE_GROUNDED	TRUE_GROUNDED	TRUE_GROUNDED	TRUE_GROUNDED	The authz policy only scopes 'src' for the ACTOR, yet emitting a relation whose object endpoint (vendor/lib.ts) lies entirely outside any declared scope still succeeds (exit 0), so the write door's authz check for a relation is not gated on the object endpoint's own directory being in scope.
faaa7906dfd6882e	packages/knowledge/src/types.ts	TRUE_GROUNDED	TRUE_GROUNDED	TRUE_GROUNDED	TRUE_GROUNDED	isSemanticSlot performs an explicit typeof-string check before consulting SEMANTIC_SLOT_SET, so it is total over any unknown input (numbers, objects, undefined) and returns false rather than throwing when handed a non-string value, unlike a bare Set.has(x as string) cast would be.
fab23c331e463dd2	packages/adapter-io/test/store-staging.test.ts	TRUE_GROUNDED	TRUE_GROUNDED	TRUE_GROUNDED	TRUE_GROUNDED	The wrong-shape sidecar test notes that dropping only the Array.isArray guard (without also removing the surrounding try/catch) leaves the test green, because the try/catch alone already covers the resulting TypeError — so the guard is defense-in-depth, not the property actually exercised by that mutant alone.
fb09486273785b1f	packages/adapter-io/src/unit-candidates.ts	TRUE_GROUNDED	TRUE_GROUNDED	TRUE_GROUNDED	TRUE_GROUNDED	createUnitDepCandidates and createDepResolver each independently call createUnitDeps(scip) on the same ScipOutput, building two separate UnitDepsApi instances rather than sharing one, even though both are meant to be used together (prompt-side candidates and gate-side resolution) over the same scip data.
fb76d91d2d6fac8e	packages/genesis/src/admit-negation.ts	TRUE_GROUNDED	TRUE_GROUNDED	TRUE_GROUNDED	TRUE_GROUNDED	buildNegation's placeholder grounding is a structurally well-formed { entries: [] } (an empty but present entries array), not null or undefined, so any downstream code that only checks 'grounding is present' rather than 'entries is non-empty' would treat the un-overwritten placeholder as satisfied.
fb77e9204778c7b2	packages/adapter-io/src/escape/dynamic-reach.ts	TRUE_GROUNDED	TRUE_GROUNDED	TRUE_GROUNDED	TRUE_GROUNDED	A JS-family file (.js/.jsx/.mjs/.cjs) is unconditionally flagged as a dynamic-reach channel witness regardless of its actual contents — even one containing none of the five tracked constructs — because this scanner only parses the TS grammar and never inspects JS file bytes at all.
fb8539362f7e4a75	packages/knowledge/test/negation-witness-drift.test.ts	TRUE_GROUNDED	TRUE_GROUNDED	TRUE_GROUNDED	TRUE_GROUNDED	A negation grounded on a directory anchor drifts not only when a new sibling file is inserted into the scope, but also when the byte content of an EXISTING file already in the scope changes with no files added or removed, since any child hash change propagates up into the directory's own folded subtreeHash.
fc1830025372c1c9	packages/index/test/resolve.test.ts	TRUE_GROUNDED	TRUE_GROUNDED	TRUE_GROUNDED	TRUE_GROUNDED	pathSegments both trims whitespace from each individual segment AND silently drops empty segments produced by a double slash, so ' a / b //c ' normalizes to exactly ['a','b','c'] rather than preserving an empty segment for the doubled slash.
fc6a39edf5c274c4	packages/index/src/build.ts	TRUE_GROUNDED	TRUE_GROUNDED	TRUE_GROUNDED	TRUE_GROUNDED	a dependency-axis leaf's subtreeHash is set to asSubtreeHash(h) where h is literally the same value as the leaf's own key, so this axis's leaf hashes are structurally constant under content edits and can never register drift on their own, unlike the spatial/territory axes whose hashes fold real node content.
fc7d8e7f49809060	packages/index/test/unit-deps.test.ts	FALSE	TRUE_GROUNDED	TRUE_GROUNDED	TRUE_GROUNDED	resolveDepFor returns null both for a symbol a unit merely doesn't reference (like 'statSync' for pay) and for a symbol the unit itself defines (like 'Hash' for contracts.ts), treating self-definition and non-reference as the same null outcome rather than distinguishing them.
fcbac4f9e101a385	packages/knowledge/test/sameas-pairkey-forgery.test.ts	TRUE_GROUNDED	TRUE_GROUNDED	TRUE_GROUNDED	TRUE_GROUNDED	sameAsEdgeState reads as 'retracted' from EITHER endpoint even when only one node's row carries the retraction marker (kA has sameAsRetracted:['kB'] but kB's mirror never landed), so the read path does not require both sides of a pair to have written the retraction to honor it.
fd9000111ebf8fef	packages/adapter-io/test/enrich-sibling.test.ts	TRUE_GROUNDED	TRUE_GROUNDED	TRUE_GROUNDED	TRUE_GROUNDED	Passing a sibling reader (related) to createPromptFactory together with a template that lacks a {{RELATED}} placeholder throws a PromptError immediately at factory construction time, rather than silently building a prompt that drops the sibling context.
fda01d444e9664ec	packages/genesis/src/unit-order.ts	TRUE_GROUNDED	TRUE_GROUNDED	TRUE_GROUNDED	TRUE_GROUNDED	byUnitPrior and compareSiteOrder both break exported/bytes ties in the SAME direction (exported sorts before unexported, and larger bytes sorts before smaller), but compareSiteOrder adds a 'sub' leg immediately after 'group' so a file site always sorts before its own sub-file units within the same group, a distinction byUnitPrior has no analog for since it only compares units within one file.
fe0bfbdefd743de3	packages/index/test/coverage.test.ts	TRUE_GROUNDED	TRUE_GROUNDED	TRUE_GROUNDED	TRUE_GROUNDED	the suite's stated boolean polarity is true=PASS, so gate() encodes a FAILing verdict as the literal `false`, and both SCN-INDEX-16b-1 and SCN-INDEX-16c-1 assert `cov.gate(t0)` equals `false` for the ceiling-crossing case rather than `true`.
fe51cbe7a03107b3	packages/cli/test/mine-arms-isolation.test.ts	TRUE_GROUNDED	TRUE_GROUNDED	TRUE_GROUNDED	TRUE_GROUNDED	When ATLAS_MINE_SLOT is unset, driveMineArms runs the pass exactly three times in the fixed order advisory, dependency, count — not some other order or a set of concurrent/unordered calls.
fe5e50d29da3ee3c	packages/index/test/fold-drift.test.ts	TRUE_GROUNDED	TRUE_GROUNDED	TRUE_GROUNDED	TRUE_GROUNDED	SCN-INDEX-12i-1 and SCN-INDEX-12j-1 call only fold.rehashState(A), without a preceding fold.propagateDirty(A) call, and still observe correct eager-rehash results and state-suspect marking on the distant nodes, so rehashState alone is sufficient to produce those effects rather than requiring the caller to invoke propagateDirty first.
feb8c7bb00663416	packages/adapter-io/src/ast.ts	TRUE_GROUNDED	TRUE_GROUNDED	TRUE_GROUNDED	TRUE_GROUNDED	itemsOf (the AST-fold path used by foldAstUnits) parses the raw file src directly without ever calling normalizeForGrammarGaps, unlike parseTsDoc in this same file which always normalizes first, so the three known grammar-gap constructs still fail-close to an empty item list on the fold path even though parseTsDoc would rescue them.
feb93af164c9d80e	packages/persist/test/scrub-seam.test.ts	TRUE_GROUNDED	TRUE_GROUNDED	TRUE_GROUNDED	TRUE_GROUNDED	The callsSeam regex probe explicitly excludes a match like `store.admitToBuffer(a, b)` (a method call on some other object) from counting as a real caller of the module-level admitToBuffer function, via a negative lookbehind for a preceding dot or word character.
fec47262f8a22b28	packages/kernel/src/encoder.ts	TRUE_GROUNDED	TRUE_GROUNDED	TRUE_GROUNDED	TRUE_GROUNDED	The EncoderApi interface declares a wrapper shape `{ readonly encoder: Encoder }`, but nothing in this file actually implements or exports a value typed as EncoderApi — `defaultEncoder` is exported directly typed as the bare `Encoder`, not nested under an `encoder` field.
fed226fc83430f6e	packages/cli/test/mine-claim-scrub-fitness-rel-neg.test.ts	TRUE_GROUNDED	TRUE_GROUNDED	TRUE_GROUNDED	TRUE_GROUNDED	auditRelationScrub/auditNegationScrub are STATIC audits over source text, not runtime tests of executed code: the 'mutant' cases are hand-written template-string snippets of JS that are never imported or run, and the 'shipped file is clean' cases feed the raw text of mine-decide.ts read via readFileSync, so the audit inspects code shape (which function calls flow into which variables) rather than executing decideStaging.
ff641958b8000e4a	packages/cli/src/mine-arms.ts	TRUE_GROUNDED	TRUE_GROUNDED	TRUE_GROUNDED	TRUE_GROUNDED	foldArms computes its ratified total via a genuine reduce-sum over every arm's report.ratified.length rather than a hardcoded zero, even though every arm's mine pass is candidate-only and the sum is currently always zero.
ff79d7415083aab8	packages/tools/test/wp-4.11-a-tools.heldout.test.ts	TRUE_GROUNDED	TRUE_GROUNDED	TRUE_GROUNDED	TRUE_GROUNDED	gateWithPresent's gateHolds function explicitly checks `node.kind === 'advisory'` before comparing claimNorm against the present set, so passing it any non-advisory GroundedFact (e.g. a predicate node) always returns 'NA' regardless of whether anything matching would have been in the set.
ffc4f3eeb2f90d9f	packages/cli/src/mine-worker.ts	TRUE_GROUNDED	TRUE_GROUNDED	TRUE_GROUNDED	TRUE_GROUNDED	serve() calls ctx.port.postMessage before Atomics.add/Atomics.notify on the completion counter, not after, so the main thread — which wakes on the counter — is guaranteed the answer message was already posted by the time it wakes and drains the port.
ffc79f353122da4e	packages/mcp-server/test/surface-conformance-req-mcp-1e.test.ts	TRUE_GROUNDED	TRUE_GROUNDED	TRUE_GROUNDED	TRUE_GROUNDED	the test proves callTool has no membership gate by calling it with the literal string 'atlas-not-a-real-tool' and asserting handler.seen equals exactly that one name — i.e. callTool forwards an entirely fabricated, off-surface tool name straight to handler.handle rather than rejecting it before dispatch.
