e2e (windows)	Run app e2e tests	﻿2026-10-01T22:06:26.1553340Z ##[group]Run bun --cwd packages/app test:e2e:local
e2e (windows)	Run app e2e tests	2026-10-01T22:06:26.1553883Z bun --cwd packages/app test:e2e:local
e2e (windows)	Run app e2e tests	2026-10-01T22:06:26.1570790Z shell: C:\Program Files\Git\bin\bash.EXE --noprofile --norc -e -o pipefail {0}
e2e (windows)	Run app e2e tests	2026-10-01T22:06:26.1571180Z env:
e2e (windows)	Run app e2e tests	2026-10-01T22:06:26.1571384Z   FORCE_JAVASCRIPT_ACTIONS_TO_NODE24: true
e2e (windows)	Run app e2e tests	2026-10-01T22:06:26.1571832Z   PLAYWRIGHT_BROWSERS_PATH: D:\a\HuGR-Orchestra\HuGR-Orchestra/.playwright-browsers
e2e (windows)	Run app e2e tests	2026-10-01T22:06:26.1572241Z   CI: true
e2e (windows)	Run app e2e tests	2026-10-01T22:06:26.1572419Z ##[endgroup]
e2e (windows)	Run app e2e tests	2026-10-01T22:06:26.2239844Z $ playwright test
e2e (windows)	Run app e2e tests	2026-10-01T22:06:27.8290984Z [WebServer] $ vite --host "0.0.0.0" --port "3000"
e2e (windows)	Run app e2e tests	2026-10-01T22:06:27.8291796Z
e2e (windows)	Run app e2e tests	2026-10-01T22:06:34.4579443Z
e2e (windows)	Run app e2e tests	2026-10-01T22:06:34.4582339Z Running 124 tests using 1 worker
e2e (windows)	Run app e2e tests	2026-10-01T22:06:34.4583723Z
e2e (windows)	Run app e2e tests	2026-10-01T22:06:36.5111419Z [1/124] [chromium] › e2e\orchestra\identity.spec.ts:59:5 › dark en: frozen glass, 230/45/6 geometry, and upward profile portal
e2e (windows)	Run app e2e tests	2026-10-01T22:06:51.1406336Z [2/124] [chromium] › e2e\orchestra\identity.spec.ts:59:5 › dark ar: frozen glass, 230/45/6 geometry, and upward profile portal
e2e (windows)	Run app e2e tests	2026-10-01T22:07:03.8586664Z [3/124] [chromium] › e2e\orchestra\identity.spec.ts:164:5 › dark: model running/waiting/idle motion, reduced=false
e2e (windows)	Run app e2e tests	2026-10-01T22:07:07.4915094Z [4/124] [chromium] › e2e\orchestra\identity.spec.ts:164:5 › dark: model running/waiting/idle motion, reduced=true
e2e (windows)	Run app e2e tests	2026-10-01T22:07:12.2849011Z [5/124] [chromium] › e2e\orchestra\identity.spec.ts:59:5 › light en: frozen glass, 230/45/6 geometry, and upward profile portal
e2e (windows)	Run app e2e tests	2026-10-01T22:07:16.2843466Z [6/124] [chromium] › e2e\orchestra\identity.spec.ts:59:5 › light ar: frozen glass, 230/45/6 geometry, and upward profile portal
e2e (windows)	Run app e2e tests	2026-10-01T22:07:20.4277438Z [7/124] [chromium] › e2e\orchestra\identity.spec.ts:164:5 › light: model running/waiting/idle motion, reduced=false
e2e (windows)	Run app e2e tests	2026-10-01T22:07:24.1510976Z [8/124] [chromium] › e2e\orchestra\identity.spec.ts:164:5 › light: model running/waiting/idle motion, reduced=true
e2e (windows)	Run app e2e tests	2026-10-01T22:07:28.1515873Z [9/124] [chromium] › e2e\orchestra\identity.spec.ts:256:1 › oracle calibration: real production toolbar rejects geometry and glass mutations
e2e (windows)	Run app e2e tests	2026-10-01T22:07:32.5482492Z [10/124] [chromium] › e2e\orchestra\identity.spec.ts:293:1 › fixture calibration: pending permission traverses the real reducer and dock
e2e (windows)	Run app e2e tests	2026-10-01T22:07:36.5374748Z [11/124] [chromium] › e2e\orchestra\titlebar-native-frame.spec.ts:78:1 › reports real header bounds and coalesces header, shell and window changes
e2e (windows)	Run app e2e tests	2026-10-01T22:07:37.4392503Z [chromium] › e2e\orchestra\titlebar-native-frame.spec.ts:78:1 › reports real header bounds and coalesces header, shell and window changes
e2e (windows)	Run app e2e tests	2026-10-01T22:07:37.4395764Z 10:07:37 PM [vite] Internal server error: Failed to resolve import "@/context/layout" from "src/components/titlebar.tsx". Does the file exist?
e2e (windows)	Run app e2e tests	2026-10-01T22:07:37.4400634Z   Plugin: vite:import-analysis
e2e (windows)	Run app e2e tests	2026-10-01T22:07:37.4402823Z   File: D:/a/HuGR-Orchestra/HuGR-Orchestra/packages/app/src/components/titlebar.tsx:26:66
e2e (windows)	Run app e2e tests	2026-10-01T22:07:37.4404385Z   24 |  import { TooltipV2 } from "@opencode-ai/ui/v2/tooltip-v2";
e2e (windows)	Run app e2e tests	2026-10-01T22:07:37.4405367Z   25 |  import { useTheme } from "@opencode-ai/ui/theme/context";
e2e (windows)	Run app e2e tests	2026-10-01T22:07:37.4406249Z   26 |  import { useLayout } from "@/context/layout";
e2e (windows)	Run app e2e tests	2026-10-01T22:07:37.4408951Z      |                             ^
e2e (windows)	Run app e2e tests	2026-10-01T22:07:37.4417886Z   27 |  import { usePlatform } from "@/context/platform";
e2e (windows)	Run app e2e tests	2026-10-01T22:07:37.4422895Z   28 |  import { useCommand } from "@/context/command";
e2e (windows)	Run app e2e tests	2026-10-01T22:07:37.4424667Z       at TransformPluginContext._formatLog (file:///D:/a/HuGR-Orchestra/HuGR-Orchestra/node_modules/vite/dist/node/chunks/dep-C6pp_iVS.js:31522:43)
e2e (windows)	Run app e2e tests	2026-10-01T22:07:37.4429103Z       at TransformPluginContext.error (file:///D:/a/HuGR-Orchestra/HuGR-Orchestra/node_modules/vite/dist/node/chunks/dep-C6pp_iVS.js:31519:14)
e2e (windows)	Run app e2e tests	2026-10-01T22:07:37.4435158Z       at normalizeUrl (file:///D:/a/HuGR-Orchestra/HuGR-Orchestra/node_modules/vite/dist/node/chunks/dep-C6pp_iVS.js:29991:18)
e2e (windows)	Run app e2e tests	2026-10-01T22:07:37.4435998Z       at processTicksAndRejections (node:internal/process/task_queues:104:5)
e2e (windows)	Run app e2e tests	2026-10-01T22:07:37.4436781Z       at file:///D:/a/HuGR-Orchestra/HuGR-Orchestra/node_modules/vite/dist/node/chunks/dep-C6pp_iVS.js:30049:32
e2e (windows)	Run app e2e tests	2026-10-01T22:07:37.4437565Z       at async Promise.all (index 24)
e2e (windows)	Run app e2e tests	2026-10-01T22:07:37.4438373Z       at TransformPluginContext.transform (file:///D:/a/HuGR-Orchestra/HuGR-Orchestra/node_modules/vite/dist/node/chunks/dep-C6pp_iVS.js:30017:4)
e2e (windows)	Run app e2e tests	2026-10-01T22:07:37.4439804Z       at EnvironmentPluginContainer.transform (file:///D:/a/HuGR-Orchestra/HuGR-Orchestra/node_modules/vite/dist/node/chunks/dep-C6pp_iVS.js:31320:14)
e2e (windows)	Run app e2e tests	2026-10-01T22:07:37.4441800Z       at loadAndTransform (file:///D:/a/HuGR-Orchestra/HuGR-Orchestra/node_modules/vite/dist/node/chunks/dep-C6pp_iVS.js:26407:26)
e2e (windows)	Run app e2e tests	2026-10-01T22:07:37.4442360Z
e2e (windows)	Run app e2e tests	2026-10-01T22:07:37.4443377Z 10:07:37 PM [vite] (client) Pre-transform error: Failed to resolve import "@/context/layout" from "src/components/titlebar.tsx". Does the file exist?
e2e (windows)	Run app e2e tests	2026-10-01T22:07:37.4444887Z   Plugin: vite:import-analysis
e2e (windows)	Run app e2e tests	2026-10-01T22:07:37.4446245Z   File: D:/a/HuGR-Orchestra/HuGR-Orchestra/packages/app/src/components/titlebar.tsx:26:66
e2e (windows)	Run app e2e tests	2026-10-01T22:07:37.4447858Z   24 |  import { TooltipV2 } from "@opencode-ai/ui/v2/tooltip-v2";
e2e (windows)	Run app e2e tests	2026-10-01T22:07:37.4448874Z   25 |  import { useTheme } from "@opencode-ai/ui/theme/context";
e2e (windows)	Run app e2e tests	2026-10-01T22:07:37.4449377Z   26 |  import { useLayout } from "@/context/layout";
e2e (windows)	Run app e2e tests	2026-10-01T22:07:37.4449786Z      |                             ^
e2e (windows)	Run app e2e tests	2026-10-01T22:07:37.4450181Z   27 |  import { usePlatform } from "@/context/platform";
e2e (windows)	Run app e2e tests	2026-10-01T22:07:37.4450693Z   28 |  import { useCommand } from "@/context/command";
e2e (windows)	Run app e2e tests	2026-10-01T22:07:37.4450936Z
e2e (windows)	Run app e2e tests	2026-10-01T22:07:37.6111358Z 10:07:37 PM [vite] (client) Pre-transform error: Failed to resolve import "@/desktop-menu" from "src/components/windows-app-menu.tsx". Does the file exist?
e2e (windows)	Run app e2e tests	2026-10-01T22:07:37.6211834Z   Plugin: vite:import-analysis
e2e (windows)	Run app e2e tests	2026-10-01T22:07:37.6213154Z   File: D:/a/HuGR-Orchestra/HuGR-Orchestra/packages/app/src/components/windows-app-menu.tsx:9:96
e2e (windows)	Run app e2e tests	2026-10-01T22:07:37.6214534Z   10 |  import { IconButtonV2 } from "@opencode-ai/ui/v2/icon-button-v2";
e2e (windows)	Run app e2e tests	2026-10-01T22:07:37.6215679Z   11 |  import { Icon as IconV2 } from "@opencode-ai/ui/v2/icon";
e2e (windows)	Run app e2e tests	2026-10-01T22:07:37.6218621Z   12 |  import { DESKTOP_MENU, desktopMenuVisible } from "@/desktop-menu";
e2e (windows)	Run app e2e tests	2026-10-01T22:07:37.6219479Z      |                                                    ^
e2e (windows)	Run app e2e tests	2026-10-01T22:07:37.6220212Z   13 |  import { useLanguage } from "@/context/language";
e2e (windows)	Run app e2e tests	2026-10-01T22:07:37.6220790Z   14 |  export function WindowsAppMenu(props) {
e2e (windows)	Run app e2e tests	2026-10-01T22:07:37.6221123Z
e2e (windows)	Run app e2e tests	2026-10-01T22:07:37.6294634Z 10:07:37 PM [vite] (client) Pre-transform error: Failed to resolve import "@/utils/path-key" from "src/components/titlebar-tab-order.ts". Does the file exist?
e2e (windows)	Run app e2e tests	2026-10-01T22:07:37.6296406Z   Plugin: vite:import-analysis
e2e (windows)	Run app e2e tests	2026-10-01T22:07:37.6297920Z   File: D:/a/HuGR-Orchestra/HuGR-Orchestra/packages/app/src/components/titlebar-tab-order.ts:1:24
e2e (windows)	Run app e2e tests	2026-10-01T22:07:37.6299273Z   1  |  import { pathKey } from "@/utils/path-key";
e2e (windows)	Run app e2e tests	2026-10-01T22:07:37.6299940Z      |                           ^
e2e (windows)	Run app e2e tests	2026-10-01T22:07:37.6300606Z   2  |  import { startTransition } from "solid-js";
e2e (windows)	Run app e2e tests	2026-10-01T22:07:37.6301494Z   3  |  export function closeProfileTab(input) {
e2e (windows)	Run app e2e tests	2026-10-01T22:07:37.6301990Z
e2e (windows)	Run app e2e tests	2026-10-01T22:07:50.2312840Z [12/124] (retries) [chromium] › e2e\orchestra\titlebar-native-frame.spec.ts:78:1 › reports real header bounds and coalesces header, shell and window changes (retry #1)
e2e (windows)	Run app e2e tests	2026-10-01T22:07:51.3549781Z 10:07:51 PM [vite] Internal server error: Failed to resolve import "@/context/layout" from "src/components/titlebar.tsx". Does the file exist?
e2e (windows)	Run app e2e tests	2026-10-01T22:07:51.3551475Z   Plugin: vite:import-analysis
e2e (windows)	Run app e2e tests	2026-10-01T22:07:51.3552651Z   File: D:/a/HuGR-Orchestra/HuGR-Orchestra/packages/app/src/components/titlebar.tsx:26:66
e2e (windows)	Run app e2e tests	2026-10-01T22:07:51.3554309Z   24 |  import { TooltipV2 } from "@opencode-ai/ui/v2/tooltip-v2";
e2e (windows)	Run app e2e tests	2026-10-01T22:07:51.3555522Z   25 |  import { useTheme } from "@opencode-ai/ui/theme/context";
e2e (windows)	Run app e2e tests	2026-10-01T22:07:51.3556319Z   26 |  import { useLayout } from "@/context/layout";
e2e (windows)	Run app e2e tests	2026-10-01T22:07:51.3557345Z      |                             ^
e2e (windows)	Run app e2e tests	2026-10-01T22:07:51.3558614Z   27 |  import { usePlatform } from "@/context/platform";
e2e (windows)	Run app e2e tests	2026-10-01T22:07:51.3562172Z   28 |  import { useCommand } from "@/context/command";
e2e (windows)	Run app e2e tests	2026-10-01T22:07:51.3564710Z       at TransformPluginContext._formatLog (file:///D:/a/HuGR-Orchestra/HuGR-Orchestra/node_modules/vite/dist/node/chunks/dep-C6pp_iVS.js:31522:43)
e2e (windows)	Run app e2e tests	2026-10-01T22:07:51.3573927Z       at TransformPluginContext.error (file:///D:/a/HuGR-Orchestra/HuGR-Orchestra/node_modules/vite/dist/node/chunks/dep-C6pp_iVS.js:31519:14)
e2e (windows)	Run app e2e tests	2026-10-01T22:07:51.3577230Z       at normalizeUrl (file:///D:/a/HuGR-Orchestra/HuGR-Orchestra/node_modules/vite/dist/node/chunks/dep-C6pp_iVS.js:29991:18)
e2e (windows)	Run app e2e tests	2026-10-01T22:07:51.3578036Z       at processTicksAndRejections (node:internal/process/task_queues:104:5)
e2e (windows)	Run app e2e tests	2026-10-01T22:07:51.3578731Z       at file:///D:/a/HuGR-Orchestra/HuGR-Orchestra/node_modules/vite/dist/node/chunks/dep-C6pp_iVS.js:30049:32
e2e (windows)	Run app e2e tests	2026-10-01T22:07:51.3579274Z       at async Promise.all (index 24)
e2e (windows)	Run app e2e tests	2026-10-01T22:07:51.3580417Z       at TransformPluginContext.transform (file:///D:/a/HuGR-Orchestra/HuGR-Orchestra/node_modules/vite/dist/node/chunks/dep-C6pp_iVS.js:30017:4)
e2e (windows)	Run app e2e tests	2026-10-01T22:07:51.3581903Z       at EnvironmentPluginContainer.transform (file:///D:/a/HuGR-Orchestra/HuGR-Orchestra/node_modules/vite/dist/node/chunks/dep-C6pp_iVS.js:31320:14)
e2e (windows)	Run app e2e tests	2026-10-01T22:07:51.3583548Z       at loadAndTransform (file:///D:/a/HuGR-Orchestra/HuGR-Orchestra/node_modules/vite/dist/node/chunks/dep-C6pp_iVS.js:26407:26)
e2e (windows)	Run app e2e tests	2026-10-01T22:07:51.3584130Z
e2e (windows)	Run app e2e tests	2026-10-01T22:07:51.3585361Z 10:07:51 PM [vite] (client) Pre-transform error: Failed to resolve import "@/context/layout" from "src/components/titlebar.tsx". Does the file exist?
e2e (windows)	Run app e2e tests	2026-10-01T22:07:51.3586882Z   Plugin: vite:import-analysis
e2e (windows)	Run app e2e tests	2026-10-01T22:07:51.3587955Z   File: D:/a/HuGR-Orchestra/HuGR-Orchestra/packages/app/src/components/titlebar.tsx:26:66
e2e (windows)	Run app e2e tests	2026-10-01T22:07:51.3589247Z   24 |  import { TooltipV2 } from "@opencode-ai/ui/v2/tooltip-v2";
e2e (windows)	Run app e2e tests	2026-10-01T22:07:51.3589841Z   25 |  import { useTheme } from "@opencode-ai/ui/theme/context";
e2e (windows)	Run app e2e tests	2026-10-01T22:07:51.3590520Z   26 |  import { useLayout } from "@/context/layout";
e2e (windows)	Run app e2e tests	2026-10-01T22:07:51.3590939Z      |                             ^
e2e (windows)	Run app e2e tests	2026-10-01T22:07:51.3591356Z   27 |  import { usePlatform } from "@/context/platform";
e2e (windows)	Run app e2e tests	2026-10-01T22:07:51.3591904Z   28 |  import { useCommand } from "@/context/command";
e2e (windows)	Run app e2e tests	2026-10-01T22:07:51.3592190Z
e2e (windows)	Run app e2e tests	2026-10-01T22:07:51.5023278Z 10:07:51 PM [vite] (client) Pre-transform error: Failed to resolve import "@/desktop-menu" from "src/components/windows-app-menu.tsx". Does the file exist?
e2e (windows)	Run app e2e tests	2026-10-01T22:07:51.5024680Z
e2e (windows)	Run app e2e tests	2026-10-01T22:07:51.5025237Z   Plugin: vite:import-analysis
e2e (windows)	Run app e2e tests	2026-10-01T22:07:51.5028240Z   File: D:/a/HuGR-Orchestra/HuGR-Orchestra/packages/app/src/components/windows-app-menu.tsx:9:96
e2e (windows)	Run app e2e tests	2026-10-01T22:07:51.5030111Z   10 |  import { IconButtonV2 } from "@opencode-ai/ui/v2/icon-button-v2";
e2e (windows)	Run app e2e tests	2026-10-01T22:07:51.5031054Z   11 |  import { Icon as IconV2 } from "@opencode-ai/ui/v2/icon";
e2e (windows)	Run app e2e tests	2026-10-01T22:07:51.5032068Z   12 |  import { DESKTOP_MENU, desktopMenuVisible } from "@/desktop-menu";
e2e (windows)	Run app e2e tests	2026-10-01T22:07:51.5033313Z      |                                                    ^
e2e (windows)	Run app e2e tests	2026-10-01T22:07:51.5034172Z   13 |  import { useLanguage } from "@/context/language";
e2e (windows)	Run app e2e tests	2026-10-01T22:07:51.5035172Z   14 |  export function WindowsAppMenu(props) {
e2e (windows)	Run app e2e tests	2026-10-01T22:07:51.5204080Z 10:07:51 PM [vite] (client) Pre-transform error: Failed to resolve import "@/utils/path-key" from "src/components/titlebar-tab-order.ts". Does the file exist?
e2e (windows)	Run app e2e tests	2026-10-01T22:07:51.5205261Z   Plugin: vite:import-analysis
e2e (windows)	Run app e2e tests	2026-10-01T22:07:51.5206575Z   File: D:/a/HuGR-Orchestra/HuGR-Orchestra/packages/app/src/components/titlebar-tab-order.ts:1:24
e2e (windows)	Run app e2e tests	2026-10-01T22:07:51.5209370Z   1  |  import { pathKey } from "@/utils/path-key";
e2e (windows)	Run app e2e tests	2026-10-01T22:07:51.5211364Z      |                           ^
e2e (windows)	Run app e2e tests	2026-10-01T22:07:51.5212039Z   2  |  import { startTransition } from "solid-js";
e2e (windows)	Run app e2e tests	2026-10-01T22:07:51.5213843Z   3  |  export function closeProfileTab(input) {
e2e (windows)	Run app e2e tests	2026-10-01T22:07:51.5214338Z
e2e (windows)	Run app e2e tests	2026-10-01T22:08:04.3738729Z [13/124] (retries) [chromium] › e2e\orchestra\titlebar-native-frame.spec.ts:78:1 › reports real header bounds and coalesces header, shell and window changes (retry #2)
e2e (windows)	Run app e2e tests	2026-10-01T22:08:05.4921630Z 10:08:05 PM [vite] Internal server error: Failed to resolve import "@/context/layout" from "src/components/titlebar.tsx". Does the file exist?
e2e (windows)	Run app e2e tests	2026-10-01T22:08:05.4923403Z   Plugin: vite:import-analysis
e2e (windows)	Run app e2e tests	2026-10-01T22:08:05.4924700Z   File: D:/a/HuGR-Orchestra/HuGR-Orchestra/packages/app/src/components/titlebar.tsx:26:66
e2e (windows)	Run app e2e tests	2026-10-01T22:08:05.4926352Z   24 |  import { TooltipV2 } from "@opencode-ai/ui/v2/tooltip-v2";
e2e (windows)	Run app e2e tests	2026-10-01T22:08:05.4927477Z   25 |  import { useTheme } from "@opencode-ai/ui/theme/context";
e2e (windows)	Run app e2e tests	2026-10-01T22:08:05.4928602Z   26 |  import { useLayout } from "@/context/layout";
e2e (windows)	Run app e2e tests	2026-10-01T22:08:05.4929687Z      |                             ^
e2e (windows)	Run app e2e tests	2026-10-01T22:08:05.4930899Z   27 |  import { usePlatform } from "@/context/platform";
e2e (windows)	Run app e2e tests	2026-10-01T22:08:05.4932172Z   28 |  import { useCommand } from "@/context/command";
e2e (windows)	Run app e2e tests	2026-10-01T22:08:05.4934580Z       at TransformPluginContext._formatLog (file:///D:/a/HuGR-Orchestra/HuGR-Orchestra/node_modules/vite/dist/node/chunks/dep-C6pp_iVS.js:31522:43)
e2e (windows)	Run app e2e tests	2026-10-01T22:08:05.4937869Z       at TransformPluginContext.error (file:///D:/a/HuGR-Orchestra/HuGR-Orchestra/node_modules/vite/dist/node/chunks/dep-C6pp_iVS.js:31519:14)
e2e (windows)	Run app e2e tests	2026-10-01T22:08:05.4945888Z       at normalizeUrl (file:///D:/a/HuGR-Orchestra/HuGR-Orchestra/node_modules/vite/dist/node/chunks/dep-C6pp_iVS.js:29991:18)
e2e (windows)	Run app e2e tests	2026-10-01T22:08:05.4948471Z       at processTicksAndRejections (node:internal/process/task_queues:104:5)
e2e (windows)	Run app e2e tests	2026-10-01T22:08:05.4949733Z       at file:///D:/a/HuGR-Orchestra/HuGR-Orchestra/node_modules/vite/dist/node/chunks/dep-C6pp_iVS.js:30049:32
e2e (windows)	Run app e2e tests	2026-10-01T22:08:05.4950433Z       at async Promise.all (index 24)
e2e (windows)	Run app e2e tests	2026-10-01T22:08:05.4951454Z       at TransformPluginContext.transform (file:///D:/a/HuGR-Orchestra/HuGR-Orchestra/node_modules/vite/dist/node/chunks/dep-C6pp_iVS.js:30017:4)
e2e (windows)	Run app e2e tests	2026-10-01T22:08:05.4953685Z       at EnvironmentPluginContainer.transform (file:///D:/a/HuGR-Orchestra/HuGR-Orchestra/node_modules/vite/dist/node/chunks/dep-C6pp_iVS.js:31320:14)
e2e (windows)	Run app e2e tests	2026-10-01T22:08:05.4955383Z       at loadAndTransform (file:///D:/a/HuGR-Orchestra/HuGR-Orchestra/node_modules/vite/dist/node/chunks/dep-C6pp_iVS.js:26407:26)
e2e (windows)	Run app e2e tests	2026-10-01T22:08:05.4956081Z
e2e (windows)	Run app e2e tests	2026-10-01T22:08:05.4957518Z 10:08:05 PM [vite] (client) Pre-transform error: Failed to resolve import "@/context/layout" from "src/components/titlebar.tsx". Does the file exist?
e2e (windows)	Run app e2e tests	2026-10-01T22:08:05.4958816Z   Plugin: vite:import-analysis
e2e (windows)	Run app e2e tests	2026-10-01T22:08:05.4959617Z   File: D:/a/HuGR-Orchestra/HuGR-Orchestra/packages/app/src/components/titlebar.tsx:26:66
e2e (windows)	Run app e2e tests	2026-10-01T22:08:05.4960729Z   24 |  import { TooltipV2 } from "@opencode-ai/ui/v2/tooltip-v2";
e2e (windows)	Run app e2e tests	2026-10-01T22:08:05.4961281Z   25 |  import { useTheme } from "@opencode-ai/ui/theme/context";
e2e (windows)	Run app e2e tests	2026-10-01T22:08:05.4961760Z   26 |  import { useLayout } from "@/context/layout";
e2e (windows)	Run app e2e tests	2026-10-01T22:08:05.4962362Z      |                             ^
e2e (windows)	Run app e2e tests	2026-10-01T22:08:05.4962800Z   27 |  import { usePlatform } from "@/context/platform";
e2e (windows)	Run app e2e tests	2026-10-01T22:08:05.4963340Z   28 |  import { useCommand } from "@/context/command";
e2e (windows)	Run app e2e tests	2026-10-01T22:08:05.4963636Z
e2e (windows)	Run app e2e tests	2026-10-01T22:08:05.6591762Z 10:08:05 PM [vite] (client) Pre-transform error: Failed to resolve import "@/desktop-menu" from "src/components/windows-app-menu.tsx". Does the file exist?
e2e (windows)	Run app e2e tests	2026-10-01T22:08:05.6593714Z
e2e (windows)	Run app e2e tests	2026-10-01T22:08:05.6594845Z   Plugin: vite:import-analysis
e2e (windows)	Run app e2e tests	2026-10-01T22:08:05.6596572Z   File: D:/a/HuGR-Orchestra/HuGR-Orchestra/packages/app/src/components/windows-app-menu.tsx:9:96
e2e (windows)	Run app e2e tests	2026-10-01T22:08:05.6598084Z   10 |  import { IconButtonV2 } from "@opencode-ai/ui/v2/icon-button-v2";
e2e (windows)	Run app e2e tests	2026-10-01T22:08:05.6599010Z   11 |  import { Icon as IconV2 } from "@opencode-ai/ui/v2/icon";
e2e (windows)	Run app e2e tests	2026-10-01T22:08:05.6599978Z   12 |  import { DESKTOP_MENU, desktopMenuVisible } from "@/desktop-menu";
e2e (windows)	Run app e2e tests	2026-10-01T22:08:05.6601150Z      |                                                    ^
e2e (windows)	Run app e2e tests	2026-10-01T22:08:05.6601870Z   13 |  import { useLanguage } from "@/context/language";
e2e (windows)	Run app e2e tests	2026-10-01T22:08:05.6602820Z   14 |  export function WindowsAppMenu(props) {
e2e (windows)	Run app e2e tests	2026-10-01T22:08:05.7026471Z 10:08:05 PM [vite] (client) Pre-transform error: Failed to resolve import "@/utils/path-key" from "src/components/titlebar-tab-order.ts". Does the file exist?
e2e (windows)	Run app e2e tests	2026-10-01T22:08:05.7027788Z
e2e (windows)	Run app e2e tests	2026-10-01T22:08:05.7028269Z   Plugin: vite:import-analysis
e2e (windows)	Run app e2e tests	2026-10-01T22:08:05.7050430Z   File: D:/a/HuGR-Orchestra/HuGR-Orchestra/packages/app/src/components/titlebar-tab-order.ts:1:24
e2e (windows)	Run app e2e tests	2026-10-01T22:08:05.7051796Z   1  |  import { pathKey } from "@/utils/path-key";
e2e (windows)	Run app e2e tests	2026-10-01T22:08:05.7052527Z      |                           ^
e2e (windows)	Run app e2e tests	2026-10-01T22:08:05.7053128Z   2  |  import { startTransition } from "solid-js";
e2e (windows)	Run app e2e tests	2026-10-01T22:08:05.7053967Z   3  |  export function closeProfileTab(input) {
e2e (windows)	Run app e2e tests	2026-10-01T22:08:16.8289269Z   1) [chromium] › e2e\orchestra\titlebar-native-frame.spec.ts:78:1 › reports real header bounds and coalesces header, shell and window changes
e2e (windows)	Run app e2e tests	2026-10-01T22:08:16.8290469Z
e2e (windows)	Run app e2e tests	2026-10-01T22:08:16.8292552Z     Error: expect(locator).toHaveCount(expected) failed
e2e (windows)	Run app e2e tests	2026-10-01T22:08:16.8293384Z
e2e (windows)	Run app e2e tests	2026-10-01T22:08:16.8293873Z     Locator:  getByRole('banner', { name: 'Native titlebar fixture', exact: true })
e2e (windows)	Run app e2e tests	2026-10-01T22:08:16.8294941Z     Expected: 1
e2e (windows)	Run app e2e tests	2026-10-01T22:08:16.8295597Z     Received: 0
e2e (windows)	Run app e2e tests	2026-10-01T22:08:16.8296106Z     Timeout:  10000ms
e2e (windows)	Run app e2e tests	2026-10-01T22:08:16.8296440Z
e2e (windows)	Run app e2e tests	2026-10-01T22:08:16.8296614Z     Call log:
e2e (windows)	Run app e2e tests	2026-10-01T22:08:16.8297315Z       - Expect "toHaveCount" with timeout 10000ms
e2e (windows)	Run app e2e tests	2026-10-01T22:08:16.8298331Z       - waiting for getByRole('banner', { name: 'Native titlebar fixture', exact: true })
e2e (windows)	Run app e2e tests	2026-10-01T22:08:16.8299093Z         13 × locator resolved to 0 elements
e2e (windows)	Run app e2e tests	2026-10-01T22:08:16.8299530Z            - unexpected value "0"
e2e (windows)	Run app e2e tests	2026-10-01T22:08:16.8299799Z
e2e (windows)	Run app e2e tests	2026-10-01T22:08:16.8299806Z
e2e (windows)	Run app e2e tests	2026-10-01T22:08:16.8300259Z       56 |   expect(response!.ok(), "fixture response must succeed").toBe(true)
e2e (windows)	Run app e2e tests	2026-10-01T22:08:16.8301447Z       57 |   const header = page.getByRole("banner", { name: "Native titlebar fixture", exact: true })
e2e (windows)	Run app e2e tests	2026-10-01T22:08:16.8302297Z     > 58 |   await expect(header).toHaveCount(1)
e2e (windows)	Run app e2e tests	2026-10-01T22:08:16.8302690Z          |                        ^
e2e (windows)	Run app e2e tests	2026-10-01T22:08:16.8303103Z       59 |   await expect(header).toBeVisible()
e2e (windows)	Run app e2e tests	2026-10-01T22:08:16.8303734Z       60 |   await expect.poll(() => page.evaluate(() => typeof window.nativeFrameFixture?.settled)).toBe("function")
e2e (windows)	Run app e2e tests	2026-10-01T22:08:16.8305322Z       61 |   await settled(page)
e2e (windows)	Run app e2e tests	2026-10-01T22:08:16.8305976Z         at open (D:\a\HuGR-Orchestra\HuGR-Orchestra\packages\app\e2e\orchestra\titlebar-native-frame.spec.ts:58:24)
e2e (windows)	Run app e2e tests	2026-10-01T22:08:16.8306854Z         at D:\a\HuGR-Orchestra\HuGR-Orchestra\packages\app\e2e\orchestra\titlebar-native-frame.spec.ts:46:3
e2e (windows)	Run app e2e tests	2026-10-01T22:08:16.8307338Z
e2e (windows)	Run app e2e tests	2026-10-01T22:08:16.8308291Z     attachment #1: screenshot (image/png) ──────────────────────────────────────────────────────────
e2e (windows)	Run app e2e tests	2026-10-01T22:08:16.8309186Z     e2e\test-results\orchestra-titlebar-native--d7bb5-er-shell-and-window-changes-chromium\test-failed-1.png
e2e (windows)	Run app e2e tests	2026-10-01T22:08:16.8310113Z     ────────────────────────────────────────────────────────────────────────────────────────────────
e2e (windows)	Run app e2e tests	2026-10-01T22:08:16.8310664Z
e2e (windows)	Run app e2e tests	2026-10-01T22:08:16.8311089Z     attachment #2: video (video/webm) ──────────────────────────────────────────────────────────────
e2e (windows)	Run app e2e tests	2026-10-01T22:08:16.8311930Z     e2e\test-results\orchestra-titlebar-native--d7bb5-er-shell-and-window-changes-chromium\video.webm
e2e (windows)	Run app e2e tests	2026-10-01T22:08:16.8312741Z     ────────────────────────────────────────────────────────────────────────────────────────────────
e2e (windows)	Run app e2e tests	2026-10-01T22:08:16.8313158Z
e2e (windows)	Run app e2e tests	2026-10-01T22:08:16.8314012Z     Error Context: e2e\test-results\orchestra-titlebar-native--d7bb5-er-shell-and-window-changes-chromium\error-context.md
e2e (windows)	Run app e2e tests	2026-10-01T22:08:16.8314939Z
e2e (windows)	Run app e2e tests	2026-10-01T22:08:16.8315733Z     Error Context: e2e\test-results\orchestra-titlebar-native--d7bb5-er-shell-and-window-changes-chromium\error-context.md
e2e (windows)	Run app e2e tests	2026-10-01T22:08:16.8316638Z
e2e (windows)	Run app e2e tests	2026-10-01T22:08:16.8317252Z     Retry #1 ───────────────────────────────────────────────────────────────────────────────────────
e2e (windows)	Run app e2e tests	2026-10-01T22:08:16.8317837Z
e2e (windows)	Run app e2e tests	2026-10-01T22:08:16.8318594Z     Error: expect(locator).toHaveCount(expected) failed
e2e (windows)	Run app e2e tests	2026-10-01T22:08:16.8319271Z
e2e (windows)	Run app e2e tests	2026-10-01T22:08:16.8319777Z     Locator:  getByRole('banner', { name: 'Native titlebar fixture', exact: true })
e2e (windows)	Run app e2e tests	2026-10-01T22:08:16.8320648Z     Expected: 1
e2e (windows)	Run app e2e tests	2026-10-01T22:08:16.8321145Z     Received: 0
e2e (windows)	Run app e2e tests	2026-10-01T22:08:16.8321553Z     Timeout:  10000ms
e2e (windows)	Run app e2e tests	2026-10-01T22:08:16.8321767Z
e2e (windows)	Run app e2e tests	2026-10-01T22:08:16.8321891Z     Call log:
e2e (windows)	Run app e2e tests	2026-10-01T22:08:16.8322411Z       - Expect "toHaveCount" with timeout 10000ms
e2e (windows)	Run app e2e tests	2026-10-01T22:08:16.8323392Z       - waiting for getByRole('banner', { name: 'Native titlebar fixture', exact: true })
e2e (windows)	Run app e2e tests	2026-10-01T22:08:16.8324353Z         13 × locator resolved to 0 elements
e2e (windows)	Run app e2e tests	2026-10-01T22:08:16.8324967Z            - unexpected value "0"
e2e (windows)	Run app e2e tests	2026-10-01T22:08:16.8325268Z
e2e (windows)	Run app e2e tests	2026-10-01T22:08:16.8325278Z
e2e (windows)	Run app e2e tests	2026-10-01T22:08:16.8325658Z       56 |   expect(response!.ok(), "fixture response must succeed").toBe(true)
e2e (windows)	Run app e2e tests	2026-10-01T22:08:16.8326683Z       57 |   const header = page.getByRole("banner", { name: "Native titlebar fixture", exact: true })
e2e (windows)	Run app e2e tests	2026-10-01T22:08:16.8327510Z     > 58 |   await expect(header).toHaveCount(1)
e2e (windows)	Run app e2e tests	2026-10-01T22:08:16.8328009Z          |                        ^
e2e (windows)	Run app e2e tests	2026-10-01T22:08:16.8328822Z       59 |   await expect(header).toBeVisible()
e2e (windows)	Run app e2e tests	2026-10-01T22:08:16.8329790Z       60 |   await expect.poll(() => page.evaluate(() => typeof window.nativeFrameFixture?.settled)).toBe("function")
e2e (windows)	Run app e2e tests	2026-10-01T22:08:16.8330964Z       61 |   await settled(page)
e2e (windows)	Run app e2e tests	2026-10-01T22:08:16.8334380Z         at open (D:\a\HuGR-Orchestra\HuGR-Orchestra\packages\app\e2e\orchestra\titlebar-native-frame.spec.ts:58:24)
e2e (windows)	Run app e2e tests	2026-10-01T22:08:16.8336526Z         at D:\a\HuGR-Orchestra\HuGR-Orchestra\packages\app\e2e\orchestra\titlebar-native-frame.spec.ts:46:3
e2e (windows)	Run app e2e tests	2026-10-01T22:08:16.8337307Z
e2e (windows)	Run app e2e tests	2026-10-01T22:08:16.8338051Z     attachment #1: screenshot (image/png) ──────────────────────────────────────────────────────────
e2e (windows)	Run app e2e tests	2026-10-01T22:08:16.8339484Z     e2e\test-results\orchestra-titlebar-native--d7bb5-er-shell-and-window-changes-chromium-retry1\test-failed-1.png
e2e (windows)	Run app e2e tests	2026-10-01T22:08:16.8341209Z     ────────────────────────────────────────────────────────────────────────────────────────────────
e2e (windows)	Run app e2e tests	2026-10-01T22:08:16.8341691Z
e2e (windows)	Run app e2e tests	2026-10-01T22:08:16.8342320Z     attachment #2: video (video/webm) ──────────────────────────────────────────────────────────────
e2e (windows)	Run app e2e tests	2026-10-01T22:08:16.8343639Z     e2e\test-results\orchestra-titlebar-native--d7bb5-er-shell-and-window-changes-chromium-retry1\video.webm
e2e (windows)	Run app e2e tests	2026-10-01T22:08:16.8345679Z     ────────────────────────────────────────────────────────────────────────────────────────────────
e2e (windows)	Run app e2e tests	2026-10-01T22:08:16.8346024Z
e2e (windows)	Run app e2e tests	2026-10-01T22:08:16.8346565Z     Error Context: e2e\test-results\orchestra-titlebar-native--d7bb5-er-shell-and-window-changes-chromium-retry1\error-context.md
e2e (windows)	Run app e2e tests	2026-10-01T22:08:16.8347119Z
e2e (windows)	Run app e2e tests	2026-10-01T22:08:16.8347611Z     Error Context: e2e\test-results\orchestra-titlebar-native--d7bb5-er-shell-and-window-changes-chromium-retry1\error-context.md
e2e (windows)	Run app e2e tests	2026-10-01T22:08:16.8348408Z
e2e (windows)	Run app e2e tests	2026-10-01T22:08:16.8348840Z     attachment #5: trace (application/zip) ─────────────────────────────────────────────────────────
e2e (windows)	Run app e2e tests	2026-10-01T22:08:16.8371296Z     e2e\test-results\orchestra-titlebar-native--d7bb5-er-shell-and-window-changes-chromium-retry1\trace.zip
e2e (windows)	Run app e2e tests	2026-10-01T22:08:16.8372673Z     Usage:
e2e (windows)	Run app e2e tests	2026-10-01T22:08:16.8372855Z
e2e (windows)	Run app e2e tests	2026-10-01T22:08:16.8373833Z         npx playwright show-trace e2e\test-results\orchestra-titlebar-native--d7bb5-er-shell-and-window-changes-chromium-retry1\trace.zip
e2e (windows)	Run app e2e tests	2026-10-01T22:08:16.8374861Z
e2e (windows)	Run app e2e tests	2026-10-01T22:08:16.8375687Z     ────────────────────────────────────────────────────────────────────────────────────────────────
e2e (windows)	Run app e2e tests	2026-10-01T22:08:16.8376161Z
e2e (windows)	Run app e2e tests	2026-10-01T22:08:16.8377070Z     Retry #2 ───────────────────────────────────────────────────────────────────────────────────────
e2e (windows)	Run app e2e tests	2026-10-01T22:08:16.8377605Z
e2e (windows)	Run app e2e tests	2026-10-01T22:08:16.8378396Z     Error: expect(locator).toHaveCount(expected) failed
e2e (windows)	Run app e2e tests	2026-10-01T22:08:16.8379146Z
e2e (windows)	Run app e2e tests	2026-10-01T22:08:16.8379806Z     Locator:  getByRole('banner', { name: 'Native titlebar fixture', exact: true })
e2e (windows)	Run app e2e tests	2026-10-01T22:08:16.8380996Z     Expected: 1
e2e (windows)	Run app e2e tests	2026-10-01T22:08:16.8381478Z     Received: 0
e2e (windows)	Run app e2e tests	2026-10-01T22:08:16.8381870Z     Timeout:  10000ms
e2e (windows)	Run app e2e tests	2026-10-01T22:08:16.8382100Z
e2e (windows)	Run app e2e tests	2026-10-01T22:08:16.8382219Z     Call log:
e2e (windows)	Run app e2e tests	2026-10-01T22:08:16.8382757Z       - Expect "toHaveCount" with timeout 10000ms
e2e (windows)	Run app e2e tests	2026-10-01T22:08:16.8384846Z       - waiting for getByRole('banner', { name: 'Native titlebar fixture', exact: true })
e2e (windows)	Run app e2e tests	2026-10-01T22:08:16.8386770Z         13 × locator resolved to 0 elements
e2e (windows)	Run app e2e tests	2026-10-01T22:08:16.8387936Z            - unexpected value "0"
e2e (windows)	Run app e2e tests	2026-10-01T22:08:16.8388320Z
e2e (windows)	Run app e2e tests	2026-10-01T22:08:16.8388331Z
e2e (windows)	Run app e2e tests	2026-10-01T22:08:16.8388741Z       56 |   expect(response!.ok(), "fixture response must succeed").toBe(true)
e2e (windows)	Run app e2e tests	2026-10-01T22:08:16.8389761Z       57 |   const header = page.getByRole("banner", { name: "Native titlebar fixture", exact: true })
e2e (windows)	Run app e2e tests	2026-10-01T22:08:16.8390594Z     > 58 |   await expect(header).toHaveCount(1)
e2e (windows)	Run app e2e tests	2026-10-01T22:08:16.8391356Z          |                        ^
e2e (windows)	Run app e2e tests	2026-10-01T22:08:16.8391830Z       59 |   await expect(header).toBeVisible()
e2e (windows)	Run app e2e tests	2026-10-01T22:08:16.8392773Z       60 |   await expect.poll(() => page.evaluate(() => typeof window.nativeFrameFixture?.settled)).toBe("function")
e2e (windows)	Run app e2e tests	2026-10-01T22:08:16.8393634Z       61 |   await settled(page)
e2e (windows)	Run app e2e tests	2026-10-01T22:08:16.8394550Z         at open (D:\a\HuGR-Orchestra\HuGR-Orchestra\packages\app\e2e\orchestra\titlebar-native-frame.spec.ts:58:24)
e2e (windows)	Run app e2e tests	2026-10-01T22:08:16.8395868Z         at D:\a\HuGR-Orchestra\HuGR-Orchestra\packages\app\e2e\orchestra\titlebar-native-frame.spec.ts:46:3
e2e (windows)	Run app e2e tests	2026-10-01T22:08:16.8396554Z
e2e (windows)	Run app e2e tests	2026-10-01T22:08:16.8397239Z     attachment #1: screenshot (image/png) ──────────────────────────────────────────────────────────
e2e (windows)	Run app e2e tests	2026-10-01T22:08:16.8398804Z     e2e\test-results\orchestra-titlebar-native--d7bb5-er-shell-and-window-changes-chromium-retry2\test-failed-1.png
e2e (windows)	Run app e2e tests	2026-10-01T22:08:16.8400202Z     ────────────────────────────────────────────────────────────────────────────────────────────────
e2e (windows)	Run app e2e tests	2026-10-01T22:08:16.8400689Z
e2e (windows)	Run app e2e tests	2026-10-01T22:08:16.8401280Z     attachment #2: video (video/webm) ──────────────────────────────────────────────────────────────
e2e (windows)	Run app e2e tests	2026-10-01T22:08:16.8402554Z     e2e\test-results\orchestra-titlebar-native--d7bb5-er-shell-and-window-changes-chromium-retry2\video.webm
e2e (windows)	Run app e2e tests	2026-10-01T22:08:16.8403886Z     ────────────────────────────────────────────────────────────────────────────────────────────────
e2e (windows)	Run app e2e tests	2026-10-01T22:08:16.8404358Z
e2e (windows)	Run app e2e tests	2026-10-01T22:08:16.8405244Z     Error Context: e2e\test-results\orchestra-titlebar-native--d7bb5-er-shell-and-window-changes-chromium-retry2\error-context.md
e2e (windows)	Run app e2e tests	2026-10-01T22:08:16.8406211Z
e2e (windows)	Run app e2e tests	2026-10-01T22:08:16.8407495Z     Error Context: e2e\test-results\orchestra-titlebar-native--d7bb5-er-shell-and-window-changes-chromium-retry2\error-context.md
e2e (windows)	Run app e2e tests	2026-10-01T22:08:16.8408502Z
e2e (windows)	Run app e2e tests	2026-10-01T22:08:16.8408513Z
e2e (windows)	Run app e2e tests	2026-10-01T22:08:18.5090339Z [14/124] [chromium] › e2e\orchestra\titlebar-native-frame.spec.ts:96:1 › reactive zoom reads settled CSS geometry without converting to native points
e2e (windows)	Run app e2e tests	2026-10-01T22:08:19.7143797Z [chromium] › e2e\orchestra\titlebar-native-frame.spec.ts:96:1 › reactive zoom reads settled CSS geometry without converting to native points
e2e (windows)	Run app e2e tests	2026-10-01T22:08:19.7146331Z 10:08:19 PM [vite] Internal server error: Failed to resolve import "@/context/layout" from "src/components/titlebar.tsx". Does the file exist?
e2e (windows)	Run app e2e tests	2026-10-01T22:08:19.7147771Z   Plugin: vite:import-analysis
e2e (windows)	Run app e2e tests	2026-10-01T22:08:19.7148774Z   File: D:/a/HuGR-Orchestra/HuGR-Orchestra/packages/app/src/components/titlebar.tsx:26:66
e2e (windows)	Run app e2e tests	2026-10-01T22:08:19.7149953Z   24 |  import { TooltipV2 } from "@opencode-ai/ui/v2/tooltip-v2";
e2e (windows)	Run app e2e tests	2026-10-01T22:08:19.7150820Z   25 |  import { useTheme } from "@opencode-ai/ui/theme/context";
e2e (windows)	Run app e2e tests	2026-10-01T22:08:19.7151575Z   26 |  import { useLayout } from "@/context/layout";
e2e (windows)	Run app e2e tests	2026-10-01T22:08:19.7152632Z      |                             ^
e2e (windows)	Run app e2e tests	2026-10-01T22:08:19.7153653Z   27 |  import { usePlatform } from "@/context/platform";
e2e (windows)	Run app e2e tests	2026-10-01T22:08:19.7154616Z   28 |  import { useCommand } from "@/context/command";
e2e (windows)	Run app e2e tests	2026-10-01T22:08:19.7156708Z       at TransformPluginContext._formatLog (file:///D:/a/HuGR-Orchestra/HuGR-Orchestra/node_modules/vite/dist/node/chunks/dep-C6pp_iVS.js:31522:43)
e2e (windows)	Run app e2e tests	2026-10-01T22:08:19.7158663Z       at TransformPluginContext.error (file:///D:/a/HuGR-Orchestra/HuGR-Orchestra/node_modules/vite/dist/node/chunks/dep-C6pp_iVS.js:31519:14)
e2e (windows)	Run app e2e tests	2026-10-01T22:08:19.7162074Z       at normalizeUrl (file:///D:/a/HuGR-Orchestra/HuGR-Orchestra/node_modules/vite/dist/node/chunks/dep-C6pp_iVS.js:29991:18)
e2e (windows)	Run app e2e tests	2026-10-01T22:08:19.7167293Z       at processTicksAndRejections (node:internal/process/task_queues:104:5)
e2e (windows)	Run app e2e tests	2026-10-01T22:08:19.7173552Z       at file:///D:/a/HuGR-Orchestra/HuGR-Orchestra/node_modules/vite/dist/node/chunks/dep-C6pp_iVS.js:30049:32
e2e (windows)	Run app e2e tests	2026-10-01T22:08:19.7174557Z       at async Promise.all (index 24)
e2e (windows)	Run app e2e tests	2026-10-01T22:08:19.7176257Z       at TransformPluginContext.transform (file:///D:/a/HuGR-Orchestra/HuGR-Orchestra/node_modules/vite/dist/node/chunks/dep-C6pp_iVS.js:30017:4)
e2e (windows)	Run app e2e tests	2026-10-01T22:08:19.7179081Z       at EnvironmentPluginContainer.transform (file:///D:/a/HuGR-Orchestra/HuGR-Orchestra/node_modules/vite/dist/node/chunks/dep-C6pp_iVS.js:31320:14)
e2e (windows)	Run app e2e tests	2026-10-01T22:08:19.7180949Z       at loadAndTransform (file:///D:/a/HuGR-Orchestra/HuGR-Orchestra/node_modules/vite/dist/node/chunks/dep-C6pp_iVS.js:26407:26)
e2e (windows)	Run app e2e tests	2026-10-01T22:08:19.7181880Z
e2e (windows)	Run app e2e tests	2026-10-01T22:08:19.7184378Z 10:08:19 PM [vite] (client) Pre-transform error: Failed to resolve import "@/context/layout" from "src/components/titlebar.tsx". Does the file exist?
e2e (windows)	Run app e2e tests	2026-10-01T22:08:19.7185988Z   Plugin: vite:import-analysis
e2e (windows)	Run app e2e tests	2026-10-01T22:08:19.7187050Z   File: D:/a/HuGR-Orchestra/HuGR-Orchestra/packages/app/src/components/titlebar.tsx:26:66
e2e (windows)	Run app e2e tests	2026-10-01T22:08:19.7188440Z   24 |  import { TooltipV2 } from "@opencode-ai/ui/v2/tooltip-v2";
e2e (windows)	Run app e2e tests	2026-10-01T22:08:19.7189247Z   25 |  import { useTheme } from "@opencode-ai/ui/theme/context";
e2e (windows)	Run app e2e tests	2026-10-01T22:08:19.7189938Z   26 |  import { useLayout } from "@/context/layout";
e2e (windows)	Run app e2e tests	2026-10-01T22:08:19.7190469Z      |                             ^
e2e (windows)	Run app e2e tests	2026-10-01T22:08:19.7191020Z   27 |  import { usePlatform } from "@/context/platform";
e2e (windows)	Run app e2e tests	2026-10-01T22:08:19.7191791Z   28 |  import { useCommand } from "@/context/command";
e2e (windows)	Run app e2e tests	2026-10-01T22:08:19.7192200Z
e2e (windows)	Run app e2e tests	2026-10-01T22:08:19.9039565Z 10:08:19 PM [vite] (client) Pre-transform error: Failed to resolve import "@/desktop-menu" from "src/components/windows-app-menu.tsx". Does the file exist?
e2e (windows)	Run app e2e tests	2026-10-01T22:08:19.9044766Z
e2e (windows)	Run app e2e tests	2026-10-01T22:08:19.9047610Z   Plugin: vite:import-analysis
e2e (windows)	Run app e2e tests	2026-10-01T22:08:19.9048955Z   File: D:/a/HuGR-Orchestra/HuGR-Orchestra/packages/app/src/components/windows-app-menu.tsx:9:96
e2e (windows)	Run app e2e tests	2026-10-01T22:08:19.9050567Z   10 |  import { IconButtonV2 } from "@opencode-ai/ui/v2/icon-button-v2";
e2e (windows)	Run app e2e tests	2026-10-01T22:08:19.9054031Z   11 |  import { Icon as IconV2 } from "@opencode-ai/ui/v2/icon";
e2e (windows)	Run app e2e tests	2026-10-01T22:08:19.9055058Z   12 |  import { DESKTOP_MENU, desktopMenuVisible } from "@/desktop-menu";
e2e (windows)	Run app e2e tests	2026-10-01T22:08:19.9055940Z      |                                                    ^
e2e (windows)	Run app e2e tests	2026-10-01T22:08:19.9056713Z   13 |  import { useLanguage } from "@/context/language";
e2e (windows)	Run app e2e tests	2026-10-01T22:08:19.9057640Z   14 |  export function WindowsAppMenu(props) {
e2e (windows)	Run app e2e tests	2026-10-01T22:08:19.9115941Z 10:08:19 PM [vite] (client) Pre-transform error: Failed to resolve import "@/utils/path-key" from "src/components/titlebar-tab-order.ts". Does the file exist?
e2e (windows)	Run app e2e tests	2026-10-01T22:08:19.9117480Z
e2e (windows)	Run app e2e tests	2026-10-01T22:08:19.9117912Z   Plugin: vite:import-analysis
e2e (windows)	Run app e2e tests	2026-10-01T22:08:19.9119018Z   File: D:/a/HuGR-Orchestra/HuGR-Orchestra/packages/app/src/components/titlebar-tab-order.ts:1:24
e2e (windows)	Run app e2e tests	2026-10-01T22:08:19.9121529Z   1  |  import { pathKey } from "@/utils/path-key";
e2e (windows)	Run app e2e tests	2026-10-01T22:08:19.9122131Z      |                           ^
e2e (windows)	Run app e2e tests	2026-10-01T22:08:19.9123027Z   2  |  import { startTransition } from "solid-js";
e2e (windows)	Run app e2e tests	2026-10-01T22:08:19.9124889Z   3  |  export function closeProfileTab(input) {
e2e (windows)	Run app e2e tests	2026-10-01T22:08:32.3704425Z [15/124] (retries) [chromium] › e2e\orchestra\titlebar-native-frame.spec.ts:96:1 › reactive zoom reads settled CSS geometry without converting to native points (retry #1)
e2e (windows)	Run app e2e tests	2026-10-01T22:08:33.4200884Z 10:08:33 PM [vite] Internal server error: Failed to resolve import "@/context/layout" from "src/components/titlebar.tsx". Does the file exist?
e2e (windows)	Run app e2e tests	2026-10-01T22:08:33.4201847Z
e2e (windows)	Run app e2e tests	2026-10-01T22:08:33.4203499Z   Plugin: vite:import-analysis
e2e (windows)	Run app e2e tests	2026-10-01T22:08:33.4204809Z   File: D:/a/HuGR-Orchestra/HuGR-Orchestra/packages/app/src/components/titlebar.tsx:26:66
e2e (windows)	Run app e2e tests	2026-10-01T22:08:33.4208069Z   24 |  import { TooltipV2 } from "@opencode-ai/ui/v2/tooltip-v2";
e2e (windows)	Run app e2e tests	2026-10-01T22:08:33.4209058Z   25 |  import { useTheme } from "@opencode-ai/ui/theme/context";
e2e (windows)	Run app e2e tests	2026-10-01T22:08:33.4210264Z   26 |  import { useLayout } from "@/context/layout";
e2e (windows)	Run app e2e tests	2026-10-01T22:08:33.4210945Z      |                             ^
e2e (windows)	Run app e2e tests	2026-10-01T22:08:33.4211652Z   27 |  import { usePlatform } from "@/context/platform";
e2e (windows)	Run app e2e tests	2026-10-01T22:08:33.4213005Z   28 |  import { useCommand } from "@/context/command";
e2e (windows)	Run app e2e tests	2026-10-01T22:08:33.4216415Z       at TransformPluginContext._formatLog (file:///D:/a/HuGR-Orchestra/HuGR-Orchestra/node_modules/vite/dist/node/chunks/dep-C6pp_iVS.js:31522:43)
e2e (windows)	Run app e2e tests	2026-10-01T22:08:33.4224106Z       at TransformPluginContext.error (file:///D:/a/HuGR-Orchestra/HuGR-Orchestra/node_modules/vite/dist/node/chunks/dep-C6pp_iVS.js:31519:14)
e2e (windows)	Run app e2e tests	2026-10-01T22:08:33.4226879Z       at normalizeUrl (file:///D:/a/HuGR-Orchestra/HuGR-Orchestra/node_modules/vite/dist/node/chunks/dep-C6pp_iVS.js:29991:18)
e2e (windows)	Run app e2e tests	2026-10-01T22:08:33.4228084Z       at processTicksAndRejections (node:internal/process/task_queues:104:5)
e2e (windows)	Run app e2e tests	2026-10-01T22:08:33.4229044Z       at file:///D:/a/HuGR-Orchestra/HuGR-Orchestra/node_modules/vite/dist/node/chunks/dep-C6pp_iVS.js:30049:32
e2e (windows)	Run app e2e tests	2026-10-01T22:08:33.4229644Z       at async Promise.all (index 24)
e2e (windows)	Run app e2e tests	2026-10-01T22:08:33.4231556Z       at TransformPluginContext.transform (file:///D:/a/HuGR-Orchestra/HuGR-Orchestra/node_modules/vite/dist/node/chunks/dep-C6pp_iVS.js:30017:4)
e2e (windows)	Run app e2e tests	2026-10-01T22:08:33.4233353Z       at EnvironmentPluginContainer.transform (file:///D:/a/HuGR-Orchestra/HuGR-Orchestra/node_modules/vite/dist/node/chunks/dep-C6pp_iVS.js:31320:14)
e2e (windows)	Run app e2e tests	2026-10-01T22:08:33.4234896Z       at loadAndTransform (file:///D:/a/HuGR-Orchestra/HuGR-Orchestra/node_modules/vite/dist/node/chunks/dep-C6pp_iVS.js:26407:26)
e2e (windows)	Run app e2e tests	2026-10-01T22:08:33.4236611Z 10:08:33 PM [vite] (client) Pre-transform error: Failed to resolve import "@/context/layout" from "src/components/titlebar.tsx". Does the file exist?
e2e (windows)	Run app e2e tests	2026-10-01T22:08:33.4237548Z   Plugin: vite:import-analysis
e2e (windows)	Run app e2e tests	2026-10-01T22:08:33.4238430Z   File: D:/a/HuGR-Orchestra/HuGR-Orchestra/packages/app/src/components/titlebar.tsx:26:66
e2e (windows)	Run app e2e tests	2026-10-01T22:08:33.4239221Z   24 |  import { TooltipV2 } from "@opencode-ai/ui/v2/tooltip-v2";
e2e (windows)	Run app e2e tests	2026-10-01T22:08:33.4239762Z   25 |  import { useTheme } from "@opencode-ai/ui/theme/context";
e2e (windows)	Run app e2e tests	2026-10-01T22:08:33.4240222Z   26 |  import { useLayout } from "@/context/layout";
e2e (windows)	Run app e2e tests	2026-10-01T22:08:33.4240614Z      |                             ^
e2e (windows)	Run app e2e tests	2026-10-01T22:08:33.4241020Z   27 |  import { usePlatform } from "@/context/platform";
e2e (windows)	Run app e2e tests	2026-10-01T22:08:33.4241697Z   28 |  import { useCommand } from "@/context/command";
e2e (windows)	Run app e2e tests	2026-10-01T22:08:33.4242042Z
e2e (windows)	Run app e2e tests	2026-10-01T22:08:33.5688558Z 10:08:33 PM [vite] (client) Pre-transform error: Failed to resolve import "@/desktop-menu" from "src/components/windows-app-menu.tsx". Does the file exist?
e2e (windows)	Run app e2e tests	2026-10-01T22:08:33.5689733Z
e2e (windows)	Run app e2e tests	2026-10-01T22:08:33.5690030Z   Plugin: vite:import-analysis
e2e (windows)	Run app e2e tests	2026-10-01T22:08:33.5690745Z   File: D:/a/HuGR-Orchestra/HuGR-Orchestra/packages/app/src/components/windows-app-menu.tsx:9:96
e2e (windows)	Run app e2e tests	2026-10-01T22:08:33.5691543Z   10 |  import { IconButtonV2 } from "@opencode-ai/ui/v2/icon-button-v2";
e2e (windows)	Run app e2e tests	2026-10-01T22:08:33.5692319Z   11 |  import { Icon as IconV2 } from "@opencode-ai/ui/v2/icon";
e2e (windows)	Run app e2e tests	2026-10-01T22:08:33.5692864Z   12 |  import { DESKTOP_MENU, desktopMenuVisible } from "@/desktop-menu";
e2e (windows)	Run app e2e tests	2026-10-01T22:08:33.5693309Z      |                                                    ^
e2e (windows)	Run app e2e tests	2026-10-01T22:08:33.5693667Z   13 |  import { useLanguage } from "@/context/language";
e2e (windows)	Run app e2e tests	2026-10-01T22:08:33.5694106Z   14 |  export function WindowsAppMenu(props) {
e2e (windows)	Run app e2e tests	2026-10-01T22:08:33.5750389Z 10:08:33 PM [vite] (client) Pre-transform error: Failed to resolve import "@/utils/path-key" from "src/components/titlebar-tab-order.ts". Does the file exist?
e2e (windows)	Run app e2e tests	2026-10-01T22:08:33.5752178Z   Plugin: vite:import-analysis
e2e (windows)	Run app e2e tests	2026-10-01T22:08:33.5754327Z   File: D:/a/HuGR-Orchestra/HuGR-Orchestra/packages/app/src/components/titlebar-tab-order.ts:1:24
e2e (windows)	Run app e2e tests	2026-10-01T22:08:33.5758331Z   1  |  import { pathKey } from "@/utils/path-key";
e2e (windows)	Run app e2e tests	2026-10-01T22:08:33.5762257Z      |                           ^
e2e (windows)	Run app e2e tests	2026-10-01T22:08:33.5762926Z   2  |  import { startTransition } from "solid-js";
e2e (windows)	Run app e2e tests	2026-10-01T22:08:33.5765719Z   3  |  export function closeProfileTab(input) {
e2e (windows)	Run app e2e tests	2026-10-01T22:08:33.5766179Z
e2e (windows)	Run app e2e tests	2026-10-01T22:08:46.6064807Z [16/124] (retries) [chromium] › e2e\orchestra\titlebar-native-frame.spec.ts:96:1 › reactive zoom reads settled CSS geometry without converting to native points (retry #2)
e2e (windows)	Run app e2e tests	2026-10-01T22:08:47.8659026Z 10:08:47 PM [vite] Internal server error: Failed to resolve import "@/context/layout" from "src/components/titlebar.tsx". Does the file exist?
e2e (windows)	Run app e2e tests	2026-10-01T22:08:47.8660697Z   Plugin: vite:import-analysis
e2e (windows)	Run app e2e tests	2026-10-01T22:08:47.8661111Z
e2e (windows)	Run app e2e tests	2026-10-01T22:08:47.8662233Z   File: D:/a/HuGR-Orchestra/HuGR-Orchestra/packages/app/src/components/titlebar.tsx:26:66
e2e (windows)	Run app e2e tests	2026-10-01T22:08:47.8663593Z   24 |  import { TooltipV2 } from "@opencode-ai/ui/v2/tooltip-v2";
e2e (windows)	Run app e2e tests	2026-10-01T22:08:47.8664604Z   25 |  import { useTheme } from "@opencode-ai/ui/theme/context";
e2e (windows)	Run app e2e tests	2026-10-01T22:08:47.8665754Z   26 |  import { useLayout } from "@/context/layout";
e2e (windows)	Run app e2e tests	2026-10-01T22:08:47.8667781Z      |                             ^
e2e (windows)	Run app e2e tests	2026-10-01T22:08:47.8668533Z   27 |  import { usePlatform } from "@/context/platform";
e2e (windows)	Run app e2e tests	2026-10-01T22:08:47.8669556Z   28 |  import { useCommand } from "@/context/command";
e2e (windows)	Run app e2e tests	2026-10-01T22:08:47.8671585Z       at TransformPluginContext._formatLog (file:///D:/a/HuGR-Orchestra/HuGR-Orchestra/node_modules/vite/dist/node/chunks/dep-C6pp_iVS.js:31522:43)
e2e (windows)	Run app e2e tests	2026-10-01T22:08:47.8674676Z       at TransformPluginContext.error (file:///D:/a/HuGR-Orchestra/HuGR-Orchestra/node_modules/vite/dist/node/chunks/dep-C6pp_iVS.js:31519:14)
e2e (windows)	Run app e2e tests	2026-10-01T22:08:47.8683024Z       at normalizeUrl (file:///D:/a/HuGR-Orchestra/HuGR-Orchestra/node_modules/vite/dist/node/chunks/dep-C6pp_iVS.js:29991:18)
e2e (windows)	Run app e2e tests	2026-10-01T22:08:47.8684979Z       at processTicksAndRejections (node:internal/process/task_queues:104:5)
e2e (windows)	Run app e2e tests	2026-10-01T22:08:47.8685981Z       at file:///D:/a/HuGR-Orchestra/HuGR-Orchestra/node_modules/vite/dist/node/chunks/dep-C6pp_iVS.js:30049:32
e2e (windows)	Run app e2e tests	2026-10-01T22:08:47.8686618Z       at async Promise.all (index 24)
e2e (windows)	Run app e2e tests	2026-10-01T22:08:47.8687608Z       at TransformPluginContext.transform (file:///D:/a/HuGR-Orchestra/HuGR-Orchestra/node_modules/vite/dist/node/chunks/dep-C6pp_iVS.js:30017:4)
e2e (windows)	Run app e2e tests	2026-10-01T22:08:47.8689115Z       at EnvironmentPluginContainer.transform (file:///D:/a/HuGR-Orchestra/HuGR-Orchestra/node_modules/vite/dist/node/chunks/dep-C6pp_iVS.js:31320:14)
e2e (windows)	Run app e2e tests	2026-10-01T22:08:47.8690610Z       at loadAndTransform (file:///D:/a/HuGR-Orchestra/HuGR-Orchestra/node_modules/vite/dist/node/chunks/dep-C6pp_iVS.js:26407:26)
e2e (windows)	Run app e2e tests	2026-10-01T22:08:47.8694506Z 10:08:47 PM [vite] (client) Pre-transform error: Failed to resolve import "@/context/layout" from "src/components/titlebar.tsx". Does the file exist?
e2e (windows)	Run app e2e tests	2026-10-01T22:08:47.8695769Z   Plugin: vite:import-analysis
e2e (windows)	Run app e2e tests	2026-10-01T22:08:47.8698243Z   File: D:/a/HuGR-Orchestra/HuGR-Orchestra/packages/app/src/components/titlebar.tsx:26:66
e2e (windows)	Run app e2e tests	2026-10-01T22:08:47.8700953Z   24 |  import { TooltipV2 } from "@opencode-ai/ui/v2/tooltip-v2";
e2e (windows)	Run app e2e tests	2026-10-01T22:08:47.8701539Z   25 |  import { useTheme } from "@opencode-ai/ui/theme/context";
e2e (windows)	Run app e2e tests	2026-10-01T22:08:47.8702030Z   26 |  import { useLayout } from "@/context/layout";
e2e (windows)	Run app e2e tests	2026-10-01T22:08:47.8702402Z      |                             ^
e2e (windows)	Run app e2e tests	2026-10-01T22:08:47.8703291Z   27 |  import { usePlatform } from "@/context/platform";
e2e (windows)	Run app e2e tests	2026-10-01T22:08:47.8703907Z   28 |  import { useCommand } from "@/context/command";
e2e (windows)	Run app e2e tests	2026-10-01T22:08:47.8704220Z
e2e (windows)	Run app e2e tests	2026-10-01T22:08:48.0418960Z 10:08:48 PM [vite] (client) Pre-transform error: Failed to resolve import "@/desktop-menu" from "src/components/windows-app-menu.tsx". Does the file exist?
e2e (windows)	Run app e2e tests	2026-10-01T22:08:48.0420393Z
e2e (windows)	Run app e2e tests	2026-10-01T22:08:48.0423252Z   Plugin: vite:import-analysis
e2e (windows)	Run app e2e tests	2026-10-01T22:08:48.0428451Z   File: D:/a/HuGR-Orchestra/HuGR-Orchestra/packages/app/src/components/windows-app-menu.tsx:9:96
e2e (windows)	Run app e2e tests	2026-10-01T22:08:48.0432495Z   10 |  import { IconButtonV2 } from "@opencode-ai/ui/v2/icon-button-v2";
e2e (windows)	Run app e2e tests	2026-10-01T22:08:48.0436783Z   11 |  import { Icon as IconV2 } from "@opencode-ai/ui/v2/icon";
e2e (windows)	Run app e2e tests	2026-10-01T22:08:48.0439319Z   12 |  import { DESKTOP_MENU, desktopMenuVisible } from "@/desktop-menu";
e2e (windows)	Run app e2e tests	2026-10-01T22:08:48.0440807Z      |                                                    ^
e2e (windows)	Run app e2e tests	2026-10-01T22:08:48.0442090Z   13 |  import { useLanguage } from "@/context/language";
e2e (windows)	Run app e2e tests	2026-10-01T22:08:48.0443269Z   14 |  export function WindowsAppMenu(props) {
e2e (windows)	Run app e2e tests	2026-10-01T22:08:48.0495301Z 10:08:48 PM [vite] (client) Pre-transform error: Failed to resolve import "@/utils/path-key" from "src/components/titlebar-tab-order.ts". Does the file exist?
e2e (windows)	Run app e2e tests	2026-10-01T22:08:48.0496650Z
e2e (windows)	Run app e2e tests	2026-10-01T22:08:48.0498937Z   Plugin: vite:import-analysis
e2e (windows)	Run app e2e tests	2026-10-01T22:08:48.0502753Z   File: D:/a/HuGR-Orchestra/HuGR-Orchestra/packages/app/src/components/titlebar-tab-order.ts:1:24
e2e (windows)	Run app e2e tests	2026-10-01T22:08:48.0505638Z   1  |  import { pathKey } from "@/utils/path-key";
e2e (windows)	Run app e2e tests	2026-10-01T22:08:48.0509990Z      |                           ^
e2e (windows)	Run app e2e tests	2026-10-01T22:08:48.0511222Z   2  |  import { startTransition } from "solid-js";
e2e (windows)	Run app e2e tests	2026-10-01T22:08:48.0513834Z   3  |  export function closeProfileTab(input) {
e2e (windows)	Run app e2e tests	2026-10-01T22:08:59.1846087Z   2) [chromium] › e2e\orchestra\titlebar-native-frame.spec.ts:96:1 › reactive zoom reads settled CSS geometry without converting to native points
e2e (windows)	Run app e2e tests	2026-10-01T22:08:59.1847257Z
e2e (windows)	Run app e2e tests	2026-10-01T22:08:59.1848150Z     Error: expect(locator).toHaveCount(expected) failed
e2e (windows)	Run app e2e tests	2026-10-01T22:08:59.1848908Z
e2e (windows)	Run app e2e tests	2026-10-01T22:08:59.1849253Z     Locator:  getByRole('banner', { name: 'Native titlebar fixture', exact: true })
e2e (windows)	Run app e2e tests	2026-10-01T22:08:59.1849809Z     Expected: 1
e2e (windows)	Run app e2e tests	2026-10-01T22:08:59.1850154Z     Received: 0
e2e (windows)	Run app e2e tests	2026-10-01T22:08:59.1850438Z     Timeout:  10000ms
e2e (windows)	Run app e2e tests	2026-10-01T22:08:59.1850619Z
e2e (windows)	Run app e2e tests	2026-10-01T22:08:59.1850743Z     Call log:
e2e (windows)	Run app e2e tests	2026-10-01T22:08:59.1851148Z       - Expect "toHaveCount" with timeout 10000ms
e2e (windows)	Run app e2e tests	2026-10-01T22:08:59.1851826Z       - waiting for getByRole('banner', { name: 'Native titlebar fixture', exact: true })
e2e (windows)	Run app e2e tests	2026-10-01T22:08:59.1852557Z         13 × locator resolved to 0 elements
e2e (windows)	Run app e2e tests	2026-10-01T22:08:59.1853333Z            - unexpected value "0"
e2e (windows)	Run app e2e tests	2026-10-01T22:08:59.1853736Z
e2e (windows)	Run app e2e tests	2026-10-01T22:08:59.1854090Z
e2e (windows)	Run app e2e tests	2026-10-01T22:08:59.1854409Z       56 |   expect(response!.ok(), "fixture response must succeed").toBe(true)
e2e (windows)	Run app e2e tests	2026-10-01T22:08:59.1855112Z       57 |   const header = page.getByRole("banner", { name: "Native titlebar fixture", exact: true })
e2e (windows)	Run app e2e tests	2026-10-01T22:08:59.1855749Z     > 58 |   await expect(header).toHaveCount(1)
e2e (windows)	Run app e2e tests	2026-10-01T22:08:59.1856298Z          |                        ^
e2e (windows)	Run app e2e tests	2026-10-01T22:08:59.1856680Z       59 |   await expect(header).toBeVisible()
e2e (windows)	Run app e2e tests	2026-10-01T22:08:59.1857297Z       60 |   await expect.poll(() => page.evaluate(() => typeof window.nativeFrameFixture?.settled)).toBe("function")
e2e (windows)	Run app e2e tests	2026-10-01T22:08:59.1857912Z       61 |   await settled(page)
e2e (windows)	Run app e2e tests	2026-10-01T22:08:59.1858823Z         at open (D:\a\HuGR-Orchestra\HuGR-Orchestra\packages\app\e2e\orchestra\titlebar-native-frame.spec.ts:58:24)
e2e (windows)	Run app e2e tests	2026-10-01T22:08:59.1860094Z         at D:\a\HuGR-Orchestra\HuGR-Orchestra\packages\app\e2e\orchestra\titlebar-native-frame.spec.ts:46:3
e2e (windows)	Run app e2e tests	2026-10-01T22:08:59.1860779Z
e2e (windows)	Run app e2e tests	2026-10-01T22:08:59.1861280Z     attachment #1: screenshot (image/png) ──────────────────────────────────────────────────────────
e2e (windows)	Run app e2e tests	2026-10-01T22:08:59.1862114Z     e2e\test-results\orchestra-titlebar-native--84214-converting-to-native-points-chromium\test-failed-1.png
e2e (windows)	Run app e2e tests	2026-10-01T22:08:59.1862999Z     ────────────────────────────────────────────────────────────────────────────────────────────────
e2e (windows)	Run app e2e tests	2026-10-01T22:08:59.1863328Z
e2e (windows)	Run app e2e tests	2026-10-01T22:08:59.1863692Z     attachment #2: video (video/webm) ──────────────────────────────────────────────────────────────
e2e (windows)	Run app e2e tests	2026-10-01T22:08:59.1864471Z     e2e\test-results\orchestra-titlebar-native--84214-converting-to-native-points-chromium\video.webm
e2e (windows)	Run app e2e tests	2026-10-01T22:08:59.1865268Z     ────────────────────────────────────────────────────────────────────────────────────────────────
e2e (windows)	Run app e2e tests	2026-10-01T22:08:59.1865603Z
e2e (windows)	Run app e2e tests	2026-10-01T22:08:59.1866107Z     Error Context: e2e\test-results\orchestra-titlebar-native--84214-converting-to-native-points-chromium\error-context.md
e2e (windows)	Run app e2e tests	2026-10-01T22:08:59.1866660Z
e2e (windows)	Run app e2e tests	2026-10-01T22:08:59.1867173Z     Error Context: e2e\test-results\orchestra-titlebar-native--84214-converting-to-native-points-chromium\error-context.md
e2e (windows)	Run app e2e tests	2026-10-01T22:08:59.1867719Z
e2e (windows)	Run app e2e tests	2026-10-01T22:08:59.1868042Z     Retry #1 ───────────────────────────────────────────────────────────────────────────────────────
e2e (windows)	Run app e2e tests	2026-10-01T22:08:59.1868626Z
e2e (windows)	Run app e2e tests	2026-10-01T22:08:59.1869385Z     Error: expect(locator).toHaveCount(expected) failed
e2e (windows)	Run app e2e tests	2026-10-01T22:08:59.1870065Z
e2e (windows)	Run app e2e tests	2026-10-01T22:08:59.1870491Z     Locator:  getByRole('banner', { name: 'Native titlebar fixture', exact: true })
e2e (windows)	Run app e2e tests	2026-10-01T22:08:59.1871593Z     Expected: 1
e2e (windows)	Run app e2e tests	2026-10-01T22:08:59.1871974Z     Received: 0
e2e (windows)	Run app e2e tests	2026-10-01T22:08:59.1872415Z     Timeout:  10000ms
e2e (windows)	Run app e2e tests	2026-10-01T22:08:59.1872672Z
e2e (windows)	Run app e2e tests	2026-10-01T22:08:59.1872838Z     Call log:
e2e (windows)	Run app e2e tests	2026-10-01T22:08:59.1873527Z       - Expect "toHaveCount" with timeout 10000ms
e2e (windows)	Run app e2e tests	2026-10-01T22:08:59.1874495Z       - waiting for getByRole('banner', { name: 'Native titlebar fixture', exact: true })
e2e (windows)	Run app e2e tests	2026-10-01T22:08:59.1876096Z         13 × locator resolved to 0 elements
e2e (windows)	Run app e2e tests	2026-10-01T22:08:59.1876815Z            - unexpected value "0"
e2e (windows)	Run app e2e tests	2026-10-01T22:08:59.1877177Z
e2e (windows)	Run app e2e tests	2026-10-01T22:08:59.1877187Z
e2e (windows)	Run app e2e tests	2026-10-01T22:08:59.1877614Z       56 |   expect(response!.ok(), "fixture response must succeed").toBe(true)
e2e (windows)	Run app e2e tests	2026-10-01T22:08:59.1878678Z       57 |   const header = page.getByRole("banner", { name: "Native titlebar fixture", exact: true })
e2e (windows)	Run app e2e tests	2026-10-01T22:08:59.1879612Z     > 58 |   await expect(header).toHaveCount(1)
e2e (windows)	Run app e2e tests	2026-10-01T22:08:59.1880166Z          |                        ^
e2e (windows)	Run app e2e tests	2026-10-01T22:08:59.1880680Z       59 |   await expect(header).toBeVisible()
e2e (windows)	Run app e2e tests	2026-10-01T22:08:59.1881699Z       60 |   await expect.poll(() => page.evaluate(() => typeof window.nativeFrameFixture?.settled)).toBe("function")
e2e (windows)	Run app e2e tests	2026-10-01T22:08:59.1882913Z       61 |   await settled(page)
e2e (windows)	Run app e2e tests	2026-10-01T22:08:59.1883919Z         at open (D:\a\HuGR-Orchestra\HuGR-Orchestra\packages\app\e2e\orchestra\titlebar-native-frame.spec.ts:58:24)
e2e (windows)	Run app e2e tests	2026-10-01T22:08:59.1885331Z         at D:\a\HuGR-Orchestra\HuGR-Orchestra\packages\app\e2e\orchestra\titlebar-native-frame.spec.ts:46:3
e2e (windows)	Run app e2e tests	2026-10-01T22:08:59.1886045Z
e2e (windows)	Run app e2e tests	2026-10-01T22:08:59.1886762Z     attachment #1: screenshot (image/png) ──────────────────────────────────────────────────────────
e2e (windows)	Run app e2e tests	2026-10-01T22:08:59.1888241Z     e2e\test-results\orchestra-titlebar-native--84214-converting-to-native-points-chromium-retry1\test-failed-1.png
e2e (windows)	Run app e2e tests	2026-10-01T22:08:59.1889734Z     ────────────────────────────────────────────────────────────────────────────────────────────────
e2e (windows)	Run app e2e tests	2026-10-01T22:08:59.1890268Z
e2e (windows)	Run app e2e tests	2026-10-01T22:08:59.1890910Z     attachment #2: video (video/webm) ──────────────────────────────────────────────────────────────
e2e (windows)	Run app e2e tests	2026-10-01T22:08:59.1892308Z     e2e\test-results\orchestra-titlebar-native--84214-converting-to-native-points-chromium-retry1\video.webm
e2e (windows)	Run app e2e tests	2026-10-01T22:08:59.1893830Z     ────────────────────────────────────────────────────────────────────────────────────────────────
e2e (windows)	Run app e2e tests	2026-10-01T22:08:59.1894402Z
e2e (windows)	Run app e2e tests	2026-10-01T22:08:59.1895349Z     Error Context: e2e\test-results\orchestra-titlebar-native--84214-converting-to-native-points-chromium-retry1\error-context.md
e2e (windows)	Run app e2e tests	2026-10-01T22:08:59.1896706Z
e2e (windows)	Run app e2e tests	2026-10-01T22:08:59.1897733Z     Error Context: e2e\test-results\orchestra-titlebar-native--84214-converting-to-native-points-chromium-retry1\error-context.md
e2e (windows)	Run app e2e tests	2026-10-01T22:08:59.1902554Z
e2e (windows)	Run app e2e tests	2026-10-01T22:08:59.1905413Z     attachment #5: trace (application/zip) ─────────────────────────────────────────────────────────
e2e (windows)	Run app e2e tests	2026-10-01T22:08:59.1906799Z     e2e\test-results\orchestra-titlebar-native--84214-converting-to-native-points-chromium-retry1\trace.zip
e2e (windows)	Run app e2e tests	2026-10-01T22:08:59.1908520Z     Usage:
e2e (windows)	Run app e2e tests	2026-10-01T22:08:59.1908665Z
e2e (windows)	Run app e2e tests	2026-10-01T22:08:59.1909284Z         npx playwright show-trace e2e\test-results\orchestra-titlebar-native--84214-converting-to-native-points-chromium-retry1\trace.zip
e2e (windows)	Run app e2e tests	2026-10-01T22:08:59.1909907Z
e2e (windows)	Run app e2e tests	2026-10-01T22:08:59.1910541Z     ────────────────────────────────────────────────────────────────────────────────────────────────
e2e (windows)	Run app e2e tests	2026-10-01T22:08:59.1910864Z
e2e (windows)	Run app e2e tests	2026-10-01T22:08:59.1911205Z     Retry #2 ───────────────────────────────────────────────────────────────────────────────────────
e2e (windows)	Run app e2e tests	2026-10-01T22:08:59.1911537Z
e2e (windows)	Run app e2e tests	2026-10-01T22:08:59.1911989Z     Error: expect(locator).toHaveCount(expected) failed
e2e (windows)	Run app e2e tests	2026-10-01T22:08:59.1912420Z
e2e (windows)	Run app e2e tests	2026-10-01T22:08:59.1912715Z     Locator:  getByRole('banner', { name: 'Native titlebar fixture', exact: true })
e2e (windows)	Run app e2e tests	2026-10-01T22:08:59.1913192Z     Expected: 1
e2e (windows)	Run app e2e tests	2026-10-01T22:08:59.1913497Z     Received: 0
e2e (windows)	Run app e2e tests	2026-10-01T22:08:59.1913792Z     Timeout:  10000ms
e2e (windows)	Run app e2e tests	2026-10-01T22:08:59.1913962Z
e2e (windows)	Run app e2e tests	2026-10-01T22:08:59.1914051Z     Call log:
e2e (windows)	Run app e2e tests	2026-10-01T22:08:59.1914573Z       - Expect "toHaveCount" with timeout 10000ms
e2e (windows)	Run app e2e tests	2026-10-01T22:08:59.1915213Z       - waiting for getByRole('banner', { name: 'Native titlebar fixture', exact: true })
e2e (windows)	Run app e2e tests	2026-10-01T22:08:59.1915835Z         13 × locator resolved to 0 elements
e2e (windows)	Run app e2e tests	2026-10-01T22:08:59.1916489Z            - unexpected value "0"
e2e (windows)	Run app e2e tests	2026-10-01T22:08:59.1916729Z
e2e (windows)	Run app e2e tests	2026-10-01T22:08:59.1916736Z
e2e (windows)	Run app e2e tests	2026-10-01T22:08:59.1917004Z       56 |   expect(response!.ok(), "fixture response must succeed").toBe(true)
e2e (windows)	Run app e2e tests	2026-10-01T22:08:59.1917663Z       57 |   const header = page.getByRole("banner", { name: "Native titlebar fixture", exact: true })
e2e (windows)	Run app e2e tests	2026-10-01T22:08:59.1918226Z     > 58 |   await expect(header).toHaveCount(1)
e2e (windows)	Run app e2e tests	2026-10-01T22:08:59.1918582Z          |                        ^
e2e (windows)	Run app e2e tests	2026-10-01T22:08:59.1919154Z       59 |   await expect(header).toBeVisible()
e2e (windows)	Run app e2e tests	2026-10-01T22:08:59.1919741Z       60 |   await expect.poll(() => page.evaluate(() => typeof window.nativeFrameFixture?.settled)).toBe("function")
e2e (windows)	Run app e2e tests	2026-10-01T22:08:59.1920367Z       61 |   await settled(page)
e2e (windows)	Run app e2e tests	2026-10-01T22:08:59.1920971Z         at open (D:\a\HuGR-Orchestra\HuGR-Orchestra\packages\app\e2e\orchestra\titlebar-native-frame.spec.ts:58:24)
e2e (windows)	Run app e2e tests	2026-10-01T22:08:59.1921868Z         at D:\a\HuGR-Orchestra\HuGR-Orchestra\packages\app\e2e\orchestra\titlebar-native-frame.spec.ts:46:3
e2e (windows)	Run app e2e tests	2026-10-01T22:08:59.1922317Z
e2e (windows)	Run app e2e tests	2026-10-01T22:08:59.1922717Z     attachment #1: screenshot (image/png) ──────────────────────────────────────────────────────────
e2e (windows)	Run app e2e tests	2026-10-01T22:08:59.1923588Z     e2e\test-results\orchestra-titlebar-native--84214-converting-to-native-points-chromium-retry2\test-failed-1.png
e2e (windows)	Run app e2e tests	2026-10-01T22:08:59.1924451Z     ────────────────────────────────────────────────────────────────────────────────────────────────
e2e (windows)	Run app e2e tests	2026-10-01T22:08:59.1924774Z
e2e (windows)	Run app e2e tests	2026-10-01T22:08:59.1925165Z     attachment #2: video (video/webm) ──────────────────────────────────────────────────────────────
e2e (windows)	Run app e2e tests	2026-10-01T22:08:59.1925952Z     e2e\test-results\orchestra-titlebar-native--84214-converting-to-native-points-chromium-retry2\video.webm
e2e (windows)	Run app e2e tests	2026-10-01T22:08:59.1926813Z     ────────────────────────────────────────────────────────────────────────────────────────────────
e2e (windows)	Run app e2e tests	2026-10-01T22:08:59.1927139Z
e2e (windows)	Run app e2e tests	2026-10-01T22:08:59.1927676Z     Error Context: e2e\test-results\orchestra-titlebar-native--84214-converting-to-native-points-chromium-retry2\error-context.md
e2e (windows)	Run app e2e tests	2026-10-01T22:08:59.1928214Z
e2e (windows)	Run app e2e tests	2026-10-01T22:08:59.1928727Z     Error Context: e2e\test-results\orchestra-titlebar-native--84214-converting-to-native-points-chromium-retry2\error-context.md
e2e (windows)	Run app e2e tests	2026-10-01T22:08:59.1929304Z
e2e (windows)	Run app e2e tests	2026-10-01T22:08:59.1929309Z
e2e (windows)	Run app e2e tests	2026-10-01T22:09:00.8877055Z [17/124] [chromium] › e2e\orchestra\titlebar-native-frame.spec.ts:109:1 › clears and restores frames for fullscreen, legacy and the 768px desktop boundary
e2e (windows)	Run app e2e tests	2026-10-01T22:09:02.2630214Z [chromium] › e2e\orchestra\titlebar-native-frame.spec.ts:109:1 › clears and restores frames for fullscreen, legacy and the 768px desktop boundary
e2e (windows)	Run app e2e tests	2026-10-01T22:09:02.2631834Z
e2e (windows)	Run app e2e tests	2026-10-01T22:09:02.2634247Z 10:09:02 PM [vite] Internal server error: Failed to resolve import "@/context/layout" from "src/components/titlebar.tsx". Does the file exist?
e2e (windows)	Run app e2e tests	2026-10-01T22:09:02.2636180Z   Plugin: vite:import-analysis
e2e (windows)	Run app e2e tests	2026-10-01T22:09:02.2642334Z   File: D:/a/HuGR-Orchestra/HuGR-Orchestra/packages/app/src/components/titlebar.tsx:26:66
e2e (windows)	Run app e2e tests	2026-10-01T22:09:02.2645428Z   24 |  import { TooltipV2 } from "@opencode-ai/ui/v2/tooltip-v2";
e2e (windows)	Run app e2e tests	2026-10-01T22:09:02.2647604Z   25 |  import { useTheme } from "@opencode-ai/ui/theme/context";
e2e (windows)	Run app e2e tests	2026-10-01T22:09:02.2649315Z   26 |  import { useLayout } from "@/context/layout";
e2e (windows)	Run app e2e tests	2026-10-01T22:09:02.2655531Z      |                             ^
e2e (windows)	Run app e2e tests	2026-10-01T22:09:02.2660431Z   27 |  import { usePlatform } from "@/context/platform";
e2e (windows)	Run app e2e tests	2026-10-01T22:09:02.2661538Z   28 |  import { useCommand } from "@/context/command";
e2e (windows)	Run app e2e tests	2026-10-01T22:09:02.2662997Z       at TransformPluginContext._formatLog (file:///D:/a/HuGR-Orchestra/HuGR-Orchestra/node_modules/vite/dist/node/chunks/dep-C6pp_iVS.js:31522:43)
e2e (windows)	Run app e2e tests	2026-10-01T22:09:02.2664891Z       at TransformPluginContext.error (file:///D:/a/HuGR-Orchestra/HuGR-Orchestra/node_modules/vite/dist/node/chunks/dep-C6pp_iVS.js:31519:14)
e2e (windows)	Run app e2e tests	2026-10-01T22:09:02.2667193Z       at normalizeUrl (file:///D:/a/HuGR-Orchestra/HuGR-Orchestra/node_modules/vite/dist/node/chunks/dep-C6pp_iVS.js:29991:18)
e2e (windows)	Run app e2e tests	2026-10-01T22:09:02.2668969Z       at processTicksAndRejections (node:internal/process/task_queues:104:5)
e2e (windows)	Run app e2e tests	2026-10-01T22:09:02.2671062Z       at file:///D:/a/HuGR-Orchestra/HuGR-Orchestra/node_modules/vite/dist/node/chunks/dep-C6pp_iVS.js:30049:32
e2e (windows)	Run app e2e tests	2026-10-01T22:09:02.2673367Z       at async Promise.all (index 24)
e2e (windows)	Run app e2e tests	2026-10-01T22:09:02.2675867Z       at TransformPluginContext.transform (file:///D:/a/HuGR-Orchestra/HuGR-Orchestra/node_modules/vite/dist/node/chunks/dep-C6pp_iVS.js:30017:4)
e2e (windows)	Run app e2e tests	2026-10-01T22:09:02.2678131Z       at EnvironmentPluginContainer.transform (file:///D:/a/HuGR-Orchestra/HuGR-Orchestra/node_modules/vite/dist/node/chunks/dep-C6pp_iVS.js:31320:14)
e2e (windows)	Run app e2e tests	2026-10-01T22:09:02.2679988Z       at loadAndTransform (file:///D:/a/HuGR-Orchestra/HuGR-Orchestra/node_modules/vite/dist/node/chunks/dep-C6pp_iVS.js:26407:26)
e2e (windows)	Run app e2e tests	2026-10-01T22:09:02.2682467Z 10:09:02 PM [vite] (client) Pre-transform error: Failed to resolve import "@/context/layout" from "src/components/titlebar.tsx". Does the file exist?
e2e (windows)	Run app e2e tests	2026-10-01T22:09:02.2686025Z   Plugin: vite:import-analysis
e2e (windows)	Run app e2e tests	2026-10-01T22:09:02.2688104Z   File: D:/a/HuGR-Orchestra/HuGR-Orchestra/packages/app/src/components/titlebar.tsx:26:66
e2e (windows)	Run app e2e tests	2026-10-01T22:09:02.2690822Z   24 |  import { TooltipV2 } from "@opencode-ai/ui/v2/tooltip-v2";
e2e (windows)	Run app e2e tests	2026-10-01T22:09:02.2691547Z   25 |  import { useTheme } from "@opencode-ai/ui/theme/context";
e2e (windows)	Run app e2e tests	2026-10-01T22:09:02.2691983Z   26 |  import { useLayout } from "@/context/layout";
e2e (windows)	Run app e2e tests	2026-10-01T22:09:02.2692313Z      |                             ^
e2e (windows)	Run app e2e tests	2026-10-01T22:09:02.2692652Z   27 |  import { usePlatform } from "@/context/platform";
e2e (windows)	Run app e2e tests	2026-10-01T22:09:02.2693925Z   28 |  import { useCommand } from "@/context/command";
e2e (windows)	Run app e2e tests	2026-10-01T22:09:02.2695653Z
e2e (windows)	Run app e2e tests	2026-10-01T22:09:02.4512440Z 10:09:02 PM [vite] (client) Pre-transform error: Failed to resolve import "@/desktop-menu" from "src/components/windows-app-menu.tsx". Does the file exist?
e2e (windows)	Run app e2e tests	2026-10-01T22:09:02.4513871Z
e2e (windows)	Run app e2e tests	2026-10-01T22:09:02.4514398Z   Plugin: vite:import-analysis
e2e (windows)	Run app e2e tests	2026-10-01T22:09:02.4515824Z   File: D:/a/HuGR-Orchestra/HuGR-Orchestra/packages/app/src/components/windows-app-menu.tsx:9:96
e2e (windows)	Run app e2e tests	2026-10-01T22:09:02.4517383Z   10 |  import { IconButtonV2 } from "@opencode-ai/ui/v2/icon-button-v2";
e2e (windows)	Run app e2e tests	2026-10-01T22:09:02.4519703Z   11 |  import { Icon as IconV2 } from "@opencode-ai/ui/v2/icon";
e2e (windows)	Run app e2e tests	2026-10-01T22:09:02.4521504Z   12 |  import { DESKTOP_MENU, desktopMenuVisible } from "@/desktop-menu";
e2e (windows)	Run app e2e tests	2026-10-01T22:09:02.4525771Z      |                                                    ^
e2e (windows)	Run app e2e tests	2026-10-01T22:09:02.4526419Z   13 |  import { useLanguage } from "@/context/language";
e2e (windows)	Run app e2e tests	2026-10-01T22:09:02.4527241Z   14 |  export function WindowsAppMenu(props) {
e2e (windows)	Run app e2e tests	2026-10-01T22:09:02.4586346Z 10:09:02 PM [vite] (client) Pre-transform error: Failed to resolve import "@/utils/path-key" from "src/components/titlebar-tab-order.ts". Does the file exist?
e2e (windows)	Run app e2e tests	2026-10-01T22:09:02.4587713Z
e2e (windows)	Run app e2e tests	2026-10-01T22:09:02.4588428Z   Plugin: vite:import-analysis
e2e (windows)	Run app e2e tests	2026-10-01T22:09:02.4591566Z   File: D:/a/HuGR-Orchestra/HuGR-Orchestra/packages/app/src/components/titlebar-tab-order.ts:1:24
e2e (windows)	Run app e2e tests	2026-10-01T22:09:02.4594437Z   1  |  import { pathKey } from "@/utils/path-key";
e2e (windows)	Run app e2e tests	2026-10-01T22:09:02.4596617Z      |                           ^
e2e (windows)	Run app e2e tests	2026-10-01T22:09:02.4598764Z   2  |  import { startTransition } from "solid-js";
e2e (windows)	Run app e2e tests	2026-10-01T22:09:02.4602361Z   3  |  export function closeProfileTab(input) {
e2e (windows)	Run app e2e tests	2026-10-01T22:09:15.5875331Z [18/124] (retries) [chromium] › e2e\orchestra\titlebar-native-frame.spec.ts:109:1 › clears and restores frames for fullscreen, legacy and the 768px desktop boundary (retry #1)
e2e (windows)	Run app e2e tests	2026-10-01T22:09:17.2079858Z 10:09:17 PM [vite] Internal server error: Failed to resolve import "@/context/layout" from "src/components/titlebar.tsx". Does the file exist?
e2e (windows)	Run app e2e tests	2026-10-01T22:09:17.2081086Z
e2e (windows)	Run app e2e tests	2026-10-01T22:09:17.2081780Z   Plugin: vite:import-analysis
e2e (windows)	Run app e2e tests	2026-10-01T22:09:17.2083086Z   File: D:/a/HuGR-Orchestra/HuGR-Orchestra/packages/app/src/components/titlebar.tsx:26:66
e2e (windows)	Run app e2e tests	2026-10-01T22:09:17.2100279Z   24 |  import { TooltipV2 } from "@opencode-ai/ui/v2/tooltip-v2";
e2e (windows)	Run app e2e tests	2026-10-01T22:09:17.2103283Z
e2e (windows)	Run app e2e tests	2026-10-01T22:09:17.2108689Z   25 |  import { useTheme } from "@opencode-ai/ui/theme/context";
e2e (windows)	Run app e2e tests	2026-10-01T22:09:17.2110257Z   26 |  import { useLayout } from "@/context/layout";
e2e (windows)	Run app e2e tests	2026-10-01T22:09:17.2110982Z      |                             ^
e2e (windows)	Run app e2e tests	2026-10-01T22:09:17.2111571Z   27 |  import { usePlatform } from "@/context/platform";
e2e (windows)	Run app e2e tests	2026-10-01T22:09:17.2114646Z   28 |  import { useCommand } from "@/context/command";
e2e (windows)	Run app e2e tests	2026-10-01T22:09:17.2120314Z       at TransformPluginContext._formatLog (file:///D:/a/HuGR-Orchestra/HuGR-Orchestra/node_modules/vite/dist/node/chunks/dep-C6pp_iVS.js:31522:43)
e2e (windows)	Run app e2e tests	2026-10-01T22:09:17.2128380Z       at TransformPluginContext.error (file:///D:/a/HuGR-Orchestra/HuGR-Orchestra/node_modules/vite/dist/node/chunks/dep-C6pp_iVS.js:31519:14)
e2e (windows)	Run app e2e tests	2026-10-01T22:09:17.2131516Z       at normalizeUrl (file:///D:/a/HuGR-Orchestra/HuGR-Orchestra/node_modules/vite/dist/node/chunks/dep-C6pp_iVS.js:29991:18)
e2e (windows)	Run app e2e tests	2026-10-01T22:09:17.2133129Z       at processTicksAndRejections (node:internal/process/task_queues:104:5)
e2e (windows)	Run app e2e tests	2026-10-01T22:09:17.2134340Z       at file:///D:/a/HuGR-Orchestra/HuGR-Orchestra/node_modules/vite/dist/node/chunks/dep-C6pp_iVS.js:30049:32
e2e (windows)	Run app e2e tests	2026-10-01T22:09:17.2138083Z       at async Promise.all (index 24)
e2e (windows)	Run app e2e tests	2026-10-01T22:09:17.2139401Z       at TransformPluginContext.transform (file:///D:/a/HuGR-Orchestra/HuGR-Orchestra/node_modules/vite/dist/node/chunks/dep-C6pp_iVS.js:30017:4)
e2e (windows)	Run app e2e tests	2026-10-01T22:09:17.2150271Z       at EnvironmentPluginContainer.transform (file:///D:/a/HuGR-Orchestra/HuGR-Orchestra/node_modules/vite/dist/node/chunks/dep-C6pp_iVS.js:31320:14)
e2e (windows)	Run app e2e tests	2026-10-01T22:09:17.2152215Z       at loadAndTransform (file:///D:/a/HuGR-Orchestra/HuGR-Orchestra/node_modules/vite/dist/node/chunks/dep-C6pp_iVS.js:26407:26)
e2e (windows)	Run app e2e tests	2026-10-01T22:09:17.2154704Z 10:09:17 PM [vite] (client) Pre-transform error: Failed to resolve import "@/context/layout" from "src/components/titlebar.tsx". Does the file exist?
e2e (windows)	Run app e2e tests	2026-10-01T22:09:17.2156187Z   Plugin: vite:import-analysis
e2e (windows)	Run app e2e tests	2026-10-01T22:09:17.2157245Z   File: D:/a/HuGR-Orchestra/HuGR-Orchestra/packages/app/src/components/titlebar.tsx:26:66
e2e (windows)	Run app e2e tests	2026-10-01T22:09:17.2158983Z   24 |  import { TooltipV2 } from "@opencode-ai/ui/v2/tooltip-v2";
e2e (windows)	Run app e2e tests	2026-10-01T22:09:17.2159777Z   25 |  import { useTheme } from "@opencode-ai/ui/theme/context";
e2e (windows)	Run app e2e tests	2026-10-01T22:09:17.2160877Z   26 |  import { useLayout } from "@/context/layout";
e2e (windows)	Run app e2e tests	2026-10-01T22:09:17.2161443Z      |                             ^
e2e (windows)	Run app e2e tests	2026-10-01T22:09:17.2162012Z   27 |  import { usePlatform } from "@/context/platform";
e2e (windows)	Run app e2e tests	2026-10-01T22:09:17.2162799Z   28 |  import { useCommand } from "@/context/command";
e2e (windows)	Run app e2e tests	2026-10-01T22:09:17.4208422Z 10:09:17 PM [vite] (client) Pre-transform error: Failed to resolve import "@/desktop-menu" from "src/components/windows-app-menu.tsx". Does the file exist?
e2e (windows)	Run app e2e tests	2026-10-01T22:09:17.4212873Z
e2e (windows)	Run app e2e tests	2026-10-01T22:09:17.4215494Z   Plugin: vite:import-analysis
e2e (windows)	Run app e2e tests	2026-10-01T22:09:17.4217436Z   File: D:/a/HuGR-Orchestra/HuGR-Orchestra/packages/app/src/components/windows-app-menu.tsx:9:96
e2e (windows)	Run app e2e tests	2026-10-01T22:09:17.4219021Z   10 |  import { IconButtonV2 } from "@opencode-ai/ui/v2/icon-button-v2";
e2e (windows)	Run app e2e tests	2026-10-01T22:09:17.4221838Z   11 |  import { Icon as IconV2 } from "@opencode-ai/ui/v2/icon";
e2e (windows)	Run app e2e tests	2026-10-01T22:09:17.4223060Z   12 |  import { DESKTOP_MENU, desktopMenuVisible } from "@/desktop-menu";
e2e (windows)	Run app e2e tests	2026-10-01T22:09:17.4223975Z      |                                                    ^
e2e (windows)	Run app e2e tests	2026-10-01T22:09:17.4224743Z   13 |  import { useLanguage } from "@/context/language";
e2e (windows)	Run app e2e tests	2026-10-01T22:09:17.4225716Z   14 |  export function WindowsAppMenu(props) {
e2e (windows)	Run app e2e tests	2026-10-01T22:09:17.4421951Z 10:09:17 PM [vite] (client) Pre-transform error: Failed to resolve import "@/utils/path-key" from "src/components/titlebar-tab-order.ts". Does the file exist?
e2e (windows)	Run app e2e tests	2026-10-01T22:09:17.4423245Z
e2e (windows)	Run app e2e tests	2026-10-01T22:09:17.4424078Z   Plugin: vite:import-analysis
e2e (windows)	Run app e2e tests	2026-10-01T22:09:17.4427634Z   File: D:/a/HuGR-Orchestra/HuGR-Orchestra/packages/app/src/components/titlebar-tab-order.ts:1:24
e2e (windows)	Run app e2e tests	2026-10-01T22:09:17.4430410Z   1  |  import { pathKey } from "@/utils/path-key";
e2e (windows)	Run app e2e tests	2026-10-01T22:09:17.4432489Z      |                           ^
e2e (windows)	Run app e2e tests	2026-10-01T22:09:17.4434058Z   2  |  import { startTransition } from "solid-js";
e2e (windows)	Run app e2e tests	2026-10-01T22:09:17.4447764Z   3  |  export function closeProfileTab(input) {
e2e (windows)	Run app e2e tests	2026-10-01T22:09:30.4453879Z [19/124] (retries) [chromium] › e2e\orchestra\titlebar-native-frame.spec.ts:109:1 › clears and restores frames for fullscreen, legacy and the 768px desktop boundary (retry #2)
e2e (windows)	Run app e2e tests	2026-10-01T22:09:31.4769201Z 10:09:31 PM [vite] Internal server error: Failed to resolve import "@/context/layout" from "src/components/titlebar.tsx". Does the file exist?
e2e (windows)	Run app e2e tests	2026-10-01T22:09:31.4770429Z
e2e (windows)	Run app e2e tests	2026-10-01T22:09:31.4770808Z   Plugin: vite:import-analysis
e2e (windows)	Run app e2e tests	2026-10-01T22:09:31.4771907Z   File: D:/a/HuGR-Orchestra/HuGR-Orchestra/packages/app/src/components/titlebar.tsx:26:66
e2e (windows)	Run app e2e tests	2026-10-01T22:09:31.4773115Z   24 |  import { TooltipV2 } from "@opencode-ai/ui/v2/tooltip-v2";
e2e (windows)	Run app e2e tests	2026-10-01T22:09:31.4773933Z   25 |  import { useTheme } from "@opencode-ai/ui/theme/context";
e2e (windows)	Run app e2e tests	2026-10-01T22:09:31.4775119Z   26 |  import { useLayout } from "@/context/layout";
e2e (windows)	Run app e2e tests	2026-10-01T22:09:31.4775775Z      |                             ^
e2e (windows)	Run app e2e tests	2026-10-01T22:09:31.4777210Z   27 |  import { usePlatform } from "@/context/platform";
e2e (windows)	Run app e2e tests	2026-10-01T22:09:31.4778805Z   28 |  import { useCommand } from "@/context/command";
e2e (windows)	Run app e2e tests	2026-10-01T22:09:31.4780152Z       at TransformPluginContext._formatLog (file:///D:/a/HuGR-Orchestra/HuGR-Orchestra/node_modules/vite/dist/node/chunks/dep-C6pp_iVS.js:31522:43)
e2e (windows)	Run app e2e tests	2026-10-01T22:09:31.4782635Z       at TransformPluginContext.error (file:///D:/a/HuGR-Orchestra/HuGR-Orchestra/node_modules/vite/dist/node/chunks/dep-C6pp_iVS.js:31519:14)
e2e (windows)	Run app e2e tests	2026-10-01T22:09:31.4784399Z       at normalizeUrl (file:///D:/a/HuGR-Orchestra/HuGR-Orchestra/node_modules/vite/dist/node/chunks/dep-C6pp_iVS.js:29991:18)
e2e (windows)	Run app e2e tests	2026-10-01T22:09:31.4787669Z       at processTicksAndRejections (node:internal/process/task_queues:104:5)
e2e (windows)	Run app e2e tests	2026-10-01T22:09:31.4792384Z       at file:///D:/a/HuGR-Orchestra/HuGR-Orchestra/node_modules/vite/dist/node/chunks/dep-C6pp_iVS.js:30049:32
e2e (windows)	Run app e2e tests	2026-10-01T22:09:31.4795402Z       at async Promise.all (index 24)
e2e (windows)	Run app e2e tests	2026-10-01T22:09:31.4796755Z       at TransformPluginContext.transform (file:///D:/a/HuGR-Orchestra/HuGR-Orchestra/node_modules/vite/dist/node/chunks/dep-C6pp_iVS.js:30017:4)
e2e (windows)	Run app e2e tests	2026-10-01T22:09:31.4798785Z       at EnvironmentPluginContainer.transform (file:///D:/a/HuGR-Orchestra/HuGR-Orchestra/node_modules/vite/dist/node/chunks/dep-C6pp_iVS.js:31320:14)
e2e (windows)	Run app e2e tests	2026-10-01T22:09:31.4800939Z       at loadAndTransform (file:///D:/a/HuGR-Orchestra/HuGR-Orchestra/node_modules/vite/dist/node/chunks/dep-C6pp_iVS.js:26407:26)
e2e (windows)	Run app e2e tests	2026-10-01T22:09:31.4803656Z 10:09:31 PM [vite] (client) Pre-transform error: Failed to resolve import "@/context/layout" from "src/components/titlebar.tsx". Does the file exist?
e2e (windows)	Run app e2e tests	2026-10-01T22:09:31.4804788Z   Plugin: vite:import-analysis
e2e (windows)	Run app e2e tests	2026-10-01T22:09:31.4805719Z   File: D:/a/HuGR-Orchestra/HuGR-Orchestra/packages/app/src/components/titlebar.tsx:26:66
e2e (windows)	Run app e2e tests	2026-10-01T22:09:31.4806582Z   24 |  import { TooltipV2 } from "@opencode-ai/ui/v2/tooltip-v2";
e2e (windows)	Run app e2e tests	2026-10-01T22:09:31.4807062Z   25 |  import { useTheme } from "@opencode-ai/ui/theme/context";
e2e (windows)	Run app e2e tests	2026-10-01T22:09:31.4807472Z   26 |  import { useLayout } from "@/context/layout";
e2e (windows)	Run app e2e tests	2026-10-01T22:09:31.4807788Z      |                             ^
e2e (windows)	Run app e2e tests	2026-10-01T22:09:31.4808122Z   27 |  import { usePlatform } from "@/context/platform";
e2e (windows)	Run app e2e tests	2026-10-01T22:09:31.4808589Z   28 |  import { useCommand } from "@/context/command";
e2e (windows)	Run app e2e tests	2026-10-01T22:09:31.4808839Z
e2e (windows)	Run app e2e tests	2026-10-01T22:09:31.6472209Z 10:09:31 PM [vite] (client) Pre-transform error: Failed to resolve import "@/desktop-menu" from "src/components/windows-app-menu.tsx". Does the file exist?
e2e (windows)	Run app e2e tests	2026-10-01T22:09:31.6474421Z
e2e (windows)	Run app e2e tests	2026-10-01T22:09:31.6475044Z   Plugin: vite:import-analysis
e2e (windows)	Run app e2e tests	2026-10-01T22:09:31.6477899Z   File: D:/a/HuGR-Orchestra/HuGR-Orchestra/packages/app/src/components/windows-app-menu.tsx:9:96
e2e (windows)	Run app e2e tests	2026-10-01T22:09:31.6479378Z   10 |  import { IconButtonV2 } from "@opencode-ai/ui/v2/icon-button-v2";
e2e (windows)	Run app e2e tests	2026-10-01T22:09:31.6480565Z   11 |  import { Icon as IconV2 } from "@opencode-ai/ui/v2/icon";
e2e (windows)	Run app e2e tests	2026-10-01T22:09:31.6481439Z   12 |  import { DESKTOP_MENU, desktopMenuVisible } from "@/desktop-menu";
e2e (windows)	Run app e2e tests	2026-10-01T22:09:31.6482172Z      |                                                    ^
e2e (windows)	Run app e2e tests	2026-10-01T22:09:31.6482768Z   13 |  import { useLanguage } from "@/context/language";
e2e (windows)	Run app e2e tests	2026-10-01T22:09:31.6483561Z   14 |  export function WindowsAppMenu(props) {
e2e (windows)	Run app e2e tests	2026-10-01T22:09:31.6526781Z 10:09:31 PM [vite] (client) Pre-transform error: Failed to resolve import "@/utils/path-key" from "src/components/titlebar-tab-order.ts". Does the file exist?
e2e (windows)	Run app e2e tests	2026-10-01T22:09:31.6528505Z   Plugin: vite:import-analysis
e2e (windows)	Run app e2e tests	2026-10-01T22:09:31.6529693Z   File: D:/a/HuGR-Orchestra/HuGR-Orchestra/packages/app/src/components/titlebar-tab-order.ts:1:24
e2e (windows)	Run app e2e tests	2026-10-01T22:09:31.6532182Z   1  |  import { pathKey } from "@/utils/path-key";
e2e (windows)	Run app e2e tests	2026-10-01T22:09:31.6532725Z      |                           ^
e2e (windows)	Run app e2e tests	2026-10-01T22:09:31.6533282Z   2  |  import { startTransition } from "solid-js";
e2e (windows)	Run app e2e tests	2026-10-01T22:09:31.6534872Z   3  |  export function closeProfileTab(input) {
e2e (windows)	Run app e2e tests	2026-10-01T22:09:31.6535350Z
e2e (windows)	Run app e2e tests	2026-10-01T22:09:42.6130051Z   3) [chromium] › e2e\orchestra\titlebar-native-frame.spec.ts:109:1 › clears and restores frames for fullscreen, legacy and the 768px desktop boundary
e2e (windows)	Run app e2e tests	2026-10-01T22:09:42.6130804Z
e2e (windows)	Run app e2e tests	2026-10-01T22:09:42.6131332Z     Error: expect(locator).toHaveCount(expected) failed
e2e (windows)	Run app e2e tests	2026-10-01T22:09:42.6131781Z
e2e (windows)	Run app e2e tests	2026-10-01T22:09:42.6132089Z     Locator:  getByRole('banner', { name: 'Native titlebar fixture', exact: true })
e2e (windows)	Run app e2e tests	2026-10-01T22:09:42.6132913Z     Expected: 1
e2e (windows)	Run app e2e tests	2026-10-01T22:09:42.6133247Z     Received: 0
e2e (windows)	Run app e2e tests	2026-10-01T22:09:42.6133584Z     Timeout:  10000ms
e2e (windows)	Run app e2e tests	2026-10-01T22:09:42.6133765Z
e2e (windows)	Run app e2e tests	2026-10-01T22:09:42.6133861Z     Call log:
e2e (windows)	Run app e2e tests	2026-10-01T22:09:42.6134292Z       - Expect "toHaveCount" with timeout 10000ms
e2e (windows)	Run app e2e tests	2026-10-01T22:09:42.6134953Z       - waiting for getByRole('banner', { name: 'Native titlebar fixture', exact: true })
e2e (windows)	Run app e2e tests	2026-10-01T22:09:42.6135584Z         13 × locator resolved to 0 elements
e2e (windows)	Run app e2e tests	2026-10-01T22:09:42.6136011Z            - unexpected value "0"
e2e (windows)	Run app e2e tests	2026-10-01T22:09:42.6136240Z
e2e (windows)	Run app e2e tests	2026-10-01T22:09:42.6136247Z
e2e (windows)	Run app e2e tests	2026-10-01T22:09:42.6136515Z       56 |   expect(response!.ok(), "fixture response must succeed").toBe(true)
e2e (windows)	Run app e2e tests	2026-10-01T22:09:42.6137169Z       57 |   const header = page.getByRole("banner", { name: "Native titlebar fixture", exact: true })
e2e (windows)	Run app e2e tests	2026-10-01T22:09:42.6137756Z     > 58 |   await expect(header).toHaveCount(1)
e2e (windows)	Run app e2e tests	2026-10-01T22:09:42.6138108Z          |                        ^
e2e (windows)	Run app e2e tests	2026-10-01T22:09:42.6138480Z       59 |   await expect(header).toBeVisible()
e2e (windows)	Run app e2e tests	2026-10-01T22:09:42.6139106Z       60 |   await expect.poll(() => page.evaluate(() => typeof window.nativeFrameFixture?.settled)).toBe("function")
e2e (windows)	Run app e2e tests	2026-10-01T22:09:42.6139701Z       61 |   await settled(page)
e2e (windows)	Run app e2e tests	2026-10-01T22:09:42.6140305Z         at open (D:\a\HuGR-Orchestra\HuGR-Orchestra\packages\app\e2e\orchestra\titlebar-native-frame.spec.ts:58:24)
e2e (windows)	Run app e2e tests	2026-10-01T22:09:42.6141177Z         at D:\a\HuGR-Orchestra\HuGR-Orchestra\packages\app\e2e\orchestra\titlebar-native-frame.spec.ts:46:3
e2e (windows)	Run app e2e tests	2026-10-01T22:09:42.6141625Z
e2e (windows)	Run app e2e tests	2026-10-01T22:09:42.6142021Z     attachment #1: screenshot (image/png) ──────────────────────────────────────────────────────────
e2e (windows)	Run app e2e tests	2026-10-01T22:09:42.6143258Z     e2e\test-results\orchestra-titlebar-native--03047--the-768px-desktop-boundary-chromium\test-failed-1.png
e2e (windows)	Run app e2e tests	2026-10-01T22:09:42.6144168Z     ────────────────────────────────────────────────────────────────────────────────────────────────
e2e (windows)	Run app e2e tests	2026-10-01T22:09:42.6144500Z
e2e (windows)	Run app e2e tests	2026-10-01T22:09:42.6144905Z     attachment #2: video (video/webm) ──────────────────────────────────────────────────────────────
e2e (windows)	Run app e2e tests	2026-10-01T22:09:42.6145721Z     e2e\test-results\orchestra-titlebar-native--03047--the-768px-desktop-boundary-chromium\video.webm
e2e (windows)	Run app e2e tests	2026-10-01T22:09:42.6146521Z     ────────────────────────────────────────────────────────────────────────────────────────────────
e2e (windows)	Run app e2e tests	2026-10-01T22:09:42.6146843Z
e2e (windows)	Run app e2e tests	2026-10-01T22:09:42.6147357Z     Error Context: e2e\test-results\orchestra-titlebar-native--03047--the-768px-desktop-boundary-chromium\error-context.md
e2e (windows)	Run app e2e tests	2026-10-01T22:09:42.6147886Z
e2e (windows)	Run app e2e tests	2026-10-01T22:09:42.6148387Z     Error Context: e2e\test-results\orchestra-titlebar-native--03047--the-768px-desktop-boundary-chromium\error-context.md
e2e (windows)	Run app e2e tests	2026-10-01T22:09:42.6148940Z
e2e (windows)	Run app e2e tests	2026-10-01T22:09:42.6149305Z     Retry #1 ───────────────────────────────────────────────────────────────────────────────────────
e2e (windows)	Run app e2e tests	2026-10-01T22:09:42.6149652Z
e2e (windows)	Run app e2e tests	2026-10-01T22:09:42.6150085Z     Error: expect(locator).toHaveCount(expected) failed
e2e (windows)	Run app e2e tests	2026-10-01T22:09:42.6150732Z
e2e (windows)	Run app e2e tests	2026-10-01T22:09:42.6151030Z     Locator:  getByRole('banner', { name: 'Native titlebar fixture', exact: true })
e2e (windows)	Run app e2e tests	2026-10-01T22:09:42.6151533Z     Expected: 1
e2e (windows)	Run app e2e tests	2026-10-01T22:09:42.6151895Z     Received: 0
e2e (windows)	Run app e2e tests	2026-10-01T22:09:42.6152173Z     Timeout:  10000ms
e2e (windows)	Run app e2e tests	2026-10-01T22:09:42.6152350Z
e2e (windows)	Run app e2e tests	2026-10-01T22:09:42.6152471Z     Call log:
e2e (windows)	Run app e2e tests	2026-10-01T22:09:42.6152856Z       - Expect "toHaveCount" with timeout 10000ms
e2e (windows)	Run app e2e tests	2026-10-01T22:09:42.6153528Z       - waiting for getByRole('banner', { name: 'Native titlebar fixture', exact: true })
e2e (windows)	Run app e2e tests	2026-10-01T22:09:42.6154126Z         13 × locator resolved to 0 elements
e2e (windows)	Run app e2e tests	2026-10-01T22:09:42.6154586Z            - unexpected value "0"
e2e (windows)	Run app e2e tests	2026-10-01T22:09:42.6154789Z
e2e (windows)	Run app e2e tests	2026-10-01T22:09:42.6154921Z
e2e (windows)	Run app e2e tests	2026-10-01T22:09:42.6155167Z       56 |   expect(response!.ok(), "fixture response must succeed").toBe(true)
e2e (windows)	Run app e2e tests	2026-10-01T22:09:42.6156203Z       57 |   const header = page.getByRole("banner", { name: "Native titlebar fixture", exact: true })
e2e (windows)	Run app e2e tests	2026-10-01T22:09:42.6157093Z     > 58 |   await expect(header).toHaveCount(1)
e2e (windows)	Run app e2e tests	2026-10-01T22:09:42.6157688Z          |                        ^
e2e (windows)	Run app e2e tests	2026-10-01T22:09:42.6158224Z       59 |   await expect(header).toBeVisible()
e2e (windows)	Run app e2e tests	2026-10-01T22:09:42.6159249Z       60 |   await expect.poll(() => page.evaluate(() => typeof window.nativeFrameFixture?.settled)).toBe("function")
e2e (windows)	Run app e2e tests	2026-10-01T22:09:42.6160183Z       61 |   await settled(page)
e2e (windows)	Run app e2e tests	2026-10-01T22:09:42.6161256Z         at open (D:\a\HuGR-Orchestra\HuGR-Orchestra\packages\app\e2e\orchestra\titlebar-native-frame.spec.ts:58:24)
e2e (windows)	Run app e2e tests	2026-10-01T22:09:42.6163004Z         at D:\a\HuGR-Orchestra\HuGR-Orchestra\packages\app\e2e\orchestra\titlebar-native-frame.spec.ts:46:3
e2e (windows)	Run app e2e tests	2026-10-01T22:09:42.6163827Z
e2e (windows)	Run app e2e tests	2026-10-01T22:09:42.6164589Z     attachment #1: screenshot (image/png) ──────────────────────────────────────────────────────────
e2e (windows)	Run app e2e tests	2026-10-01T22:09:42.6166109Z     e2e\test-results\orchestra-titlebar-native--03047--the-768px-desktop-boundary-chromium-retry1\test-failed-1.png
e2e (windows)	Run app e2e tests	2026-10-01T22:09:42.6167709Z     ────────────────────────────────────────────────────────────────────────────────────────────────
e2e (windows)	Run app e2e tests	2026-10-01T22:09:42.6168268Z
e2e (windows)	Run app e2e tests	2026-10-01T22:09:42.6168923Z     attachment #2: video (video/webm) ──────────────────────────────────────────────────────────────
e2e (windows)	Run app e2e tests	2026-10-01T22:09:42.6171826Z     e2e\test-results\orchestra-titlebar-native--03047--the-768px-desktop-boundary-chromium-retry1\video.webm
e2e (windows)	Run app e2e tests	2026-10-01T22:09:42.6175491Z     ────────────────────────────────────────────────────────────────────────────────────────────────
e2e (windows)	Run app e2e tests	2026-10-01T22:09:42.6176130Z
e2e (windows)	Run app e2e tests	2026-10-01T22:09:42.6177141Z     Error Context: e2e\test-results\orchestra-titlebar-native--03047--the-768px-desktop-boundary-chromium-retry1\error-context.md
e2e (windows)	Run app e2e tests	2026-10-01T22:09:42.6178235Z
e2e (windows)	Run app e2e tests	2026-10-01T22:09:42.6179217Z     Error Context: e2e\test-results\orchestra-titlebar-native--03047--the-768px-desktop-boundary-chromium-retry1\error-context.md
e2e (windows)	Run app e2e tests	2026-10-01T22:09:42.6180223Z
e2e (windows)	Run app e2e tests	2026-10-01T22:09:42.6181257Z     attachment #5: trace (application/zip) ─────────────────────────────────────────────────────────
e2e (windows)	Run app e2e tests	2026-10-01T22:09:42.6182734Z     e2e\test-results\orchestra-titlebar-native--03047--the-768px-desktop-boundary-chromium-retry1\trace.zip
e2e (windows)	Run app e2e tests	2026-10-01T22:09:42.6184086Z     Usage:
e2e (windows)	Run app e2e tests	2026-10-01T22:09:42.6184323Z
e2e (windows)	Run app e2e tests	2026-10-01T22:09:42.6185341Z         npx playwright show-trace e2e\test-results\orchestra-titlebar-native--03047--the-768px-desktop-boundary-chromium-retry1\trace.zip
e2e (windows)	Run app e2e tests	2026-10-01T22:09:42.6186424Z
e2e (windows)	Run app e2e tests	2026-10-01T22:09:42.6186924Z     ────────────────────────────────────────────────────────────────────────────────────────────────
e2e (windows)	Run app e2e tests	2026-10-01T22:09:42.6187276Z
e2e (windows)	Run app e2e tests	2026-10-01T22:09:42.6187655Z     Retry #2 ───────────────────────────────────────────────────────────────────────────────────────
e2e (windows)	Run app e2e tests	2026-10-01T22:09:42.6188156Z
e2e (windows)	Run app e2e tests	2026-10-01T22:09:42.6188603Z     Error: expect(locator).toHaveCount(expected) failed
e2e (windows)	Run app e2e tests	2026-10-01T22:09:42.6189046Z
e2e (windows)	Run app e2e tests	2026-10-01T22:09:42.6189354Z     Locator:  getByRole('banner', { name: 'Native titlebar fixture', exact: true })
e2e (windows)	Run app e2e tests	2026-10-01T22:09:42.6189873Z     Expected: 1
e2e (windows)	Run app e2e tests	2026-10-01T22:09:42.6190186Z     Received: 0
e2e (windows)	Run app e2e tests	2026-10-01T22:09:42.6190457Z     Timeout:  10000ms
e2e (windows)	Run app e2e tests	2026-10-01T22:09:42.6190632Z
e2e (windows)	Run app e2e tests	2026-10-01T22:09:42.6190750Z     Call log:
e2e (windows)	Run app e2e tests	2026-10-01T22:09:42.6191206Z       - Expect "toHaveCount" with timeout 10000ms
e2e (windows)	Run app e2e tests	2026-10-01T22:09:42.6191990Z       - waiting for getByRole('banner', { name: 'Native titlebar fixture', exact: true })
e2e (windows)	Run app e2e tests	2026-10-01T22:09:42.6192594Z         13 × locator resolved to 0 elements
e2e (windows)	Run app e2e tests	2026-10-01T22:09:42.6193044Z            - unexpected value "0"
e2e (windows)	Run app e2e tests	2026-10-01T22:09:42.6193277Z
e2e (windows)	Run app e2e tests	2026-10-01T22:09:42.6193283Z
e2e (windows)	Run app e2e tests	2026-10-01T22:09:42.6193536Z       56 |   expect(response!.ok(), "fixture response must succeed").toBe(true)
e2e (windows)	Run app e2e tests	2026-10-01T22:09:42.6194213Z       57 |   const header = page.getByRole("banner", { name: "Native titlebar fixture", exact: true })
e2e (windows)	Run app e2e tests	2026-10-01T22:09:42.6194765Z     > 58 |   await expect(header).toHaveCount(1)
e2e (windows)	Run app e2e tests	2026-10-01T22:09:42.6195148Z          |                        ^
e2e (windows)	Run app e2e tests	2026-10-01T22:09:42.6195777Z       59 |   await expect(header).toBeVisible()
e2e (windows)	Run app e2e tests	2026-10-01T22:09:42.6197850Z       60 |   await expect.poll(() => page.evaluate(() => typeof window.nativeFrameFixture?.settled)).toBe("function")
e2e (windows)	Run app e2e tests	2026-10-01T22:09:42.6198901Z       61 |   await settled(page)
e2e (windows)	Run app e2e tests	2026-10-01T22:09:42.6199979Z         at open (D:\a\HuGR-Orchestra\HuGR-Orchestra\packages\app\e2e\orchestra\titlebar-native-frame.spec.ts:58:24)
e2e (windows)	Run app e2e tests	2026-10-01T22:09:42.6201408Z         at D:\a\HuGR-Orchestra\HuGR-Orchestra\packages\app\e2e\orchestra\titlebar-native-frame.spec.ts:46:3
e2e (windows)	Run app e2e tests	2026-10-01T22:09:42.6202156Z
e2e (windows)	Run app e2e tests	2026-10-01T22:09:42.6202919Z     attachment #1: screenshot (image/png) ──────────────────────────────────────────────────────────
e2e (windows)	Run app e2e tests	2026-10-01T22:09:42.6204365Z     e2e\test-results\orchestra-titlebar-native--03047--the-768px-desktop-boundary-chromium-retry2\test-failed-1.png
e2e (windows)	Run app e2e tests	2026-10-01T22:09:42.6206536Z     ────────────────────────────────────────────────────────────────────────────────────────────────
e2e (windows)	Run app e2e tests	2026-10-01T22:09:42.6207075Z
e2e (windows)	Run app e2e tests	2026-10-01T22:09:42.6207753Z     attachment #2: video (video/webm) ──────────────────────────────────────────────────────────────
e2e (windows)	Run app e2e tests	2026-10-01T22:09:42.6209209Z     e2e\test-results\orchestra-titlebar-native--03047--the-768px-desktop-boundary-chromium-retry2\video.webm
e2e (windows)	Run app e2e tests	2026-10-01T22:09:42.6210766Z     ────────────────────────────────────────────────────────────────────────────────────────────────
e2e (windows)	Run app e2e tests	2026-10-01T22:09:42.6211276Z
e2e (windows)	Run app e2e tests	2026-10-01T22:09:42.6212277Z     Error Context: e2e\test-results\orchestra-titlebar-native--03047--the-768px-desktop-boundary-chromium-retry2\error-context.md
e2e (windows)	Run app e2e tests	2026-10-01T22:09:42.6213364Z
e2e (windows)	Run app e2e tests	2026-10-01T22:09:42.6214514Z     Error Context: e2e\test-results\orchestra-titlebar-native--03047--the-768px-desktop-boundary-chromium-retry2\error-context.md
e2e (windows)	Run app e2e tests	2026-10-01T22:09:42.6215966Z
e2e (windows)	Run app e2e tests	2026-10-01T22:09:42.6216047Z
e2e (windows)	Run app e2e tests	2026-10-01T22:09:44.1364365Z [20/124] [chromium] › e2e\orchestra\titlebar-native-frame.spec.ts:129:1 › keeps physical coordinates in RTL and skips frame machinery on unsupported platforms
e2e (windows)	Run app e2e tests	2026-10-01T22:09:45.1738431Z [chromium] › e2e\orchestra\titlebar-native-frame.spec.ts:129:1 › keeps physical coordinates in RTL and skips frame machinery on unsupported platforms
e2e (windows)	Run app e2e tests	2026-10-01T22:09:45.1739191Z
e2e (windows)	Run app e2e tests	2026-10-01T22:09:45.1740269Z 10:09:45 PM [vite] Internal server error: Failed to resolve import "@/context/layout" from "src/components/titlebar.tsx". Does the file exist?
e2e (windows)	Run app e2e tests	2026-10-01T22:09:45.1741688Z   Plugin: vite:import-analysis
e2e (windows)	Run app e2e tests	2026-10-01T22:09:45.1745321Z   File: D:/a/HuGR-Orchestra/HuGR-Orchestra/packages/app/src/components/titlebar.tsx:26:66
e2e (windows)	Run app e2e tests	2026-10-01T22:09:45.1746878Z   24 |  import { TooltipV2 } from "@opencode-ai/ui/v2/tooltip-v2";
e2e (windows)	Run app e2e tests	2026-10-01T22:09:45.1747736Z   25 |  import { useTheme } from "@opencode-ai/ui/theme/context";
e2e (windows)	Run app e2e tests	2026-10-01T22:09:45.1749270Z   26 |  import { useLayout } from "@/context/layout";
e2e (windows)	Run app e2e tests	2026-10-01T22:09:45.1750368Z      |                             ^
e2e (windows)	Run app e2e tests	2026-10-01T22:09:45.1751008Z   27 |  import { usePlatform } from "@/context/platform";
e2e (windows)	Run app e2e tests	2026-10-01T22:09:45.1751970Z   28 |  import { useCommand } from "@/context/command";
e2e (windows)	Run app e2e tests	2026-10-01T22:09:45.1758742Z       at TransformPluginContext._formatLog (file:///D:/a/HuGR-Orchestra/HuGR-Orchestra/node_modules/vite/dist/node/chunks/dep-C6pp_iVS.js:31522:43)
e2e (windows)	Run app e2e tests	2026-10-01T22:09:45.1763025Z       at TransformPluginContext.error (file:///D:/a/HuGR-Orchestra/HuGR-Orchestra/node_modules/vite/dist/node/chunks/dep-C6pp_iVS.js:31519:14)
e2e (windows)	Run app e2e tests	2026-10-01T22:09:45.1764401Z       at normalizeUrl (file:///D:/a/HuGR-Orchestra/HuGR-Orchestra/node_modules/vite/dist/node/chunks/dep-C6pp_iVS.js:29991:18)
e2e (windows)	Run app e2e tests	2026-10-01T22:09:45.1765492Z       at processTicksAndRejections (node:internal/process/task_queues:104:5)
e2e (windows)	Run app e2e tests	2026-10-01T22:09:45.1766287Z       at file:///D:/a/HuGR-Orchestra/HuGR-Orchestra/node_modules/vite/dist/node/chunks/dep-C6pp_iVS.js:30049:32
e2e (windows)	Run app e2e tests	2026-10-01T22:09:45.1767610Z       at async Promise.all (index 24)
e2e (windows)	Run app e2e tests	2026-10-01T22:09:45.1769229Z       at TransformPluginContext.transform (file:///D:/a/HuGR-Orchestra/HuGR-Orchestra/node_modules/vite/dist/node/chunks/dep-C6pp_iVS.js:30017:4)
e2e (windows)	Run app e2e tests	2026-10-01T22:09:45.1771008Z       at EnvironmentPluginContainer.transform (file:///D:/a/HuGR-Orchestra/HuGR-Orchestra/node_modules/vite/dist/node/chunks/dep-C6pp_iVS.js:31320:14)
e2e (windows)	Run app e2e tests	2026-10-01T22:09:45.1772940Z       at loadAndTransform (file:///D:/a/HuGR-Orchestra/HuGR-Orchestra/node_modules/vite/dist/node/chunks/dep-C6pp_iVS.js:26407:26)
e2e (windows)	Run app e2e tests	2026-10-01T22:09:45.1774514Z 10:09:45 PM [vite] (client) Pre-transform error: Failed to resolve import "@/context/layout" from "src/components/titlebar.tsx". Does the file exist?
e2e (windows)	Run app e2e tests	2026-10-01T22:09:45.1775447Z   Plugin: vite:import-analysis
e2e (windows)	Run app e2e tests	2026-10-01T22:09:45.1776135Z   File: D:/a/HuGR-Orchestra/HuGR-Orchestra/packages/app/src/components/titlebar.tsx:26:66
e2e (windows)	Run app e2e tests	2026-10-01T22:09:45.1777181Z   24 |  import { TooltipV2 } from "@opencode-ai/ui/v2/tooltip-v2";
e2e (windows)	Run app e2e tests	2026-10-01T22:09:45.1777738Z   25 |  import { useTheme } from "@opencode-ai/ui/theme/context";
e2e (windows)	Run app e2e tests	2026-10-01T22:09:45.1778392Z   26 |  import { useLayout } from "@/context/layout";
e2e (windows)	Run app e2e tests	2026-10-01T22:09:45.1778805Z      |                             ^
e2e (windows)	Run app e2e tests	2026-10-01T22:09:45.1779191Z   27 |  import { usePlatform } from "@/context/platform";
e2e (windows)	Run app e2e tests	2026-10-01T22:09:45.1779812Z   28 |  import { useCommand } from "@/context/command";
e2e (windows)	Run app e2e tests	2026-10-01T22:09:45.1780280Z
e2e (windows)	Run app e2e tests	2026-10-01T22:09:45.3297343Z 10:09:45 PM [vite] (client) Pre-transform error: Failed to resolve import "@/desktop-menu" from "src/components/windows-app-menu.tsx". Does the file exist?
e2e (windows)	Run app e2e tests	2026-10-01T22:09:45.3300445Z
e2e (windows)	Run app e2e tests	2026-10-01T22:09:45.3301586Z   Plugin: vite:import-analysis
e2e (windows)	Run app e2e tests	2026-10-01T22:09:45.3302875Z   File: D:/a/HuGR-Orchestra/HuGR-Orchestra/packages/app/src/components/windows-app-menu.tsx:9:96
e2e (windows)	Run app e2e tests	2026-10-01T22:09:45.3304307Z   10 |  import { IconButtonV2 } from "@opencode-ai/ui/v2/icon-button-v2";
e2e (windows)	Run app e2e tests	2026-10-01T22:09:45.3305202Z   11 |  import { Icon as IconV2 } from "@opencode-ai/ui/v2/icon";
e2e (windows)	Run app e2e tests	2026-10-01T22:09:45.3306033Z   12 |  import { DESKTOP_MENU, desktopMenuVisible } from "@/desktop-menu";
e2e (windows)	Run app e2e tests	2026-10-01T22:09:45.3306793Z      |                                                    ^
e2e (windows)	Run app e2e tests	2026-10-01T22:09:45.3307502Z   13 |  import { useLanguage } from "@/context/language";
e2e (windows)	Run app e2e tests	2026-10-01T22:09:45.3308354Z   14 |  export function WindowsAppMenu(props) {
e2e (windows)	Run app e2e tests	2026-10-01T22:09:45.3350821Z 10:09:45 PM [vite] (client) Pre-transform error: Failed to resolve import "@/utils/path-key" from "src/components/titlebar-tab-order.ts". Does the file exist?
e2e (windows)	Run app e2e tests	2026-10-01T22:09:45.3352581Z   Plugin: vite:import-analysis
e2e (windows)	Run app e2e tests	2026-10-01T22:09:45.3353363Z   File: D:/a/HuGR-Orchestra/HuGR-Orchestra/packages/app/src/components/titlebar-tab-order.ts:1:24
e2e (windows)	Run app e2e tests	2026-10-01T22:09:45.3354116Z   1  |  import { pathKey } from "@/utils/path-key";
e2e (windows)	Run app e2e tests	2026-10-01T22:09:45.3355056Z      |                           ^
e2e (windows)	Run app e2e tests	2026-10-01T22:09:45.3356471Z   2  |  import { startTransition } from "solid-js";
e2e (windows)	Run app e2e tests	2026-10-01T22:09:45.3358629Z   3  |  export function closeProfileTab(input) {
e2e (windows)	Run app e2e tests	2026-10-01T22:09:45.3358953Z
e2e (windows)	Run app e2e tests	2026-10-01T22:09:57.8454495Z [21/124] (retries) [chromium] › e2e\orchestra\titlebar-native-frame.spec.ts:129:1 › keeps physical coordinates in RTL and skips frame machinery on unsupported platforms (retry #1)
e2e (windows)	Run app e2e tests	2026-10-01T22:09:58.9033572Z 10:09:58 PM [vite] Internal server error: Failed to resolve import "@/context/layout" from "src/components/titlebar.tsx". Does the file exist?
e2e (windows)	Run app e2e tests	2026-10-01T22:09:58.9035115Z   Plugin: vite:import-analysis
e2e (windows)	Run app e2e tests	2026-10-01T22:09:58.9036164Z   File: D:/a/HuGR-Orchestra/HuGR-Orchestra/packages/app/src/components/titlebar.tsx:26:66
e2e (windows)	Run app e2e tests	2026-10-01T22:09:58.9037335Z   24 |  import { TooltipV2 } from "@opencode-ai/ui/v2/tooltip-v2";
e2e (windows)	Run app e2e tests	2026-10-01T22:09:58.9038149Z   25 |  import { useTheme } from "@opencode-ai/ui/theme/context";
e2e (windows)	Run app e2e tests	2026-10-01T22:09:58.9039282Z   26 |  import { useLayout } from "@/context/layout";
e2e (windows)	Run app e2e tests	2026-10-01T22:09:58.9042765Z      |                             ^
e2e (windows)	Run app e2e tests	2026-10-01T22:09:58.9043404Z   27 |  import { usePlatform } from "@/context/platform";
e2e (windows)	Run app e2e tests	2026-10-01T22:09:58.9045015Z   28 |  import { useCommand } from "@/context/command";
e2e (windows)	Run app e2e tests	2026-10-01T22:09:58.9046985Z       at TransformPluginContext._formatLog (file:///D:/a/HuGR-Orchestra/HuGR-Orchestra/node_modules/vite/dist/node/chunks/dep-C6pp_iVS.js:31522:43)
e2e (windows)	Run app e2e tests	2026-10-01T22:09:58.9049420Z       at TransformPluginContext.error (file:///D:/a/HuGR-Orchestra/HuGR-Orchestra/node_modules/vite/dist/node/chunks/dep-C6pp_iVS.js:31519:14)
e2e (windows)	Run app e2e tests	2026-10-01T22:09:58.9056992Z       at normalizeUrl (file:///D:/a/HuGR-Orchestra/HuGR-Orchestra/node_modules/vite/dist/node/chunks/dep-C6pp_iVS.js:29991:18)
e2e (windows)	Run app e2e tests	2026-10-01T22:09:58.9059277Z       at processTicksAndRejections (node:internal/process/task_queues:104:5)
e2e (windows)	Run app e2e tests	2026-10-01T22:09:58.9060526Z       at file:///D:/a/HuGR-Orchestra/HuGR-Orchestra/node_modules/vite/dist/node/chunks/dep-C6pp_iVS.js:30049:32
e2e (windows)	Run app e2e tests	2026-10-01T22:09:58.9061520Z       at async Promise.all (index 24)
e2e (windows)	Run app e2e tests	2026-10-01T22:09:58.9062829Z       at TransformPluginContext.transform (file:///D:/a/HuGR-Orchestra/HuGR-Orchestra/node_modules/vite/dist/node/chunks/dep-C6pp_iVS.js:30017:4)
e2e (windows)	Run app e2e tests	2026-10-01T22:09:58.9065643Z       at EnvironmentPluginContainer.transform (file:///D:/a/HuGR-Orchestra/HuGR-Orchestra/node_modules/vite/dist/node/chunks/dep-C6pp_iVS.js:31320:14)
e2e (windows)	Run app e2e tests	2026-10-01T22:09:58.9067506Z       at loadAndTransform (file:///D:/a/HuGR-Orchestra/HuGR-Orchestra/node_modules/vite/dist/node/chunks/dep-C6pp_iVS.js:26407:26)
e2e (windows)	Run app e2e tests	2026-10-01T22:09:58.9068724Z
e2e (windows)	Run app e2e tests	2026-10-01T22:09:58.9070690Z 10:09:58 PM [vite] (client) Pre-transform error: Failed to resolve import "@/context/layout" from "src/components/titlebar.tsx". Does the file exist?
e2e (windows)	Run app e2e tests	2026-10-01T22:09:58.9072248Z   Plugin: vite:import-analysis
e2e (windows)	Run app e2e tests	2026-10-01T22:09:58.9073370Z   File: D:/a/HuGR-Orchestra/HuGR-Orchestra/packages/app/src/components/titlebar.tsx:26:66
e2e (windows)	Run app e2e tests	2026-10-01T22:09:58.9074625Z   24 |  import { TooltipV2 } from "@opencode-ai/ui/v2/tooltip-v2";
e2e (windows)	Run app e2e tests	2026-10-01T22:09:58.9075544Z   25 |  import { useTheme } from "@opencode-ai/ui/theme/context";
e2e (windows)	Run app e2e tests	2026-10-01T22:09:58.9076278Z   26 |  import { useLayout } from "@/context/layout";
e2e (windows)	Run app e2e tests	2026-10-01T22:09:58.9076849Z      |                             ^
e2e (windows)	Run app e2e tests	2026-10-01T22:09:58.9077427Z   27 |  import { usePlatform } from "@/context/platform";
e2e (windows)	Run app e2e tests	2026-10-01T22:09:58.9078948Z   28 |  import { useCommand } from "@/context/command";
e2e (windows)	Run app e2e tests	2026-10-01T22:09:58.9079291Z
e2e (windows)	Run app e2e tests	2026-10-01T22:09:59.0516868Z 10:09:59 PM [vite] (client) Pre-transform error: Failed to resolve import "@/desktop-menu" from "src/components/windows-app-menu.tsx". Does the file exist?
e2e (windows)	Run app e2e tests	2026-10-01T22:09:59.0517711Z
e2e (windows)	Run app e2e tests	2026-10-01T22:09:59.0517948Z   Plugin: vite:import-analysis
e2e (windows)	Run app e2e tests	2026-10-01T22:09:59.0518613Z   File: D:/a/HuGR-Orchestra/HuGR-Orchestra/packages/app/src/components/windows-app-menu.tsx:9:96
e2e (windows)	Run app e2e tests	2026-10-01T22:09:59.0519417Z   10 |  import { IconButtonV2 } from "@opencode-ai/ui/v2/icon-button-v2";
e2e (windows)	Run app e2e tests	2026-10-01T22:09:59.0519897Z   11 |  import { Icon as IconV2 } from "@opencode-ai/ui/v2/icon";
e2e (windows)	Run app e2e tests	2026-10-01T22:09:59.0520401Z   12 |  import { DESKTOP_MENU, desktopMenuVisible } from "@/desktop-menu";
e2e (windows)	Run app e2e tests	2026-10-01T22:09:59.0520829Z      |                                                    ^
e2e (windows)	Run app e2e tests	2026-10-01T22:09:59.0521195Z   13 |  import { useLanguage } from "@/context/language";
e2e (windows)	Run app e2e tests	2026-10-01T22:09:59.0521647Z   14 |  export function WindowsAppMenu(props) {
e2e (windows)	Run app e2e tests	2026-10-01T22:09:59.0576819Z 10:09:59 PM [vite] (client) Pre-transform error: Failed to resolve import "@/utils/path-key" from "src/components/titlebar-tab-order.ts". Does the file exist?
e2e (windows)	Run app e2e tests	2026-10-01T22:09:59.0578838Z   Plugin: vite:import-analysis
e2e (windows)	Run app e2e tests	2026-10-01T22:09:59.0580081Z   File: D:/a/HuGR-Orchestra/HuGR-Orchestra/packages/app/src/components/titlebar-tab-order.ts:1:24
e2e (windows)	Run app e2e tests	2026-10-01T22:09:59.0581374Z   1  |  import { pathKey } from "@/utils/path-key";
e2e (windows)	Run app e2e tests	2026-10-01T22:09:59.0581981Z      |                           ^
e2e (windows)	Run app e2e tests	2026-10-01T22:09:59.0582537Z   2  |  import { startTransition } from "solid-js";
e2e (windows)	Run app e2e tests	2026-10-01T22:09:59.0583354Z   3  |  export function closeProfileTab(input) {
e2e (windows)	Run app e2e tests	2026-10-01T22:09:59.0585067Z
e2e (windows)	Run app e2e tests	2026-10-01T22:10:11.7828339Z [22/124] (retries) [chromium] › e2e\orchestra\titlebar-native-frame.spec.ts:129:1 › keeps physical coordinates in RTL and skips frame machinery on unsupported platforms (retry #2)
e2e (windows)	Run app e2e tests	2026-10-01T22:10:12.8170425Z 10:10:12 PM [vite] Internal server error: Failed to resolve import "@/context/layout" from "src/components/titlebar.tsx". Does the file exist?
e2e (windows)	Run app e2e tests	2026-10-01T22:10:12.8172043Z
e2e (windows)	Run app e2e tests	2026-10-01T22:10:12.8172428Z   Plugin: vite:import-analysis
e2e (windows)	Run app e2e tests	2026-10-01T22:10:12.8173446Z   File: D:/a/HuGR-Orchestra/HuGR-Orchestra/packages/app/src/components/titlebar.tsx:26:66
e2e (windows)	Run app e2e tests	2026-10-01T22:10:12.8174686Z   24 |  import { TooltipV2 } from "@opencode-ai/ui/v2/tooltip-v2";
e2e (windows)	Run app e2e tests	2026-10-01T22:10:12.8175560Z   25 |  import { useTheme } from "@opencode-ai/ui/theme/context";
e2e (windows)	Run app e2e tests	2026-10-01T22:10:12.8176613Z   26 |  import { useLayout } from "@/context/layout";
e2e (windows)	Run app e2e tests	2026-10-01T22:10:12.8177590Z      |                             ^
e2e (windows)	Run app e2e tests	2026-10-01T22:10:12.8178806Z   27 |  import { usePlatform } from "@/context/platform";
e2e (windows)	Run app e2e tests	2026-10-01T22:10:12.8179709Z   28 |  import { useCommand } from "@/context/command";
e2e (windows)	Run app e2e tests	2026-10-01T22:10:12.8183781Z       at TransformPluginContext._formatLog (file:///D:/a/HuGR-Orchestra/HuGR-Orchestra/node_modules/vite/dist/node/chunks/dep-C6pp_iVS.js:31522:43)
e2e (windows)	Run app e2e tests	2026-10-01T22:10:12.8186989Z       at TransformPluginContext.error (file:///D:/a/HuGR-Orchestra/HuGR-Orchestra/node_modules/vite/dist/node/chunks/dep-C6pp_iVS.js:31519:14)
e2e (windows)	Run app e2e tests	2026-10-01T22:10:12.8192328Z       at normalizeUrl (file:///D:/a/HuGR-Orchestra/HuGR-Orchestra/node_modules/vite/dist/node/chunks/dep-C6pp_iVS.js:29991:18)
e2e (windows)	Run app e2e tests	2026-10-01T22:10:12.8195465Z       at processTicksAndRejections (node:internal/process/task_queues:104:5)
e2e (windows)	Run app e2e tests	2026-10-01T22:10:12.8196778Z       at file:///D:/a/HuGR-Orchestra/HuGR-Orchestra/node_modules/vite/dist/node/chunks/dep-C6pp_iVS.js:30049:32
e2e (windows)	Run app e2e tests	2026-10-01T22:10:12.8197774Z       at async Promise.all (index 24)
e2e (windows)	Run app e2e tests	2026-10-01T22:10:12.8199091Z       at TransformPluginContext.transform (file:///D:/a/HuGR-Orchestra/HuGR-Orchestra/node_modules/vite/dist/node/chunks/dep-C6pp_iVS.js:30017:4)
e2e (windows)	Run app e2e tests	2026-10-01T22:10:12.8201214Z       at EnvironmentPluginContainer.transform (file:///D:/a/HuGR-Orchestra/HuGR-Orchestra/node_modules/vite/dist/node/chunks/dep-C6pp_iVS.js:31320:14)
e2e (windows)	Run app e2e tests	2026-10-01T22:10:12.8203358Z       at loadAndTransform (file:///D:/a/HuGR-Orchestra/HuGR-Orchestra/node_modules/vite/dist/node/chunks/dep-C6pp_iVS.js:26407:26)
e2e (windows)	Run app e2e tests	2026-10-01T22:10:12.8205247Z 10:10:12 PM [vite] (client) Pre-transform error: Failed to resolve import "@/context/layout" from "src/components/titlebar.tsx". Does the file exist?
e2e (windows)	Run app e2e tests	2026-10-01T22:10:12.8206551Z   Plugin: vite:import-analysis
e2e (windows)	Run app e2e tests	2026-10-01T22:10:12.8207464Z   File: D:/a/HuGR-Orchestra/HuGR-Orchestra/packages/app/src/components/titlebar.tsx:26:66
e2e (windows)	Run app e2e tests	2026-10-01T22:10:12.8208447Z   24 |  import { TooltipV2 } from "@opencode-ai/ui/v2/tooltip-v2";
e2e (windows)	Run app e2e tests	2026-10-01T22:10:12.8208933Z   25 |  import { useTheme } from "@opencode-ai/ui/theme/context";
e2e (windows)	Run app e2e tests	2026-10-01T22:10:12.8209349Z   26 |  import { useLayout } from "@/context/layout";
e2e (windows)	Run app e2e tests	2026-10-01T22:10:12.8209666Z      |                             ^
e2e (windows)	Run app e2e tests	2026-10-01T22:10:12.8209984Z   27 |  import { usePlatform } from "@/context/platform";
e2e (windows)	Run app e2e tests	2026-10-01T22:10:12.8210439Z   28 |  import { useCommand } from "@/context/command";
e2e (windows)	Run app e2e tests	2026-10-01T22:10:12.8210690Z
e2e (windows)	Run app e2e tests	2026-10-01T22:10:12.9785406Z 10:10:12 PM [vite] (client) Pre-transform error: Failed to resolve import "@/desktop-menu" from "src/components/windows-app-menu.tsx". Does the file exist?
e2e (windows)	Run app e2e tests	2026-10-01T22:10:12.9788729Z   Plugin: vite:import-analysis
e2e (windows)	Run app e2e tests	2026-10-01T22:10:12.9791466Z   File: D:/a/HuGR-Orchestra/HuGR-Orchestra/packages/app/src/components/windows-app-menu.tsx:9:96
e2e (windows)	Run app e2e tests	2026-10-01T22:10:12.9793244Z   10 |  import { IconButtonV2 } from "@opencode-ai/ui/v2/icon-button-v2";
e2e (windows)	Run app e2e tests	2026-10-01T22:10:12.9794212Z   11 |  import { Icon as IconV2 } from "@opencode-ai/ui/v2/icon";
e2e (windows)	Run app e2e tests	2026-10-01T22:10:12.9795053Z   12 |  import { DESKTOP_MENU, desktopMenuVisible } from "@/desktop-menu";
e2e (windows)	Run app e2e tests	2026-10-01T22:10:12.9795811Z      |                                                    ^
e2e (windows)	Run app e2e tests	2026-10-01T22:10:12.9796453Z   13 |  import { useLanguage } from "@/context/language";
e2e (windows)	Run app e2e tests	2026-10-01T22:10:12.9798437Z   14 |  export function WindowsAppMenu(props) {
e2e (windows)	Run app e2e tests	2026-10-01T22:10:12.9798897Z
e2e (windows)	Run app e2e tests	2026-10-01T22:10:12.9835541Z 10:10:12 PM [vite] (client) Pre-transform error: Failed to resolve import "@/utils/path-key" from "src/components/titlebar-tab-order.ts". Does the file exist?
e2e (windows)	Run app e2e tests	2026-10-01T22:10:12.9837155Z   Plugin: vite:import-analysis
e2e (windows)	Run app e2e tests	2026-10-01T22:10:12.9838876Z   File: D:/a/HuGR-Orchestra/HuGR-Orchestra/packages/app/src/components/titlebar-tab-order.ts:1:24
e2e (windows)	Run app e2e tests	2026-10-01T22:10:12.9840401Z   1  |  import { pathKey } from "@/utils/path-key";
e2e (windows)	Run app e2e tests	2026-10-01T22:10:12.9841015Z      |                           ^
e2e (windows)	Run app e2e tests	2026-10-01T22:10:12.9841566Z   2  |  import { startTransition } from "solid-js";
e2e (windows)	Run app e2e tests	2026-10-01T22:10:12.9842695Z   3  |  export function closeProfileTab(input) {
e2e (windows)	Run app e2e tests	2026-10-01T22:10:12.9843111Z
e2e (windows)	Run app e2e tests	2026-10-01T22:10:23.9459917Z   4) [chromium] › e2e\orchestra\titlebar-native-frame.spec.ts:129:1 › keeps physical coordinates in RTL and skips frame machinery on unsupported platforms
e2e (windows)	Run app e2e tests	2026-10-01T22:10:23.9460694Z
e2e (windows)	Run app e2e tests	2026-10-01T22:10:23.9461618Z     Error: expect(locator).toHaveCount(expected) failed
e2e (windows)	Run app e2e tests	2026-10-01T22:10:23.9462327Z
e2e (windows)	Run app e2e tests	2026-10-01T22:10:23.9462791Z     Locator:  getByRole('banner', { name: 'Native titlebar fixture', exact: true })
e2e (windows)	Run app e2e tests	2026-10-01T22:10:23.9463570Z     Expected: 1
e2e (windows)	Run app e2e tests	2026-10-01T22:10:23.9464004Z     Received: 0
e2e (windows)	Run app e2e tests	2026-10-01T22:10:23.9464355Z     Timeout:  10000ms
e2e (windows)	Run app e2e tests	2026-10-01T22:10:23.9464570Z
e2e (windows)	Run app e2e tests	2026-10-01T22:10:23.9464690Z     Call log:
e2e (windows)	Run app e2e tests	2026-10-01T22:10:23.9465234Z       - Expect "toHaveCount" with timeout 10000ms
e2e (windows)	Run app e2e tests	2026-10-01T22:10:23.9466281Z       - waiting for getByRole('banner', { name: 'Native titlebar fixture', exact: true })
e2e (windows)	Run app e2e tests	2026-10-01T22:10:23.9467333Z         13 × locator resolved to 0 elements
e2e (windows)	Run app e2e tests	2026-10-01T22:10:23.9468029Z            - unexpected value "0"
e2e (windows)	Run app e2e tests	2026-10-01T22:10:23.9468349Z
e2e (windows)	Run app e2e tests	2026-10-01T22:10:23.9468366Z
e2e (windows)	Run app e2e tests	2026-10-01T22:10:23.9468752Z       56 |   expect(response!.ok(), "fixture response must succeed").toBe(true)
e2e (windows)	Run app e2e tests	2026-10-01T22:10:23.9469798Z       57 |   const header = page.getByRole("banner", { name: "Native titlebar fixture", exact: true })
e2e (windows)	Run app e2e tests	2026-10-01T22:10:23.9470647Z     > 58 |   await expect(header).toHaveCount(1)
e2e (windows)	Run app e2e tests	2026-10-01T22:10:23.9471161Z          |                        ^
e2e (windows)	Run app e2e tests	2026-10-01T22:10:23.9471699Z       59 |   await expect(header).toBeVisible()
e2e (windows)	Run app e2e tests	2026-10-01T22:10:23.9472729Z       60 |   await expect.poll(() => page.evaluate(() => typeof window.nativeFrameFixture?.settled)).toBe("function")
e2e (windows)	Run app e2e tests	2026-10-01T22:10:23.9473664Z       61 |   await settled(page)
e2e (windows)	Run app e2e tests	2026-10-01T22:10:23.9474616Z         at open (D:\a\HuGR-Orchestra\HuGR-Orchestra\packages\app\e2e\orchestra\titlebar-native-frame.spec.ts:58:24)
e2e (windows)	Run app e2e tests	2026-10-01T22:10:23.9476001Z         at D:\a\HuGR-Orchestra\HuGR-Orchestra\packages\app\e2e\orchestra\titlebar-native-frame.spec.ts:46:3
e2e (windows)	Run app e2e tests	2026-10-01T22:10:23.9476741Z
e2e (windows)	Run app e2e tests	2026-10-01T22:10:23.9477485Z     attachment #1: screenshot (image/png) ──────────────────────────────────────────────────────────
e2e (windows)	Run app e2e tests	2026-10-01T22:10:23.9478838Z     e2e\test-results\orchestra-titlebar-native--17d86-ry-on-unsupported-platforms-chromium\test-failed-1.png
e2e (windows)	Run app e2e tests	2026-10-01T22:10:23.9480405Z     ────────────────────────────────────────────────────────────────────────────────────────────────
e2e (windows)	Run app e2e tests	2026-10-01T22:10:23.9480940Z
e2e (windows)	Run app e2e tests	2026-10-01T22:10:23.9481804Z     attachment #2: video (video/webm) ──────────────────────────────────────────────────────────────
e2e (windows)	Run app e2e tests	2026-10-01T22:10:23.9482544Z     e2e\test-results\orchestra-titlebar-native--17d86-ry-on-unsupported-platforms-chromium\video.webm
e2e (windows)	Run app e2e tests	2026-10-01T22:10:23.9483305Z     ────────────────────────────────────────────────────────────────────────────────────────────────
e2e (windows)	Run app e2e tests	2026-10-01T22:10:23.9483611Z
e2e (windows)	Run app e2e tests	2026-10-01T22:10:23.9484084Z     Error Context: e2e\test-results\orchestra-titlebar-native--17d86-ry-on-unsupported-platforms-chromium\error-context.md
e2e (windows)	Run app e2e tests	2026-10-01T22:10:23.9484906Z
e2e (windows)	Run app e2e tests	2026-10-01T22:10:23.9485383Z     Error Context: e2e\test-results\orchestra-titlebar-native--17d86-ry-on-unsupported-platforms-chromium\error-context.md
e2e (windows)	Run app e2e tests	2026-10-01T22:10:23.9485892Z
e2e (windows)	Run app e2e tests	2026-10-01T22:10:23.9486243Z     Retry #1 ───────────────────────────────────────────────────────────────────────────────────────
e2e (windows)	Run app e2e tests	2026-10-01T22:10:23.9486539Z
e2e (windows)	Run app e2e tests	2026-10-01T22:10:23.9486957Z     Error: expect(locator).toHaveCount(expected) failed
e2e (windows)	Run app e2e tests	2026-10-01T22:10:23.9487340Z
e2e (windows)	Run app e2e tests	2026-10-01T22:10:23.9487582Z     Locator:  getByRole('banner', { name: 'Native titlebar fixture', exact: true })
e2e (windows)	Run app e2e tests	2026-10-01T22:10:23.9488015Z     Expected: 1
e2e (windows)	Run app e2e tests	2026-10-01T22:10:23.9488270Z     Received: 0
e2e (windows)	Run app e2e tests	2026-10-01T22:10:23.9488915Z     Timeout:  10000ms
e2e (windows)	Run app e2e tests	2026-10-01T22:10:23.9489112Z
e2e (windows)	Run app e2e tests	2026-10-01T22:10:23.9489232Z     Call log:
e2e (windows)	Run app e2e tests	2026-10-01T22:10:23.9489734Z       - Expect "toHaveCount" with timeout 10000ms
e2e (windows)	Run app e2e tests	2026-10-01T22:10:23.9490659Z       - waiting for getByRole('banner', { name: 'Native titlebar fixture', exact: true })
e2e (windows)	Run app e2e tests	2026-10-01T22:10:23.9491512Z         13 × locator resolved to 0 elements
e2e (windows)	Run app e2e tests	2026-10-01T22:10:23.9492078Z            - unexpected value "0"
e2e (windows)	Run app e2e tests	2026-10-01T22:10:23.9492364Z
e2e (windows)	Run app e2e tests	2026-10-01T22:10:23.9492372Z
e2e (windows)	Run app e2e tests	2026-10-01T22:10:23.9492717Z       56 |   expect(response!.ok(), "fixture response must succeed").toBe(true)
e2e (windows)	Run app e2e tests	2026-10-01T22:10:23.9493733Z       57 |   const header = page.getByRole("banner", { name: "Native titlebar fixture", exact: true })
e2e (windows)	Run app e2e tests	2026-10-01T22:10:23.9494579Z     > 58 |   await expect(header).toHaveCount(1)
e2e (windows)	Run app e2e tests	2026-10-01T22:10:23.9495071Z          |                        ^
e2e (windows)	Run app e2e tests	2026-10-01T22:10:23.9495547Z       59 |   await expect(header).toBeVisible()
e2e (windows)	Run app e2e tests	2026-10-01T22:10:23.9496510Z       60 |   await expect.poll(() => page.evaluate(() => typeof window.nativeFrameFixture?.settled)).toBe("function")
e2e (windows)	Run app e2e tests	2026-10-01T22:10:23.9497395Z       61 |   await settled(page)
e2e (windows)	Run app e2e tests	2026-10-01T22:10:23.9498339Z         at open (D:\a\HuGR-Orchestra\HuGR-Orchestra\packages\app\e2e\orchestra\titlebar-native-frame.spec.ts:58:24)
e2e (windows)	Run app e2e tests	2026-10-01T22:10:23.9499719Z         at D:\a\HuGR-Orchestra\HuGR-Orchestra\packages\app\e2e\orchestra\titlebar-native-frame.spec.ts:46:3
e2e (windows)	Run app e2e tests	2026-10-01T22:10:23.9500430Z
e2e (windows)	Run app e2e tests	2026-10-01T22:10:23.9501090Z     attachment #1: screenshot (image/png) ──────────────────────────────────────────────────────────
e2e (windows)	Run app e2e tests	2026-10-01T22:10:23.9502838Z     e2e\test-results\orchestra-titlebar-native--17d86-ry-on-unsupported-platforms-chromium-retry1\test-failed-1.png
e2e (windows)	Run app e2e tests	2026-10-01T22:10:23.9506236Z     ────────────────────────────────────────────────────────────────────────────────────────────────
e2e (windows)	Run app e2e tests	2026-10-01T22:10:23.9507007Z
e2e (windows)	Run app e2e tests	2026-10-01T22:10:23.9508702Z     attachment #2: video (video/webm) ──────────────────────────────────────────────────────────────
e2e (windows)	Run app e2e tests	2026-10-01T22:10:23.9509833Z     e2e\test-results\orchestra-titlebar-native--17d86-ry-on-unsupported-platforms-chromium-retry1\video.webm
e2e (windows)	Run app e2e tests	2026-10-01T22:10:23.9510947Z     ────────────────────────────────────────────────────────────────────────────────────────────────
e2e (windows)	Run app e2e tests	2026-10-01T22:10:23.9511242Z
e2e (windows)	Run app e2e tests	2026-10-01T22:10:23.9511762Z     Error Context: e2e\test-results\orchestra-titlebar-native--17d86-ry-on-unsupported-platforms-chromium-retry1\error-context.md
e2e (windows)	Run app e2e tests	2026-10-01T22:10:23.9512315Z
e2e (windows)	Run app e2e tests	2026-10-01T22:10:23.9512805Z     Error Context: e2e\test-results\orchestra-titlebar-native--17d86-ry-on-unsupported-platforms-chromium-retry1\error-context.md
e2e (windows)	Run app e2e tests	2026-10-01T22:10:23.9513346Z
e2e (windows)	Run app e2e tests	2026-10-01T22:10:23.9513743Z     attachment #5: trace (application/zip) ─────────────────────────────────────────────────────────
e2e (windows)	Run app e2e tests	2026-10-01T22:10:23.9514484Z     e2e\test-results\orchestra-titlebar-native--17d86-ry-on-unsupported-platforms-chromium-retry1\trace.zip
e2e (windows)	Run app e2e tests	2026-10-01T22:10:23.9515149Z     Usage:
e2e (windows)	Run app e2e tests	2026-10-01T22:10:23.9515253Z
e2e (windows)	Run app e2e tests	2026-10-01T22:10:23.9515791Z         npx playwright show-trace e2e\test-results\orchestra-titlebar-native--17d86-ry-on-unsupported-platforms-chromium-retry1\trace.zip
e2e (windows)	Run app e2e tests	2026-10-01T22:10:23.9516371Z
e2e (windows)	Run app e2e tests	2026-10-01T22:10:23.9516696Z     ────────────────────────────────────────────────────────────────────────────────────────────────
e2e (windows)	Run app e2e tests	2026-10-01T22:10:23.9517077Z
e2e (windows)	Run app e2e tests	2026-10-01T22:10:23.9517628Z     Retry #2 ───────────────────────────────────────────────────────────────────────────────────────
e2e (windows)	Run app e2e tests	2026-10-01T22:10:23.9517931Z
e2e (windows)	Run app e2e tests	2026-10-01T22:10:23.9518595Z     Error: expect(locator).toHaveCount(expected) failed
e2e (windows)	Run app e2e tests	2026-10-01T22:10:23.9518987Z
e2e (windows)	Run app e2e tests	2026-10-01T22:10:23.9519237Z     Locator:  getByRole('banner', { name: 'Native titlebar fixture', exact: true })
e2e (windows)	Run app e2e tests	2026-10-01T22:10:23.9519676Z     Expected: 1
e2e (windows)	Run app e2e tests	2026-10-01T22:10:23.9519925Z     Received: 0
e2e (windows)	Run app e2e tests	2026-10-01T22:10:23.9520150Z     Timeout:  10000ms
e2e (windows)	Run app e2e tests	2026-10-01T22:10:23.9520279Z
e2e (windows)	Run app e2e tests	2026-10-01T22:10:23.9520352Z     Call log:
e2e (windows)	Run app e2e tests	2026-10-01T22:10:23.9520671Z       - Expect "toHaveCount" with timeout 10000ms
e2e (windows)	Run app e2e tests	2026-10-01T22:10:23.9521250Z       - waiting for getByRole('banner', { name: 'Native titlebar fixture', exact: true })
e2e (windows)	Run app e2e tests	2026-10-01T22:10:23.9521778Z         13 × locator resolved to 0 elements
e2e (windows)	Run app e2e tests	2026-10-01T22:10:23.9522125Z            - unexpected value "0"
e2e (windows)	Run app e2e tests	2026-10-01T22:10:23.9522319Z
e2e (windows)	Run app e2e tests	2026-10-01T22:10:23.9522325Z
e2e (windows)	Run app e2e tests	2026-10-01T22:10:23.9522553Z       56 |   expect(response!.ok(), "fixture response must succeed").toBe(true)
e2e (windows)	Run app e2e tests	2026-10-01T22:10:23.9523165Z       57 |   const header = page.getByRole("banner", { name: "Native titlebar fixture", exact: true })
e2e (windows)	Run app e2e tests	2026-10-01T22:10:23.9523856Z     > 58 |   await expect(header).toHaveCount(1)
e2e (windows)	Run app e2e tests	2026-10-01T22:10:23.9524325Z          |                        ^
e2e (windows)	Run app e2e tests	2026-10-01T22:10:23.9524770Z       59 |   await expect(header).toBeVisible()
e2e (windows)	Run app e2e tests	2026-10-01T22:10:23.9525679Z       60 |   await expect.poll(() => page.evaluate(() => typeof window.nativeFrameFixture?.settled)).toBe("function")
e2e (windows)	Run app e2e tests	2026-10-01T22:10:23.9526492Z       61 |   await settled(page)
e2e (windows)	Run app e2e tests	2026-10-01T22:10:23.9527666Z         at open (D:\a\HuGR-Orchestra\HuGR-Orchestra\packages\app\e2e\orchestra\titlebar-native-frame.spec.ts:58:24)
e2e (windows)	Run app e2e tests	2026-10-01T22:10:23.9529547Z         at D:\a\HuGR-Orchestra\HuGR-Orchestra\packages\app\e2e\orchestra\titlebar-native-frame.spec.ts:46:3
e2e (windows)	Run app e2e tests	2026-10-01T22:10:23.9530469Z
e2e (windows)	Run app e2e tests	2026-10-01T22:10:23.9531194Z     attachment #1: screenshot (image/png) ──────────────────────────────────────────────────────────
e2e (windows)	Run app e2e tests	2026-10-01T22:10:23.9532185Z     e2e\test-results\orchestra-titlebar-native--17d86-ry-on-unsupported-platforms-chromium-retry2\test-failed-1.png
e2e (windows)	Run app e2e tests	2026-10-01T22:10:23.9533018Z     ────────────────────────────────────────────────────────────────────────────────────────────────
e2e (windows)	Run app e2e tests	2026-10-01T22:10:23.9533299Z
e2e (windows)	Run app e2e tests	2026-10-01T22:10:23.9533651Z     attachment #2: video (video/webm) ──────────────────────────────────────────────────────────────
e2e (windows)	Run app e2e tests	2026-10-01T22:10:23.9534578Z     e2e\test-results\orchestra-titlebar-native--17d86-ry-on-unsupported-platforms-chromium-retry2\video.webm
e2e (windows)	Run app e2e tests	2026-10-01T22:10:23.9535359Z     ────────────────────────────────────────────────────────────────────────────────────────────────
e2e (windows)	Run app e2e tests	2026-10-01T22:10:23.9535624Z
e2e (windows)	Run app e2e tests	2026-10-01T22:10:23.9536116Z     Error Context: e2e\test-results\orchestra-titlebar-native--17d86-ry-on-unsupported-platforms-chromium-retry2\error-context.md
e2e (windows)	Run app e2e tests	2026-10-01T22:10:23.9536652Z
e2e (windows)	Run app e2e tests	2026-10-01T22:10:23.9537203Z     Error Context: e2e\test-results\orchestra-titlebar-native--17d86-ry-on-unsupported-platforms-chromium-retry2\error-context.md
e2e (windows)	Run app e2e tests	2026-10-01T22:10:23.9537920Z
e2e (windows)	Run app e2e tests	2026-10-01T22:10:23.9537928Z
e2e (windows)	Run app e2e tests	2026-10-01T22:10:25.4886065Z [23/124] [chromium] › e2e\orchestra\titlebar-native-frame.spec.ts:142:1 › chat text streaming does not request geometry; unchanged window geometry does not resend
e2e (windows)	Run app e2e tests	2026-10-01T22:10:26.5134664Z [chromium] › e2e\orchestra\titlebar-native-frame.spec.ts:142:1 › chat text streaming does not request geometry; unchanged window geometry does not resend
e2e (windows)	Run app e2e tests	2026-10-01T22:10:26.5135859Z
e2e (windows)	Run app e2e tests	2026-10-01T22:10:26.5137299Z 10:10:26 PM [vite] Internal server error: Failed to resolve import "@/context/layout" from "src/components/titlebar.tsx". Does the file exist?
e2e (windows)	Run app e2e tests	2026-10-01T22:10:26.5138729Z   Plugin: vite:import-analysis
e2e (windows)	Run app e2e tests	2026-10-01T22:10:26.5139899Z   File: D:/a/HuGR-Orchestra/HuGR-Orchestra/packages/app/src/components/titlebar.tsx:26:66
e2e (windows)	Run app e2e tests	2026-10-01T22:10:26.5143604Z   24 |  import { TooltipV2 } from "@opencode-ai/ui/v2/tooltip-v2";
e2e (windows)	Run app e2e tests	2026-10-01T22:10:26.5144460Z   25 |  import { useTheme } from "@opencode-ai/ui/theme/context";
e2e (windows)	Run app e2e tests	2026-10-01T22:10:26.5145181Z   26 |  import { useLayout } from "@/context/layout";
e2e (windows)	Run app e2e tests	2026-10-01T22:10:26.5145733Z      |                             ^
e2e (windows)	Run app e2e tests	2026-10-01T22:10:26.5147924Z   27 |  import { usePlatform } from "@/context/platform";
e2e (windows)	Run app e2e tests	2026-10-01T22:10:26.5148829Z   28 |  import { useCommand } from "@/context/command";
e2e (windows)	Run app e2e tests	2026-10-01T22:10:26.5151219Z       at TransformPluginContext._formatLog (file:///D:/a/HuGR-Orchestra/HuGR-Orchestra/node_modules/vite/dist/node/chunks/dep-C6pp_iVS.js:31522:43)
e2e (windows)	Run app e2e tests	2026-10-01T22:10:26.5158424Z       at TransformPluginContext.error (file:///D:/a/HuGR-Orchestra/HuGR-Orchestra/node_modules/vite/dist/node/chunks/dep-C6pp_iVS.js:31519:14)
e2e (windows)	Run app e2e tests	2026-10-01T22:10:26.5160364Z       at normalizeUrl (file:///D:/a/HuGR-Orchestra/HuGR-Orchestra/node_modules/vite/dist/node/chunks/dep-C6pp_iVS.js:29991:18)
e2e (windows)	Run app e2e tests	2026-10-01T22:10:26.5161115Z       at processTicksAndRejections (node:internal/process/task_queues:104:5)
e2e (windows)	Run app e2e tests	2026-10-01T22:10:26.5161842Z       at file:///D:/a/HuGR-Orchestra/HuGR-Orchestra/node_modules/vite/dist/node/chunks/dep-C6pp_iVS.js:30049:32
e2e (windows)	Run app e2e tests	2026-10-01T22:10:26.5162360Z       at async Promise.all (index 24)
e2e (windows)	Run app e2e tests	2026-10-01T22:10:26.5163251Z       at TransformPluginContext.transform (file:///D:/a/HuGR-Orchestra/HuGR-Orchestra/node_modules/vite/dist/node/chunks/dep-C6pp_iVS.js:30017:4)
e2e (windows)	Run app e2e tests	2026-10-01T22:10:26.5165102Z       at EnvironmentPluginContainer.transform (file:///D:/a/HuGR-Orchestra/HuGR-Orchestra/node_modules/vite/dist/node/chunks/dep-C6pp_iVS.js:31320:14)
e2e (windows)	Run app e2e tests	2026-10-01T22:10:26.5166373Z       at loadAndTransform (file:///D:/a/HuGR-Orchestra/HuGR-Orchestra/node_modules/vite/dist/node/chunks/dep-C6pp_iVS.js:26407:26)
e2e (windows)	Run app e2e tests	2026-10-01T22:10:26.5169907Z 10:10:26 PM [vite] (client) Pre-transform error: Failed to resolve import "@/context/layout" from "src/components/titlebar.tsx". Does the file exist?
e2e (windows)	Run app e2e tests	2026-10-01T22:10:26.5171481Z   Plugin: vite:import-analysis
e2e (windows)	Run app e2e tests	2026-10-01T22:10:26.5172515Z   File: D:/a/HuGR-Orchestra/HuGR-Orchestra/packages/app/src/components/titlebar.tsx:26:66
e2e (windows)	Run app e2e tests	2026-10-01T22:10:26.5173737Z   24 |  import { TooltipV2 } from "@opencode-ai/ui/v2/tooltip-v2";
e2e (windows)	Run app e2e tests	2026-10-01T22:10:26.5174523Z   25 |  import { useTheme } from "@opencode-ai/ui/theme/context";
e2e (windows)	Run app e2e tests	2026-10-01T22:10:26.5175234Z   26 |  import { useLayout } from "@/context/layout";
e2e (windows)	Run app e2e tests	2026-10-01T22:10:26.5175770Z      |                             ^
e2e (windows)	Run app e2e tests	2026-10-01T22:10:26.5176353Z   27 |  import { usePlatform } from "@/context/platform";
e2e (windows)	Run app e2e tests	2026-10-01T22:10:26.5177204Z   28 |  import { useCommand } from "@/context/command";
e2e (windows)	Run app e2e tests	2026-10-01T22:10:26.5177650Z
e2e (windows)	Run app e2e tests	2026-10-01T22:10:26.6746335Z 10:10:26 PM [vite] (client) Pre-transform error: Failed to resolve import "@/desktop-menu" from "src/components/windows-app-menu.tsx". Does the file exist?
e2e (windows)	Run app e2e tests	2026-10-01T22:10:26.6747835Z
e2e (windows)	Run app e2e tests	2026-10-01T22:10:26.6748279Z   Plugin: vite:import-analysis
e2e (windows)	Run app e2e tests	2026-10-01T22:10:26.6750162Z   File: D:/a/HuGR-Orchestra/HuGR-Orchestra/packages/app/src/components/windows-app-menu.tsx:9:96
e2e (windows)	Run app e2e tests	2026-10-01T22:10:26.6752466Z   10 |  import { IconButtonV2 } from "@opencode-ai/ui/v2/icon-button-v2";
e2e (windows)	Run app e2e tests	2026-10-01T22:10:26.6755149Z   11 |  import { Icon as IconV2 } from "@opencode-ai/ui/v2/icon";
e2e (windows)	Run app e2e tests	2026-10-01T22:10:26.6756044Z   12 |  import { DESKTOP_MENU, desktopMenuVisible } from "@/desktop-menu";
e2e (windows)	Run app e2e tests	2026-10-01T22:10:26.6756772Z      |                                                    ^
e2e (windows)	Run app e2e tests	2026-10-01T22:10:26.6757381Z   13 |  import { useLanguage } from "@/context/language";
e2e (windows)	Run app e2e tests	2026-10-01T22:10:26.6758159Z   14 |  export function WindowsAppMenu(props) {
e2e (windows)	Run app e2e tests	2026-10-01T22:10:26.6811470Z 10:10:26 PM [vite] (client) Pre-transform error: Failed to resolve import "@/utils/path-key" from "src/components/titlebar-tab-order.ts". Does the file exist?
e2e (windows)	Run app e2e tests	2026-10-01T22:10:26.6812998Z
e2e (windows)	Run app e2e tests	2026-10-01T22:10:26.6813349Z   Plugin: vite:import-analysis
e2e (windows)	Run app e2e tests	2026-10-01T22:10:26.6814453Z   File: D:/a/HuGR-Orchestra/HuGR-Orchestra/packages/app/src/components/titlebar-tab-order.ts:1:24
e2e (windows)	Run app e2e tests	2026-10-01T22:10:26.6815619Z   1  |  import { pathKey } from "@/utils/path-key";
e2e (windows)	Run app e2e tests	2026-10-01T22:10:26.6816156Z      |                           ^
e2e (windows)	Run app e2e tests	2026-10-01T22:10:26.6817371Z   2  |  import { startTransition } from "solid-js";
e2e (windows)	Run app e2e tests	2026-10-01T22:10:26.6818161Z   3  |  export function closeProfileTab(input) {
e2e (windows)	Run app e2e tests	2026-10-01T22:10:39.1478090Z [24/124] (retries) [chromium] › e2e\orchestra\titlebar-native-frame.spec.ts:142:1 › chat text streaming does not request geometry; unchanged window geometry does not resend (retry #1)
e2e (windows)	Run app e2e tests	2026-10-01T22:10:40.1854410Z 10:10:40 PM [vite] Internal server error: Failed to resolve import "@/context/layout" from "src/components/titlebar.tsx". Does the file exist?
e2e (windows)	Run app e2e tests	2026-10-01T22:10:40.1855287Z
e2e (windows)	Run app e2e tests	2026-10-01T22:10:40.1855541Z   Plugin: vite:import-analysis
e2e (windows)	Run app e2e tests	2026-10-01T22:10:40.1856414Z   File: D:/a/HuGR-Orchestra/HuGR-Orchestra/packages/app/src/components/titlebar.tsx:26:66
e2e (windows)	Run app e2e tests	2026-10-01T22:10:40.1857449Z   24 |  import { TooltipV2 } from "@opencode-ai/ui/v2/tooltip-v2";
e2e (windows)	Run app e2e tests	2026-10-01T22:10:40.1858169Z   25 |  import { useTheme } from "@opencode-ai/ui/theme/context";
e2e (windows)	Run app e2e tests	2026-10-01T22:10:40.1859341Z   26 |  import { useLayout } from "@/context/layout";
e2e (windows)	Run app e2e tests	2026-10-01T22:10:40.1861200Z      |                             ^
e2e (windows)	Run app e2e tests	2026-10-01T22:10:40.1862272Z   27 |  import { usePlatform } from "@/context/platform";
e2e (windows)	Run app e2e tests	2026-10-01T22:10:40.1863341Z   28 |  import { useCommand } from "@/context/command";
e2e (windows)	Run app e2e tests	2026-10-01T22:10:40.1864724Z       at TransformPluginContext._formatLog (file:///D:/a/HuGR-Orchestra/HuGR-Orchestra/node_modules/vite/dist/node/chunks/dep-C6pp_iVS.js:31522:43)
e2e (windows)	Run app e2e tests	2026-10-01T22:10:40.1867320Z       at TransformPluginContext.error (file:///D:/a/HuGR-Orchestra/HuGR-Orchestra/node_modules/vite/dist/node/chunks/dep-C6pp_iVS.js:31519:14)
e2e (windows)	Run app e2e tests	2026-10-01T22:10:40.1869968Z       at normalizeUrl (file:///D:/a/HuGR-Orchestra/HuGR-Orchestra/node_modules/vite/dist/node/chunks/dep-C6pp_iVS.js:29991:18)
e2e (windows)	Run app e2e tests	2026-10-01T22:10:40.1874925Z       at processTicksAndRejections (node:internal/process/task_queues:104:5)
e2e (windows)	Run app e2e tests	2026-10-01T22:10:40.1878246Z       at file:///D:/a/HuGR-Orchestra/HuGR-Orchestra/node_modules/vite/dist/node/chunks/dep-C6pp_iVS.js:30049:32
e2e (windows)	Run app e2e tests	2026-10-01T22:10:40.1879289Z       at async Promise.all (index 24)
e2e (windows)	Run app e2e tests	2026-10-01T22:10:40.1880573Z       at TransformPluginContext.transform (file:///D:/a/HuGR-Orchestra/HuGR-Orchestra/node_modules/vite/dist/node/chunks/dep-C6pp_iVS.js:30017:4)
e2e (windows)	Run app e2e tests	2026-10-01T22:10:40.1882934Z       at EnvironmentPluginContainer.transform (file:///D:/a/HuGR-Orchestra/HuGR-Orchestra/node_modules/vite/dist/node/chunks/dep-C6pp_iVS.js:31320:14)
e2e (windows)	Run app e2e tests	2026-10-01T22:10:40.1885348Z       at loadAndTransform (file:///D:/a/HuGR-Orchestra/HuGR-Orchestra/node_modules/vite/dist/node/chunks/dep-C6pp_iVS.js:26407:26)
e2e (windows)	Run app e2e tests	2026-10-01T22:10:40.1888405Z 10:10:40 PM [vite] (client) Pre-transform error: Failed to resolve import "@/context/layout" from "src/components/titlebar.tsx". Does the file exist?
e2e (windows)	Run app e2e tests	2026-10-01T22:10:40.1889790Z   Plugin: vite:import-analysis
e2e (windows)	Run app e2e tests	2026-10-01T22:10:40.1890428Z   File: D:/a/HuGR-Orchestra/HuGR-Orchestra/packages/app/src/components/titlebar.tsx:26:66
e2e (windows)	Run app e2e tests	2026-10-01T22:10:40.1891117Z   24 |  import { TooltipV2 } from "@opencode-ai/ui/v2/tooltip-v2";
e2e (windows)	Run app e2e tests	2026-10-01T22:10:40.1891579Z   25 |  import { useTheme } from "@opencode-ai/ui/theme/context";
e2e (windows)	Run app e2e tests	2026-10-01T22:10:40.1891969Z   26 |  import { useLayout } from "@/context/layout";
e2e (windows)	Run app e2e tests	2026-10-01T22:10:40.1892281Z      |                             ^
e2e (windows)	Run app e2e tests	2026-10-01T22:10:40.1892613Z   27 |  import { usePlatform } from "@/context/platform";
e2e (windows)	Run app e2e tests	2026-10-01T22:10:40.1893052Z   28 |  import { useCommand } from "@/context/command";
e2e (windows)	Run app e2e tests	2026-10-01T22:10:40.1893296Z
e2e (windows)	Run app e2e tests	2026-10-01T22:10:40.3322398Z 10:10:40 PM [vite] (client) Pre-transform error: Failed to resolve import "@/desktop-menu" from "src/components/windows-app-menu.tsx". Does the file exist?
e2e (windows)	Run app e2e tests	2026-10-01T22:10:40.3323726Z
e2e (windows)	Run app e2e tests	2026-10-01T22:10:40.3324234Z   Plugin: vite:import-analysis
e2e (windows)	Run app e2e tests	2026-10-01T22:10:40.3326861Z   File: D:/a/HuGR-Orchestra/HuGR-Orchestra/packages/app/src/components/windows-app-menu.tsx:9:96
e2e (windows)	Run app e2e tests	2026-10-01T22:10:40.3328607Z   10 |  import { IconButtonV2 } from "@opencode-ai/ui/v2/icon-button-v2";
e2e (windows)	Run app e2e tests	2026-10-01T22:10:40.3329913Z   11 |  import { Icon as IconV2 } from "@opencode-ai/ui/v2/icon";
e2e (windows)	Run app e2e tests	2026-10-01T22:10:40.3331933Z   12 |  import { DESKTOP_MENU, desktopMenuVisible } from "@/desktop-menu";
e2e (windows)	Run app e2e tests	2026-10-01T22:10:40.3332757Z      |                                                    ^
e2e (windows)	Run app e2e tests	2026-10-01T22:10:40.3333494Z   13 |  import { useLanguage } from "@/context/language";
e2e (windows)	Run app e2e tests	2026-10-01T22:10:40.3334303Z   14 |  export function WindowsAppMenu(props) {
e2e (windows)	Run app e2e tests	2026-10-01T22:10:40.3383741Z 10:10:40 PM [vite] (client) Pre-transform error: Failed to resolve import "@/utils/path-key" from "src/components/titlebar-tab-order.ts". Does the file exist?
e2e (windows)	Run app e2e tests	2026-10-01T22:10:40.3386161Z   Plugin: vite:import-analysis
e2e (windows)	Run app e2e tests	2026-10-01T22:10:40.3390990Z   File: D:/a/HuGR-Orchestra/HuGR-Orchestra/packages/app/src/components/titlebar-tab-order.ts:1:24
e2e (windows)	Run app e2e tests	2026-10-01T22:10:40.3392903Z   1  |  import { pathKey } from "@/utils/path-key";
e2e (windows)	Run app e2e tests	2026-10-01T22:10:40.3393579Z      |                           ^
e2e (windows)	Run app e2e tests	2026-10-01T22:10:40.3394119Z   2  |  import { startTransition } from "solid-js";
e2e (windows)	Run app e2e tests	2026-10-01T22:10:40.3394897Z   3  |  export function closeProfileTab(input) {
e2e (windows)	Run app e2e tests	2026-10-01T22:10:40.3395302Z
e2e (windows)	Run app e2e tests	2026-10-01T22:10:53.0973881Z [25/124] (retries) [chromium] › e2e\orchestra\titlebar-native-frame.spec.ts:142:1 › chat text streaming does not request geometry; unchanged window geometry does not resend (retry #2)
e2e (windows)	Run app e2e tests	2026-10-01T22:10:54.3957955Z 10:10:54 PM [vite] Internal server error: Failed to resolve import "@/context/layout" from "src/components/titlebar.tsx". Does the file exist?
e2e (windows)	Run app e2e tests	2026-10-01T22:10:54.3959264Z   Plugin: vite:import-analysis
e2e (windows)	Run app e2e tests	2026-10-01T22:10:54.3959887Z   File: D:/a/HuGR-Orchestra/HuGR-Orchestra/packages/app/src/components/titlebar.tsx:26:66
e2e (windows)	Run app e2e tests	2026-10-01T22:10:54.3960651Z   24 |  import { TooltipV2 } from "@opencode-ai/ui/v2/tooltip-v2";
e2e (windows)	Run app e2e tests	2026-10-01T22:10:54.3961354Z   25 |  import { useTheme } from "@opencode-ai/ui/theme/context";
e2e (windows)	Run app e2e tests	2026-10-01T22:10:54.3961829Z   26 |  import { useLayout } from "@/context/layout";
e2e (windows)	Run app e2e tests	2026-10-01T22:10:54.3962162Z      |                             ^
e2e (windows)	Run app e2e tests	2026-10-01T22:10:54.3962512Z   27 |  import { usePlatform } from "@/context/platform";
e2e (windows)	Run app e2e tests	2026-10-01T22:10:54.3963012Z   28 |  import { useCommand } from "@/context/command";
e2e (windows)	Run app e2e tests	2026-10-01T22:10:54.3963286Z
e2e (windows)	Run app e2e tests	2026-10-01T22:10:54.3964214Z       at TransformPluginContext._formatLog (file:///D:/a/HuGR-Orchestra/HuGR-Orchestra/node_modules/vite/dist/node/chunks/dep-C6pp_iVS.js:31522:43)
e2e (windows)	Run app e2e tests	2026-10-01T22:10:54.3966480Z       at TransformPluginContext.error (file:///D:/a/HuGR-Orchestra/HuGR-Orchestra/node_modules/vite/dist/node/chunks/dep-C6pp_iVS.js:31519:14)
e2e (windows)	Run app e2e tests	2026-10-01T22:10:54.3968336Z       at normalizeUrl (file:///D:/a/HuGR-Orchestra/HuGR-Orchestra/node_modules/vite/dist/node/chunks/dep-C6pp_iVS.js:29991:18)
e2e (windows)	Run app e2e tests	2026-10-01T22:10:54.3969697Z       at processTicksAndRejections (node:internal/process/task_queues:104:5)
e2e (windows)	Run app e2e tests	2026-10-01T22:10:54.3970840Z       at file:///D:/a/HuGR-Orchestra/HuGR-Orchestra/node_modules/vite/dist/node/chunks/dep-C6pp_iVS.js:30049:32
e2e (windows)	Run app e2e tests	2026-10-01T22:10:54.3971781Z       at async Promise.all (index 24)
e2e (windows)	Run app e2e tests	2026-10-01T22:10:54.3974249Z       at TransformPluginContext.transform (file:///D:/a/HuGR-Orchestra/HuGR-Orchestra/node_modules/vite/dist/node/chunks/dep-C6pp_iVS.js:30017:4)
e2e (windows)	Run app e2e tests	2026-10-01T22:10:54.3984466Z       at EnvironmentPluginContainer.transform (file:///D:/a/HuGR-Orchestra/HuGR-Orchestra/node_modules/vite/dist/node/chunks/dep-C6pp_iVS.js:31320:14)
e2e (windows)	Run app e2e tests	2026-10-01T22:10:54.3985586Z       at loadAndTransform (file:///D:/a/HuGR-Orchestra/HuGR-Orchestra/node_modules/vite/dist/node/chunks/dep-C6pp_iVS.js:26407:26)
e2e (windows)	Run app e2e tests	2026-10-01T22:10:54.3987571Z 10:10:54 PM [vite] (client) Pre-transform error: Failed to resolve import "@/context/layout" from "src/components/titlebar.tsx". Does the file exist?
e2e (windows)	Run app e2e tests	2026-10-01T22:10:54.3988558Z   Plugin: vite:import-analysis
e2e (windows)	Run app e2e tests	2026-10-01T22:10:54.3990765Z   File: D:/a/HuGR-Orchestra/HuGR-Orchestra/packages/app/src/components/titlebar.tsx:26:66
e2e (windows)	Run app e2e tests	2026-10-01T22:10:54.3991619Z   24 |  import { TooltipV2 } from "@opencode-ai/ui/v2/tooltip-v2";
e2e (windows)	Run app e2e tests	2026-10-01T22:10:54.3992350Z   25 |  import { useTheme } from "@opencode-ai/ui/theme/context";
e2e (windows)	Run app e2e tests	2026-10-01T22:10:54.3993063Z   26 |  import { useLayout } from "@/context/layout";
e2e (windows)	Run app e2e tests	2026-10-01T22:10:54.3993431Z      |                             ^
e2e (windows)	Run app e2e tests	2026-10-01T22:10:54.3993900Z   27 |  import { usePlatform } from "@/context/platform";
e2e (windows)	Run app e2e tests	2026-10-01T22:10:54.3994639Z   28 |  import { useCommand } from "@/context/command";
e2e (windows)	Run app e2e tests	2026-10-01T22:10:54.3994991Z
e2e (windows)	Run app e2e tests	2026-10-01T22:10:54.5596049Z 10:10:54 PM [vite] (client) Pre-transform error: Failed to resolve import "@/desktop-menu" from "src/components/windows-app-menu.tsx". Does the file exist?
e2e (windows)	Run app e2e tests	2026-10-01T22:10:54.5728035Z   Plugin: vite:import-analysis
e2e (windows)	Run app e2e tests	2026-10-01T22:10:54.5729333Z   File: D:/a/HuGR-Orchestra/HuGR-Orchestra/packages/app/src/components/windows-app-menu.tsx:9:96
e2e (windows)	Run app e2e tests	2026-10-01T22:10:54.5730585Z   10 |  import { IconButtonV2 } from "@opencode-ai/ui/v2/icon-button-v2";
e2e (windows)	Run app e2e tests	2026-10-01T22:10:54.5731429Z   11 |  import { Icon as IconV2 } from "@opencode-ai/ui/v2/icon";
e2e (windows)	Run app e2e tests	2026-10-01T22:10:54.5732077Z   12 |  import { DESKTOP_MENU, desktopMenuVisible } from "@/desktop-menu";
e2e (windows)	Run app e2e tests	2026-10-01T22:10:54.5732509Z      |                                                    ^
e2e (windows)	Run app e2e tests	2026-10-01T22:10:54.5732865Z   13 |  import { useLanguage } from "@/context/language";
e2e (windows)	Run app e2e tests	2026-10-01T22:10:54.5733108Z
e2e (windows)	Run app e2e tests	2026-10-01T22:10:54.5733397Z   14 |  export function WindowsAppMenu(props) {
e2e (windows)	Run app e2e tests	2026-10-01T22:10:54.5805244Z 10:10:54 PM [vite] (client) Pre-transform error: Failed to resolve import "@/utils/path-key" from "src/components/titlebar-tab-order.ts". Does the file exist?
e2e (windows)	Run app e2e tests	2026-10-01T22:10:54.5807031Z
e2e (windows)	Run app e2e tests	2026-10-01T22:10:54.5812345Z   Plugin: vite:import-analysis
e2e (windows)	Run app e2e tests	2026-10-01T22:10:54.5815245Z   File: D:/a/HuGR-Orchestra/HuGR-Orchestra/packages/app/src/components/titlebar-tab-order.ts:1:24
e2e (windows)	Run app e2e tests	2026-10-01T22:10:54.5817079Z   1  |  import { pathKey } from "@/utils/path-key";
e2e (windows)	Run app e2e tests	2026-10-01T22:10:54.5817910Z      |                           ^
e2e (windows)	Run app e2e tests	2026-10-01T22:10:54.5818656Z   2  |  import { startTransition } from "solid-js";
e2e (windows)	Run app e2e tests	2026-10-01T22:10:54.5819896Z   3  |  export function closeProfileTab(input) {
e2e (windows)	Run app e2e tests	2026-10-01T22:11:05.5344441Z   5) [chromium] › e2e\orchestra\titlebar-native-frame.spec.ts:142:1 › chat text streaming does not request geometry; unchanged window geometry does not resend
e2e (windows)	Run app e2e tests	2026-10-01T22:11:05.5345300Z
e2e (windows)	Run app e2e tests	2026-10-01T22:11:05.5346489Z     Error: expect(locator).toHaveCount(expected) failed
e2e (windows)	Run app e2e tests	2026-10-01T22:11:05.5347252Z
e2e (windows)	Run app e2e tests	2026-10-01T22:11:05.5347703Z     Locator:  getByRole('banner', { name: 'Native titlebar fixture', exact: true })
e2e (windows)	Run app e2e tests	2026-10-01T22:11:05.5348488Z     Expected: 1
e2e (windows)	Run app e2e tests	2026-10-01T22:11:05.5348917Z     Received: 0
e2e (windows)	Run app e2e tests	2026-10-01T22:11:05.5349254Z     Timeout:  10000ms
e2e (windows)	Run app e2e tests	2026-10-01T22:11:05.5349465Z
e2e (windows)	Run app e2e tests	2026-10-01T22:11:05.5349585Z     Call log:
e2e (windows)	Run app e2e tests	2026-10-01T22:11:05.5350102Z       - Expect "toHaveCount" with timeout 10000ms
e2e (windows)	Run app e2e tests	2026-10-01T22:11:05.5350957Z       - waiting for getByRole('banner', { name: 'Native titlebar fixture', exact: true })
e2e (windows)	Run app e2e tests	2026-10-01T22:11:05.5351536Z         13 × locator resolved to 0 elements
e2e (windows)	Run app e2e tests	2026-10-01T22:11:05.5351919Z            - unexpected value "0"
e2e (windows)	Run app e2e tests	2026-10-01T22:11:05.5352115Z
e2e (windows)	Run app e2e tests	2026-10-01T22:11:05.5352122Z
e2e (windows)	Run app e2e tests	2026-10-01T22:11:05.5352572Z       56 |   expect(response!.ok(), "fixture response must succeed").toBe(true)
e2e (windows)	Run app e2e tests	2026-10-01T22:11:05.5353708Z       57 |   const header = page.getByRole("banner", { name: "Native titlebar fixture", exact: true })
e2e (windows)	Run app e2e tests	2026-10-01T22:11:05.5354650Z     > 58 |   await expect(header).toHaveCount(1)
e2e (windows)	Run app e2e tests	2026-10-01T22:11:05.5355563Z          |                        ^
e2e (windows)	Run app e2e tests	2026-10-01T22:11:05.5356478Z       59 |   await expect(header).toBeVisible()
e2e (windows)	Run app e2e tests	2026-10-01T22:11:05.5358453Z       60 |   await expect.poll(() => page.evaluate(() => typeof window.nativeFrameFixture?.settled)).toBe("function")
e2e (windows)	Run app e2e tests	2026-10-01T22:11:05.5359445Z       61 |   await settled(page)
e2e (windows)	Run app e2e tests	2026-10-01T22:11:05.5360585Z         at open (D:\a\HuGR-Orchestra\HuGR-Orchestra\packages\app\e2e\orchestra\titlebar-native-frame.spec.ts:58:24)
e2e (windows)	Run app e2e tests	2026-10-01T22:11:05.5361620Z         at D:\a\HuGR-Orchestra\HuGR-Orchestra\packages\app\e2e\orchestra\titlebar-native-frame.spec.ts:46:3
e2e (windows)	Run app e2e tests	2026-10-01T22:11:05.5362047Z
e2e (windows)	Run app e2e tests	2026-10-01T22:11:05.5362521Z     attachment #1: screenshot (image/png) ──────────────────────────────────────────────────────────
e2e (windows)	Run app e2e tests	2026-10-01T22:11:05.5363533Z     e2e\test-results\orchestra-titlebar-native--30b92-ow-geometry-does-not-resend-chromium\test-failed-1.png
e2e (windows)	Run app e2e tests	2026-10-01T22:11:05.5364325Z     ────────────────────────────────────────────────────────────────────────────────────────────────
e2e (windows)	Run app e2e tests	2026-10-01T22:11:05.5364617Z
e2e (windows)	Run app e2e tests	2026-10-01T22:11:05.5364965Z     attachment #2: video (video/webm) ──────────────────────────────────────────────────────────────
e2e (windows)	Run app e2e tests	2026-10-01T22:11:05.5365662Z     e2e\test-results\orchestra-titlebar-native--30b92-ow-geometry-does-not-resend-chromium\video.webm
e2e (windows)	Run app e2e tests	2026-10-01T22:11:05.5366391Z     ────────────────────────────────────────────────────────────────────────────────────────────────
e2e (windows)	Run app e2e tests	2026-10-01T22:11:05.5366661Z
e2e (windows)	Run app e2e tests	2026-10-01T22:11:05.5367119Z     Error Context: e2e\test-results\orchestra-titlebar-native--30b92-ow-geometry-does-not-resend-chromium\error-context.md
e2e (windows)	Run app e2e tests	2026-10-01T22:11:05.5367629Z
e2e (windows)	Run app e2e tests	2026-10-01T22:11:05.5368078Z     Error Context: e2e\test-results\orchestra-titlebar-native--30b92-ow-geometry-does-not-resend-chromium\error-context.md
e2e (windows)	Run app e2e tests	2026-10-01T22:11:05.5368587Z
e2e (windows)	Run app e2e tests	2026-10-01T22:11:05.5368905Z     Retry #1 ───────────────────────────────────────────────────────────────────────────────────────
e2e (windows)	Run app e2e tests	2026-10-01T22:11:05.5369203Z
e2e (windows)	Run app e2e tests	2026-10-01T22:11:05.5369618Z     Error: expect(locator).toHaveCount(expected) failed
e2e (windows)	Run app e2e tests	2026-10-01T22:11:05.5369994Z
e2e (windows)	Run app e2e tests	2026-10-01T22:11:05.5370235Z     Locator:  getByRole('banner', { name: 'Native titlebar fixture', exact: true })
e2e (windows)	Run app e2e tests	2026-10-01T22:11:05.5370671Z     Expected: 1
e2e (windows)	Run app e2e tests	2026-10-01T22:11:05.5371111Z     Received: 0
e2e (windows)	Run app e2e tests	2026-10-01T22:11:05.5371337Z     Timeout:  10000ms
e2e (windows)	Run app e2e tests	2026-10-01T22:11:05.5371459Z
e2e (windows)	Run app e2e tests	2026-10-01T22:11:05.5371535Z     Call log:
e2e (windows)	Run app e2e tests	2026-10-01T22:11:05.5371873Z       - Expect "toHaveCount" with timeout 10000ms
e2e (windows)	Run app e2e tests	2026-10-01T22:11:05.5372461Z       - waiting for getByRole('banner', { name: 'Native titlebar fixture', exact: true })
e2e (windows)	Run app e2e tests	2026-10-01T22:11:05.5372995Z         13 × locator resolved to 0 elements
e2e (windows)	Run app e2e tests	2026-10-01T22:11:05.5373364Z            - unexpected value "0"
e2e (windows)	Run app e2e tests	2026-10-01T22:11:05.5373548Z
e2e (windows)	Run app e2e tests	2026-10-01T22:11:05.5373555Z
e2e (windows)	Run app e2e tests	2026-10-01T22:11:05.5373787Z       56 |   expect(response!.ok(), "fixture response must succeed").toBe(true)
e2e (windows)	Run app e2e tests	2026-10-01T22:11:05.5374390Z       57 |   const header = page.getByRole("banner", { name: "Native titlebar fixture", exact: true })
e2e (windows)	Run app e2e tests	2026-10-01T22:11:05.5374877Z     > 58 |   await expect(header).toHaveCount(1)
e2e (windows)	Run app e2e tests	2026-10-01T22:11:05.5375163Z          |                        ^
e2e (windows)	Run app e2e tests	2026-10-01T22:11:05.5375449Z       59 |   await expect(header).toBeVisible()
e2e (windows)	Run app e2e tests	2026-10-01T22:11:05.5376006Z       60 |   await expect.poll(() => page.evaluate(() => typeof window.nativeFrameFixture?.settled)).toBe("function")
e2e (windows)	Run app e2e tests	2026-10-01T22:11:05.5376897Z       61 |   await settled(page)
e2e (windows)	Run app e2e tests	2026-10-01T22:11:05.5377480Z         at open (D:\a\HuGR-Orchestra\HuGR-Orchestra\packages\app\e2e\orchestra\titlebar-native-frame.spec.ts:58:24)
e2e (windows)	Run app e2e tests	2026-10-01T22:11:05.5378275Z         at D:\a\HuGR-Orchestra\HuGR-Orchestra\packages\app\e2e\orchestra\titlebar-native-frame.spec.ts:46:3
e2e (windows)	Run app e2e tests	2026-10-01T22:11:05.5378682Z
e2e (windows)	Run app e2e tests	2026-10-01T22:11:05.5379080Z     attachment #1: screenshot (image/png) ──────────────────────────────────────────────────────────
e2e (windows)	Run app e2e tests	2026-10-01T22:11:05.5380062Z     e2e\test-results\orchestra-titlebar-native--30b92-ow-geometry-does-not-resend-chromium-retry1\test-failed-1.png
e2e (windows)	Run app e2e tests	2026-10-01T22:11:05.5380896Z     ────────────────────────────────────────────────────────────────────────────────────────────────
e2e (windows)	Run app e2e tests	2026-10-01T22:11:05.5381184Z
e2e (windows)	Run app e2e tests	2026-10-01T22:11:05.5381537Z     attachment #2: video (video/webm) ──────────────────────────────────────────────────────────────
e2e (windows)	Run app e2e tests	2026-10-01T22:11:05.5382268Z     e2e\test-results\orchestra-titlebar-native--30b92-ow-geometry-does-not-resend-chromium-retry1\video.webm
e2e (windows)	Run app e2e tests	2026-10-01T22:11:05.5383032Z     ────────────────────────────────────────────────────────────────────────────────────────────────
e2e (windows)	Run app e2e tests	2026-10-01T22:11:05.5383307Z
e2e (windows)	Run app e2e tests	2026-10-01T22:11:05.5383801Z     Error Context: e2e\test-results\orchestra-titlebar-native--30b92-ow-geometry-does-not-resend-chromium-retry1\error-context.md
e2e (windows)	Run app e2e tests	2026-10-01T22:11:05.5384470Z
e2e (windows)	Run app e2e tests	2026-10-01T22:11:05.5384966Z     Error Context: e2e\test-results\orchestra-titlebar-native--30b92-ow-geometry-does-not-resend-chromium-retry1\error-context.md
e2e (windows)	Run app e2e tests	2026-10-01T22:11:05.5385519Z
e2e (windows)	Run app e2e tests	2026-10-01T22:11:05.5385883Z     attachment #5: trace (application/zip) ─────────────────────────────────────────────────────────
e2e (windows)	Run app e2e tests	2026-10-01T22:11:05.5386619Z     e2e\test-results\orchestra-titlebar-native--30b92-ow-geometry-does-not-resend-chromium-retry1\trace.zip
e2e (windows)	Run app e2e tests	2026-10-01T22:11:05.5387173Z     Usage:
e2e (windows)	Run app e2e tests	2026-10-01T22:11:05.5387272Z
e2e (windows)	Run app e2e tests	2026-10-01T22:11:05.5387794Z         npx playwright show-trace e2e\test-results\orchestra-titlebar-native--30b92-ow-geometry-does-not-resend-chromium-retry1\trace.zip
e2e (windows)	Run app e2e tests	2026-10-01T22:11:05.5388362Z
e2e (windows)	Run app e2e tests	2026-10-01T22:11:05.5388667Z     ────────────────────────────────────────────────────────────────────────────────────────────────
e2e (windows)	Run app e2e tests	2026-10-01T22:11:05.5388956Z
e2e (windows)	Run app e2e tests	2026-10-01T22:11:05.5389261Z     Retry #2 ───────────────────────────────────────────────────────────────────────────────────────
e2e (windows)	Run app e2e tests	2026-10-01T22:11:05.5389544Z
e2e (windows)	Run app e2e tests	2026-10-01T22:11:05.5389969Z     Error: expect(locator).toHaveCount(expected) failed
e2e (windows)	Run app e2e tests	2026-10-01T22:11:05.5390352Z
e2e (windows)	Run app e2e tests	2026-10-01T22:11:05.5390647Z     Locator:  getByRole('banner', { name: 'Native titlebar fixture', exact: true })
e2e (windows)	Run app e2e tests	2026-10-01T22:11:05.5391076Z     Expected: 1
e2e (windows)	Run app e2e tests	2026-10-01T22:11:05.5391322Z     Received: 0
e2e (windows)	Run app e2e tests	2026-10-01T22:11:05.5391699Z     Timeout:  10000ms
e2e (windows)	Run app e2e tests	2026-10-01T22:11:05.5391934Z
e2e (windows)	Run app e2e tests	2026-10-01T22:11:05.5392021Z     Call log:
e2e (windows)	Run app e2e tests	2026-10-01T22:11:05.5392351Z       - Expect "toHaveCount" with timeout 10000ms
e2e (windows)	Run app e2e tests	2026-10-01T22:11:05.5393327Z       - waiting for getByRole('banner', { name: 'Native titlebar fixture', exact: true })
e2e (windows)	Run app e2e tests	2026-10-01T22:11:05.5398879Z         13 × locator resolved to 0 elements
e2e (windows)	Run app e2e tests	2026-10-01T22:11:05.5400106Z            - unexpected value "0"
e2e (windows)	Run app e2e tests	2026-10-01T22:11:05.5400412Z
e2e (windows)	Run app e2e tests	2026-10-01T22:11:05.5400420Z
e2e (windows)	Run app e2e tests	2026-10-01T22:11:05.5400668Z       56 |   expect(response!.ok(), "fixture response must succeed").toBe(true)
e2e (windows)	Run app e2e tests	2026-10-01T22:11:05.5401504Z       57 |   const header = page.getByRole("banner", { name: "Native titlebar fixture", exact: true })
e2e (windows)	Run app e2e tests	2026-10-01T22:11:05.5401998Z     > 58 |   await expect(header).toHaveCount(1)
e2e (windows)	Run app e2e tests	2026-10-01T22:11:05.5402294Z          |                        ^
e2e (windows)	Run app e2e tests	2026-10-01T22:11:05.5402583Z       59 |   await expect(header).toBeVisible()
e2e (windows)	Run app e2e tests	2026-10-01T22:11:05.5403131Z       60 |   await expect.poll(() => page.evaluate(() => typeof window.nativeFrameFixture?.settled)).toBe("function")
e2e (windows)	Run app e2e tests	2026-10-01T22:11:05.5403637Z       61 |   await settled(page)
e2e (windows)	Run app e2e tests	2026-10-01T22:11:05.5404186Z         at open (D:\a\HuGR-Orchestra\HuGR-Orchestra\packages\app\e2e\orchestra\titlebar-native-frame.spec.ts:58:24)
e2e (windows)	Run app e2e tests	2026-10-01T22:11:05.5404959Z         at D:\a\HuGR-Orchestra\HuGR-Orchestra\packages\app\e2e\orchestra\titlebar-native-frame.spec.ts:46:3
e2e (windows)	Run app e2e tests	2026-10-01T22:11:05.5405477Z
e2e (windows)	Run app e2e tests	2026-10-01T22:11:05.5406019Z     attachment #1: screenshot (image/png) ──────────────────────────────────────────────────────────
e2e (windows)	Run app e2e tests	2026-10-01T22:11:05.5407494Z     e2e\test-results\orchestra-titlebar-native--30b92-ow-geometry-does-not-resend-chromium-retry2\test-failed-1.png
e2e (windows)	Run app e2e tests	2026-10-01T22:11:05.5408798Z     ────────────────────────────────────────────────────────────────────────────────────────────────
e2e (windows)	Run app e2e tests	2026-10-01T22:11:05.5409098Z
e2e (windows)	Run app e2e tests	2026-10-01T22:11:05.5409466Z     attachment #2: video (video/webm) ──────────────────────────────────────────────────────────────
e2e (windows)	Run app e2e tests	2026-10-01T22:11:05.5410199Z     e2e\test-results\orchestra-titlebar-native--30b92-ow-geometry-does-not-resend-chromium-retry2\video.webm
e2e (windows)	Run app e2e tests	2026-10-01T22:11:05.5410974Z     ────────────────────────────────────────────────────────────────────────────────────────────────
e2e (windows)	Run app e2e tests	2026-10-01T22:11:05.5411255Z
e2e (windows)	Run app e2e tests	2026-10-01T22:11:05.5411757Z     Error Context: e2e\test-results\orchestra-titlebar-native--30b92-ow-geometry-does-not-resend-chromium-retry2\error-context.md
e2e (windows)	Run app e2e tests	2026-10-01T22:11:05.5412315Z
e2e (windows)	Run app e2e tests	2026-10-01T22:11:05.5412803Z     Error Context: e2e\test-results\orchestra-titlebar-native--30b92-ow-geometry-does-not-resend-chromium-retry2\error-context.md
e2e (windows)	Run app e2e tests	2026-10-01T22:11:05.5413354Z
e2e (windows)	Run app e2e tests	2026-10-01T22:11:05.5413360Z
e2e (windows)	Run app e2e tests	2026-10-01T22:11:07.0527492Z [26/124] [chromium] › e2e\orchestra\titlebar-native-frame.spec.ts:157:1 › cleanup cancels pending RAF, disconnects observers and blocks late IPC
e2e (windows)	Run app e2e tests	2026-10-01T22:11:08.1157351Z [chromium] › e2e\orchestra\titlebar-native-frame.spec.ts:157:1 › cleanup cancels pending RAF, disconnects observers and blocks late IPC
e2e (windows)	Run app e2e tests	2026-10-01T22:11:08.1158134Z
e2e (windows)	Run app e2e tests	2026-10-01T22:11:08.1159585Z 10:11:08 PM [vite] Internal server error: Failed to resolve import "@/context/layout" from "src/components/titlebar.tsx". Does the file exist?
e2e (windows)	Run app e2e tests	2026-10-01T22:11:08.1160932Z   Plugin: vite:import-analysis
e2e (windows)	Run app e2e tests	2026-10-01T22:11:08.1165125Z   File: D:/a/HuGR-Orchestra/HuGR-Orchestra/packages/app/src/components/titlebar.tsx:26:66
e2e (windows)	Run app e2e tests	2026-10-01T22:11:08.1166942Z   24 |  import { TooltipV2 } from "@opencode-ai/ui/v2/tooltip-v2";
e2e (windows)	Run app e2e tests	2026-10-01T22:11:08.1169518Z   25 |  import { useTheme } from "@opencode-ai/ui/theme/context";
e2e (windows)	Run app e2e tests	2026-10-01T22:11:08.1170212Z   26 |  import { useLayout } from "@/context/layout";
e2e (windows)	Run app e2e tests	2026-10-01T22:11:08.1172181Z      |                             ^
e2e (windows)	Run app e2e tests	2026-10-01T22:11:08.1173039Z   27 |  import { usePlatform } from "@/context/platform";
e2e (windows)	Run app e2e tests	2026-10-01T22:11:08.1177943Z   28 |  import { useCommand } from "@/context/command";
e2e (windows)	Run app e2e tests	2026-10-01T22:11:08.1181116Z       at TransformPluginContext._formatLog (file:///D:/a/HuGR-Orchestra/HuGR-Orchestra/node_modules/vite/dist/node/chunks/dep-C6pp_iVS.js:31522:43)
e2e (windows)	Run app e2e tests	2026-10-01T22:11:08.1183166Z       at TransformPluginContext.error (file:///D:/a/HuGR-Orchestra/HuGR-Orchestra/node_modules/vite/dist/node/chunks/dep-C6pp_iVS.js:31519:14)
e2e (windows)	Run app e2e tests	2026-10-01T22:11:08.1185895Z       at normalizeUrl (file:///D:/a/HuGR-Orchestra/HuGR-Orchestra/node_modules/vite/dist/node/chunks/dep-C6pp_iVS.js:29991:18)
e2e (windows)	Run app e2e tests	2026-10-01T22:11:08.1187966Z       at processTicksAndRejections (node:internal/process/task_queues:104:5)
e2e (windows)	Run app e2e tests	2026-10-01T22:11:08.1189277Z       at file:///D:/a/HuGR-Orchestra/HuGR-Orchestra/node_modules/vite/dist/node/chunks/dep-C6pp_iVS.js:30049:32
e2e (windows)	Run app e2e tests	2026-10-01T22:11:08.1190219Z       at async Promise.all (index 24)
e2e (windows)	Run app e2e tests	2026-10-01T22:11:08.1191425Z       at TransformPluginContext.transform (file:///D:/a/HuGR-Orchestra/HuGR-Orchestra/node_modules/vite/dist/node/chunks/dep-C6pp_iVS.js:30017:4)
e2e (windows)	Run app e2e tests	2026-10-01T22:11:08.1193342Z       at EnvironmentPluginContainer.transform (file:///D:/a/HuGR-Orchestra/HuGR-Orchestra/node_modules/vite/dist/node/chunks/dep-C6pp_iVS.js:31320:14)
e2e (windows)	Run app e2e tests	2026-10-01T22:11:08.1195277Z       at loadAndTransform (file:///D:/a/HuGR-Orchestra/HuGR-Orchestra/node_modules/vite/dist/node/chunks/dep-C6pp_iVS.js:26407:26)
e2e (windows)	Run app e2e tests	2026-10-01T22:11:08.1197949Z 10:11:08 PM [vite] (client) Pre-transform error: Failed to resolve import "@/context/layout" from "src/components/titlebar.tsx". Does the file exist?
e2e (windows)	Run app e2e tests	2026-10-01T22:11:08.1199374Z   Plugin: vite:import-analysis
e2e (windows)	Run app e2e tests	2026-10-01T22:11:08.1200503Z   File: D:/a/HuGR-Orchestra/HuGR-Orchestra/packages/app/src/components/titlebar.tsx:26:66
e2e (windows)	Run app e2e tests	2026-10-01T22:11:08.1201736Z   24 |  import { TooltipV2 } from "@opencode-ai/ui/v2/tooltip-v2";
e2e (windows)	Run app e2e tests	2026-10-01T22:11:08.1202389Z   25 |  import { useTheme } from "@opencode-ai/ui/theme/context";
e2e (windows)	Run app e2e tests	2026-10-01T22:11:08.1202810Z   26 |  import { useLayout } from "@/context/layout";
e2e (windows)	Run app e2e tests	2026-10-01T22:11:08.1203131Z      |                             ^
e2e (windows)	Run app e2e tests	2026-10-01T22:11:08.1203473Z   27 |  import { usePlatform } from "@/context/platform";
e2e (windows)	Run app e2e tests	2026-10-01T22:11:08.1203931Z   28 |  import { useCommand } from "@/context/command";
e2e (windows)	Run app e2e tests	2026-10-01T22:11:08.1204177Z
e2e (windows)	Run app e2e tests	2026-10-01T22:11:08.2740556Z 10:11:08 PM [vite] (client) Pre-transform error: Failed to resolve import "@/desktop-menu" from "src/components/windows-app-menu.tsx". Does the file exist?
e2e (windows)	Run app e2e tests	2026-10-01T22:11:08.2742727Z   Plugin: vite:import-analysis
e2e (windows)	Run app e2e tests	2026-10-01T22:11:08.2745527Z   File: D:/a/HuGR-Orchestra/HuGR-Orchestra/packages/app/src/components/windows-app-menu.tsx:9:96
e2e (windows)	Run app e2e tests	2026-10-01T22:11:08.2746745Z   10 |  import { IconButtonV2 } from "@opencode-ai/ui/v2/icon-button-v2";
e2e (windows)	Run app e2e tests	2026-10-01T22:11:08.2747264Z   11 |  import { Icon as IconV2 } from "@opencode-ai/ui/v2/icon";
e2e (windows)	Run app e2e tests	2026-10-01T22:11:08.2747745Z   12 |  import { DESKTOP_MENU, desktopMenuVisible } from "@/desktop-menu";
e2e (windows)	Run app e2e tests	2026-10-01T22:11:08.2748173Z      |                                                    ^
e2e (windows)	Run app e2e tests	2026-10-01T22:11:08.2748537Z   13 |  import { useLanguage } from "@/context/language";
e2e (windows)	Run app e2e tests	2026-10-01T22:11:08.2749231Z   14 |  export function WindowsAppMenu(props) {
e2e (windows)	Run app e2e tests	2026-10-01T22:11:08.2749646Z
e2e (windows)	Run app e2e tests	2026-10-01T22:11:08.2799982Z 10:11:08 PM [vite] (client) Pre-transform error: Failed to resolve import "@/utils/path-key" from "src/components/titlebar-tab-order.ts". Does the file exist?
e2e (windows)	Run app e2e tests	2026-10-01T22:11:08.2802078Z   Plugin: vite:import-analysis
e2e (windows)	Run app e2e tests	2026-10-01T22:11:08.2803978Z   File: D:/a/HuGR-Orchestra/HuGR-Orchestra/packages/app/src/components/titlebar-tab-order.ts:1:24
e2e (windows)	Run app e2e tests	2026-10-01T22:11:08.2805531Z   1  |  import { pathKey } from "@/utils/path-key";
e2e (windows)	Run app e2e tests	2026-10-01T22:11:08.2806187Z      |                           ^
e2e (windows)	Run app e2e tests	2026-10-01T22:11:08.2807028Z   2  |  import { startTransition } from "solid-js";
e2e (windows)	Run app e2e tests	2026-10-01T22:11:08.2808347Z   3  |  export function closeProfileTab(input) {
e2e (windows)	Run app e2e tests	2026-10-01T22:11:08.2809881Z
e2e (windows)	Run app e2e tests	2026-10-01T22:11:20.7694378Z [27/124] (retries) [chromium] › e2e\orchestra\titlebar-native-frame.spec.ts:157:1 › cleanup cancels pending RAF, disconnects observers and blocks late IPC (retry #1)
e2e (windows)	Run app e2e tests	2026-10-01T22:11:21.8338237Z 10:11:21 PM [vite] Internal server error: Failed to resolve import "@/context/layout" from "src/components/titlebar.tsx". Does the file exist?
e2e (windows)	Run app e2e tests	2026-10-01T22:11:21.8339651Z   Plugin: vite:import-analysis
e2e (windows)	Run app e2e tests	2026-10-01T22:11:21.8340418Z   File: D:/a/HuGR-Orchestra/HuGR-Orchestra/packages/app/src/components/titlebar.tsx:26:66
e2e (windows)	Run app e2e tests	2026-10-01T22:11:21.8341521Z   24 |  import { TooltipV2 } from "@opencode-ai/ui/v2/tooltip-v2";
e2e (windows)	Run app e2e tests	2026-10-01T22:11:21.8342263Z   25 |  import { useTheme } from "@opencode-ai/ui/theme/context";
e2e (windows)	Run app e2e tests	2026-10-01T22:11:21.8342953Z   26 |  import { useLayout } from "@/context/layout";
e2e (windows)	Run app e2e tests	2026-10-01T22:11:21.8343805Z      |                             ^
e2e (windows)	Run app e2e tests	2026-10-01T22:11:21.8344334Z   27 |  import { usePlatform } from "@/context/platform";
e2e (windows)	Run app e2e tests	2026-10-01T22:11:21.8345156Z   28 |  import { useCommand } from "@/context/command";
e2e (windows)	Run app e2e tests	2026-10-01T22:11:21.8345960Z
e2e (windows)	Run app e2e tests	2026-10-01T22:11:21.8347245Z       at TransformPluginContext._formatLog (file:///D:/a/HuGR-Orchestra/HuGR-Orchestra/node_modules/vite/dist/node/chunks/dep-C6pp_iVS.js:31522:43)
e2e (windows)	Run app e2e tests	2026-10-01T22:11:21.8349747Z       at TransformPluginContext.error (file:///D:/a/HuGR-Orchestra/HuGR-Orchestra/node_modules/vite/dist/node/chunks/dep-C6pp_iVS.js:31519:14)
e2e (windows)	Run app e2e tests	2026-10-01T22:11:21.8351578Z       at normalizeUrl (file:///D:/a/HuGR-Orchestra/HuGR-Orchestra/node_modules/vite/dist/node/chunks/dep-C6pp_iVS.js:29991:18)
e2e (windows)	Run app e2e tests	2026-10-01T22:11:21.8353419Z       at processTicksAndRejections (node:internal/process/task_queues:104:5)
e2e (windows)	Run app e2e tests	2026-10-01T22:11:21.8356399Z       at file:///D:/a/HuGR-Orchestra/HuGR-Orchestra/node_modules/vite/dist/node/chunks/dep-C6pp_iVS.js:30049:32
e2e (windows)	Run app e2e tests	2026-10-01T22:11:21.8359833Z       at async Promise.all (index 24)
e2e (windows)	Run app e2e tests	2026-10-01T22:11:21.8362545Z       at TransformPluginContext.transform (file:///D:/a/HuGR-Orchestra/HuGR-Orchestra/node_modules/vite/dist/node/chunks/dep-C6pp_iVS.js:30017:4)
e2e (windows)	Run app e2e tests	2026-10-01T22:11:21.8364658Z       at EnvironmentPluginContainer.transform (file:///D:/a/HuGR-Orchestra/HuGR-Orchestra/node_modules/vite/dist/node/chunks/dep-C6pp_iVS.js:31320:14)
e2e (windows)	Run app e2e tests	2026-10-01T22:11:21.8366923Z       at loadAndTransform (file:///D:/a/HuGR-Orchestra/HuGR-Orchestra/node_modules/vite/dist/node/chunks/dep-C6pp_iVS.js:26407:26)
e2e (windows)	Run app e2e tests	2026-10-01T22:11:21.8370362Z 10:11:21 PM [vite] (client) Pre-transform error: Failed to resolve import "@/context/layout" from "src/components/titlebar.tsx". Does the file exist?
e2e (windows)	Run app e2e tests	2026-10-01T22:11:21.8371681Z   Plugin: vite:import-analysis
e2e (windows)	Run app e2e tests	2026-10-01T22:11:21.8373348Z   File: D:/a/HuGR-Orchestra/HuGR-Orchestra/packages/app/src/components/titlebar.tsx:26:66
e2e (windows)	Run app e2e tests	2026-10-01T22:11:21.8374348Z   24 |  import { TooltipV2 } from "@opencode-ai/ui/v2/tooltip-v2";
e2e (windows)	Run app e2e tests	2026-10-01T22:11:21.8375041Z   25 |  import { useTheme } from "@opencode-ai/ui/theme/context";
e2e (windows)	Run app e2e tests	2026-10-01T22:11:21.8375459Z   26 |  import { useLayout } from "@/context/layout";
e2e (windows)	Run app e2e tests	2026-10-01T22:11:21.8375776Z      |                             ^
e2e (windows)	Run app e2e tests	2026-10-01T22:11:21.8376106Z   27 |  import { usePlatform } from "@/context/platform";
e2e (windows)	Run app e2e tests	2026-10-01T22:11:21.8376632Z   28 |  import { useCommand } from "@/context/command";
e2e (windows)	Run app e2e tests	2026-10-01T22:11:21.8376872Z
e2e (windows)	Run app e2e tests	2026-10-01T22:11:21.9822188Z 10:11:21 PM [vite] (client) Pre-transform error: Failed to resolve import "@/desktop-menu" from "src/components/windows-app-menu.tsx". Does the file exist?
e2e (windows)	Run app e2e tests	2026-10-01T22:11:21.9823317Z   Plugin: vite:import-analysis
e2e (windows)	Run app e2e tests	2026-10-01T22:11:21.9823989Z   File: D:/a/HuGR-Orchestra/HuGR-Orchestra/packages/app/src/components/windows-app-menu.tsx:9:96
e2e (windows)	Run app e2e tests	2026-10-01T22:11:21.9825204Z   10 |  import { IconButtonV2 } from "@opencode-ai/ui/v2/icon-button-v2";
e2e (windows)	Run app e2e tests	2026-10-01T22:11:21.9825806Z   11 |  import { Icon as IconV2 } from "@opencode-ai/ui/v2/icon";
e2e (windows)	Run app e2e tests	2026-10-01T22:11:21.9826437Z   12 |  import { DESKTOP_MENU, desktopMenuVisible } from "@/desktop-menu";
e2e (windows)	Run app e2e tests	2026-10-01T22:11:21.9826877Z      |                                                    ^
e2e (windows)	Run app e2e tests	2026-10-01T22:11:21.9827596Z   13 |  import { useLanguage } from "@/context/language";
e2e (windows)	Run app e2e tests	2026-10-01T22:11:21.9828056Z   14 |  export function WindowsAppMenu(props) {
e2e (windows)	Run app e2e tests	2026-10-01T22:11:21.9828290Z
e2e (windows)	Run app e2e tests	2026-10-01T22:11:21.9884162Z 10:11:21 PM [vite] (client) Pre-transform error: Failed to resolve import "@/utils/path-key" from "src/components/titlebar-tab-order.ts". Does the file exist?
e2e (windows)	Run app e2e tests	2026-10-01T22:11:21.9887647Z
e2e (windows)	Run app e2e tests	2026-10-01T22:11:21.9888100Z   Plugin: vite:import-analysis
e2e (windows)	Run app e2e tests	2026-10-01T22:11:21.9889321Z   File: D:/a/HuGR-Orchestra/HuGR-Orchestra/packages/app/src/components/titlebar-tab-order.ts:1:24
e2e (windows)	Run app e2e tests	2026-10-01T22:11:21.9891426Z   1  |  import { pathKey } from "@/utils/path-key";
e2e (windows)	Run app e2e tests	2026-10-01T22:11:21.9892013Z      |                           ^
e2e (windows)	Run app e2e tests	2026-10-01T22:11:21.9892554Z   2  |  import { startTransition } from "solid-js";
e2e (windows)	Run app e2e tests	2026-10-01T22:11:21.9893289Z   3  |  export function closeProfileTab(input) {
e2e (windows)	Run app e2e tests	2026-10-01T22:11:34.8080851Z [28/124] (retries) [chromium] › e2e\orchestra\titlebar-native-frame.spec.ts:157:1 › cleanup cancels pending RAF, disconnects observers and blocks late IPC (retry #2)
e2e (windows)	Run app e2e tests	2026-10-01T22:11:35.8526471Z 10:11:35 PM [vite] Internal server error: Failed to resolve import "@/context/layout" from "src/components/titlebar.tsx". Does the file exist?
e2e (windows)	Run app e2e tests	2026-10-01T22:11:35.8527298Z
e2e (windows)	Run app e2e tests	2026-10-01T22:11:35.8534638Z   Plugin: vite:import-analysis
e2e (windows)	Run app e2e tests	2026-10-01T22:11:35.8535804Z   File: D:/a/HuGR-Orchestra/HuGR-Orchestra/packages/app/src/components/titlebar.tsx:26:66
e2e (windows)	Run app e2e tests	2026-10-01T22:11:35.8537510Z   24 |  import { TooltipV2 } from "@opencode-ai/ui/v2/tooltip-v2";
e2e (windows)	Run app e2e tests	2026-10-01T22:11:35.8538979Z   25 |  import { useTheme } from "@opencode-ai/ui/theme/context";
e2e (windows)	Run app e2e tests	2026-10-01T22:11:35.8540203Z   26 |  import { useLayout } from "@/context/layout";
e2e (windows)	Run app e2e tests	2026-10-01T22:11:35.8540790Z      |                             ^
e2e (windows)	Run app e2e tests	2026-10-01T22:11:35.8541642Z   27 |  import { usePlatform } from "@/context/platform";
e2e (windows)	Run app e2e tests	2026-10-01T22:11:35.8547287Z   28 |  import { useCommand } from "@/context/command";
e2e (windows)	Run app e2e tests	2026-10-01T22:11:35.8550645Z       at TransformPluginContext._formatLog (file:///D:/a/HuGR-Orchestra/HuGR-Orchestra/node_modules/vite/dist/node/chunks/dep-C6pp_iVS.js:31522:43)
e2e (windows)	Run app e2e tests	2026-10-01T22:11:35.8552694Z       at TransformPluginContext.error (file:///D:/a/HuGR-Orchestra/HuGR-Orchestra/node_modules/vite/dist/node/chunks/dep-C6pp_iVS.js:31519:14)
e2e (windows)	Run app e2e tests	2026-10-01T22:11:35.8553681Z       at normalizeUrl (file:///D:/a/HuGR-Orchestra/HuGR-Orchestra/node_modules/vite/dist/node/chunks/dep-C6pp_iVS.js:29991:18)
e2e (windows)	Run app e2e tests	2026-10-01T22:11:35.8554483Z       at processTicksAndRejections (node:internal/process/task_queues:104:5)
e2e (windows)	Run app e2e tests	2026-10-01T22:11:35.8555252Z       at file:///D:/a/HuGR-Orchestra/HuGR-Orchestra/node_modules/vite/dist/node/chunks/dep-C6pp_iVS.js:30049:32
e2e (windows)	Run app e2e tests	2026-10-01T22:11:35.8555943Z       at async Promise.all (index 24)
e2e (windows)	Run app e2e tests	2026-10-01T22:11:35.8556954Z       at TransformPluginContext.transform (file:///D:/a/HuGR-Orchestra/HuGR-Orchestra/node_modules/vite/dist/node/chunks/dep-C6pp_iVS.js:30017:4)
e2e (windows)	Run app e2e tests	2026-10-01T22:11:35.8559522Z       at EnvironmentPluginContainer.transform (file:///D:/a/HuGR-Orchestra/HuGR-Orchestra/node_modules/vite/dist/node/chunks/dep-C6pp_iVS.js:31320:14)
e2e (windows)	Run app e2e tests	2026-10-01T22:11:35.8562574Z       at loadAndTransform (file:///D:/a/HuGR-Orchestra/HuGR-Orchestra/node_modules/vite/dist/node/chunks/dep-C6pp_iVS.js:26407:26)
e2e (windows)	Run app e2e tests	2026-10-01T22:11:35.8565120Z 10:11:35 PM [vite] (client) Pre-transform error: Failed to resolve import "@/context/layout" from "src/components/titlebar.tsx". Does the file exist?
e2e (windows)	Run app e2e tests	2026-10-01T22:11:35.8566268Z
e2e (windows)	Run app e2e tests	2026-10-01T22:11:35.8566648Z   Plugin: vite:import-analysis
e2e (windows)	Run app e2e tests	2026-10-01T22:11:35.8567999Z   File: D:/a/HuGR-Orchestra/HuGR-Orchestra/packages/app/src/components/titlebar.tsx:26:66
e2e (windows)	Run app e2e tests	2026-10-01T22:11:35.8569280Z   24 |  import { TooltipV2 } from "@opencode-ai/ui/v2/tooltip-v2";
e2e (windows)	Run app e2e tests	2026-10-01T22:11:35.8570450Z   25 |  import { useTheme } from "@opencode-ai/ui/theme/context";
e2e (windows)	Run app e2e tests	2026-10-01T22:11:35.8571179Z   26 |  import { useLayout } from "@/context/layout";
e2e (windows)	Run app e2e tests	2026-10-01T22:11:35.8571779Z      |                             ^
e2e (windows)	Run app e2e tests	2026-10-01T22:11:35.8572844Z   27 |  import { usePlatform } from "@/context/platform";
e2e (windows)	Run app e2e tests	2026-10-01T22:11:35.8573693Z   28 |  import { useCommand } from "@/context/command";
e2e (windows)	Run app e2e tests	2026-10-01T22:11:36.0091855Z 10:11:36 PM [vite] (client) Pre-transform error: Failed to resolve import "@/desktop-menu" from "src/components/windows-app-menu.tsx". Does the file exist?
e2e (windows)	Run app e2e tests	2026-10-01T22:11:36.0093198Z
e2e (windows)	Run app e2e tests	2026-10-01T22:11:36.0093646Z   Plugin: vite:import-analysis
e2e (windows)	Run app e2e tests	2026-10-01T22:11:36.0094853Z   File: D:/a/HuGR-Orchestra/HuGR-Orchestra/packages/app/src/components/windows-app-menu.tsx:9:96
e2e (windows)	Run app e2e tests	2026-10-01T22:11:36.0097724Z   10 |  import { IconButtonV2 } from "@opencode-ai/ui/v2/icon-button-v2";
e2e (windows)	Run app e2e tests	2026-10-01T22:11:36.0099105Z   11 |  import { Icon as IconV2 } from "@opencode-ai/ui/v2/icon";
e2e (windows)	Run app e2e tests	2026-10-01T22:11:36.0100011Z   12 |  import { DESKTOP_MENU, desktopMenuVisible } from "@/desktop-menu";
e2e (windows)	Run app e2e tests	2026-10-01T22:11:36.0100785Z      |                                                    ^
e2e (windows)	Run app e2e tests	2026-10-01T22:11:36.0101390Z   13 |  import { useLanguage } from "@/context/language";
e2e (windows)	Run app e2e tests	2026-10-01T22:11:36.0122873Z   14 |  export function WindowsAppMenu(props) {
e2e (windows)	Run app e2e tests	2026-10-01T22:11:36.0149233Z 10:11:36 PM [vite] (client) Pre-transform error: Failed to resolve import "@/utils/path-key" from "src/components/titlebar-tab-order.ts". Does the file exist?
e2e (windows)	Run app e2e tests	2026-10-01T22:11:36.0151191Z
e2e (windows)	Run app e2e tests	2026-10-01T22:11:36.0151638Z   Plugin: vite:import-analysis
e2e (windows)	Run app e2e tests	2026-10-01T22:11:36.0153081Z   File: D:/a/HuGR-Orchestra/HuGR-Orchestra/packages/app/src/components/titlebar-tab-order.ts:1:24
e2e (windows)	Run app e2e tests	2026-10-01T22:11:36.0154647Z   1  |  import { pathKey } from "@/utils/path-key";
e2e (windows)	Run app e2e tests	2026-10-01T22:11:36.0155292Z      |                           ^
e2e (windows)	Run app e2e tests	2026-10-01T22:11:36.0155830Z   2  |  import { startTransition } from "solid-js";
e2e (windows)	Run app e2e tests	2026-10-01T22:11:36.0157398Z   3  |  export function closeProfileTab(input) {
e2e (windows)	Run app e2e tests	2026-10-01T22:11:46.9863456Z   6) [chromium] › e2e\orchestra\titlebar-native-frame.spec.ts:157:1 › cleanup cancels pending RAF, disconnects observers and blocks late IPC
e2e (windows)	Run app e2e tests	2026-10-01T22:11:46.9864520Z
e2e (windows)	Run app e2e tests	2026-10-01T22:11:46.9865395Z     Error: expect(locator).toHaveCount(expected) failed
e2e (windows)	Run app e2e tests	2026-10-01T22:11:46.9866092Z
e2e (windows)	Run app e2e tests	2026-10-01T22:11:46.9866540Z     Locator:  getByRole('banner', { name: 'Native titlebar fixture', exact: true })
e2e (windows)	Run app e2e tests	2026-10-01T22:11:46.9867312Z     Expected: 1
e2e (windows)	Run app e2e tests	2026-10-01T22:11:46.9867823Z     Received: 0
e2e (windows)	Run app e2e tests	2026-10-01T22:11:46.9868190Z     Timeout:  10000ms
e2e (windows)	Run app e2e tests	2026-10-01T22:11:46.9868441Z
e2e (windows)	Run app e2e tests	2026-10-01T22:11:46.9868590Z     Call log:
e2e (windows)	Run app e2e tests	2026-10-01T22:11:46.9869219Z       - Expect "toHaveCount" with timeout 10000ms
e2e (windows)	Run app e2e tests	2026-10-01T22:11:46.9870302Z       - waiting for getByRole('banner', { name: 'Native titlebar fixture', exact: true })
e2e (windows)	Run app e2e tests	2026-10-01T22:11:46.9871205Z         13 × locator resolved to 0 elements
e2e (windows)	Run app e2e tests	2026-10-01T22:11:46.9872149Z            - unexpected value "0"
e2e (windows)	Run app e2e tests	2026-10-01T22:11:46.9872471Z
e2e (windows)	Run app e2e tests	2026-10-01T22:11:46.9872481Z
e2e (windows)	Run app e2e tests	2026-10-01T22:11:46.9872871Z       56 |   expect(response!.ok(), "fixture response must succeed").toBe(true)
e2e (windows)	Run app e2e tests	2026-10-01T22:11:46.9873893Z       57 |   const header = page.getByRole("banner", { name: "Native titlebar fixture", exact: true })
e2e (windows)	Run app e2e tests	2026-10-01T22:11:46.9874397Z     > 58 |   await expect(header).toHaveCount(1)
e2e (windows)	Run app e2e tests	2026-10-01T22:11:46.9874700Z          |                        ^
e2e (windows)	Run app e2e tests	2026-10-01T22:11:46.9875086Z       59 |   await expect(header).toBeVisible()
e2e (windows)	Run app e2e tests	2026-10-01T22:11:46.9876450Z       60 |   await expect.poll(() => page.evaluate(() => typeof window.nativeFrameFixture?.settled)).toBe("function")
e2e (windows)	Run app e2e tests	2026-10-01T22:11:46.9878602Z       61 |   await settled(page)
e2e (windows)	Run app e2e tests	2026-10-01T22:11:46.9879426Z         at open (D:\a\HuGR-Orchestra\HuGR-Orchestra\packages\app\e2e\orchestra\titlebar-native-frame.spec.ts:58:24)
e2e (windows)	Run app e2e tests	2026-10-01T22:11:46.9880268Z         at D:\a\HuGR-Orchestra\HuGR-Orchestra\packages\app\e2e\orchestra\titlebar-native-frame.spec.ts:46:3
e2e (windows)	Run app e2e tests	2026-10-01T22:11:46.9880699Z
e2e (windows)	Run app e2e tests	2026-10-01T22:11:46.9881242Z     attachment #1: screenshot (image/png) ──────────────────────────────────────────────────────────
e2e (windows)	Run app e2e tests	2026-10-01T22:11:46.9882153Z     e2e\test-results\orchestra-titlebar-native--c8fda-servers-and-blocks-late-IPC-chromium\test-failed-1.png
e2e (windows)	Run app e2e tests	2026-10-01T22:11:46.9882948Z     ────────────────────────────────────────────────────────────────────────────────────────────────
e2e (windows)	Run app e2e tests	2026-10-01T22:11:46.9883246Z
e2e (windows)	Run app e2e tests	2026-10-01T22:11:46.9883607Z     attachment #2: video (video/webm) ──────────────────────────────────────────────────────────────
e2e (windows)	Run app e2e tests	2026-10-01T22:11:46.9884320Z     e2e\test-results\orchestra-titlebar-native--c8fda-servers-and-blocks-late-IPC-chromium\video.webm
e2e (windows)	Run app e2e tests	2026-10-01T22:11:46.9885070Z     ────────────────────────────────────────────────────────────────────────────────────────────────
e2e (windows)	Run app e2e tests	2026-10-01T22:11:46.9885348Z
e2e (windows)	Run app e2e tests	2026-10-01T22:11:46.9885833Z     Error Context: e2e\test-results\orchestra-titlebar-native--c8fda-servers-and-blocks-late-IPC-chromium\error-context.md
e2e (windows)	Run app e2e tests	2026-10-01T22:11:46.9886352Z
e2e (windows)	Run app e2e tests	2026-10-01T22:11:46.9886830Z     Error Context: e2e\test-results\orchestra-titlebar-native--c8fda-servers-and-blocks-late-IPC-chromium\error-context.md
e2e (windows)	Run app e2e tests	2026-10-01T22:11:46.9887348Z
e2e (windows)	Run app e2e tests	2026-10-01T22:11:46.9887695Z     Retry #1 ───────────────────────────────────────────────────────────────────────────────────────
e2e (windows)	Run app e2e tests	2026-10-01T22:11:46.9887984Z
e2e (windows)	Run app e2e tests	2026-10-01T22:11:46.9888400Z     Error: expect(locator).toHaveCount(expected) failed
e2e (windows)	Run app e2e tests	2026-10-01T22:11:46.9888885Z
e2e (windows)	Run app e2e tests	2026-10-01T22:11:46.9889292Z     Locator:  getByRole('banner', { name: 'Native titlebar fixture', exact: true })
e2e (windows)	Run app e2e tests	2026-10-01T22:11:46.9890051Z     Expected: 1
e2e (windows)	Run app e2e tests	2026-10-01T22:11:46.9890448Z     Received: 0
e2e (windows)	Run app e2e tests	2026-10-01T22:11:46.9890789Z     Timeout:  10000ms
e2e (windows)	Run app e2e tests	2026-10-01T22:11:46.9890984Z
e2e (windows)	Run app e2e tests	2026-10-01T22:11:46.9891109Z     Call log:
e2e (windows)	Run app e2e tests	2026-10-01T22:11:46.9891886Z       - Expect "toHaveCount" with timeout 10000ms
e2e (windows)	Run app e2e tests	2026-10-01T22:11:46.9892810Z       - waiting for getByRole('banner', { name: 'Native titlebar fixture', exact: true })
e2e (windows)	Run app e2e tests	2026-10-01T22:11:46.9893943Z         13 × locator resolved to 0 elements
e2e (windows)	Run app e2e tests	2026-10-01T22:11:46.9894518Z            - unexpected value "0"
e2e (windows)	Run app e2e tests	2026-10-01T22:11:46.9894814Z
e2e (windows)	Run app e2e tests	2026-10-01T22:11:46.9894824Z
e2e (windows)	Run app e2e tests	2026-10-01T22:11:46.9895184Z       56 |   expect(response!.ok(), "fixture response must succeed").toBe(true)
e2e (windows)	Run app e2e tests	2026-10-01T22:11:46.9896182Z       57 |   const header = page.getByRole("banner", { name: "Native titlebar fixture", exact: true })
e2e (windows)	Run app e2e tests	2026-10-01T22:11:46.9897009Z     > 58 |   await expect(header).toHaveCount(1)
e2e (windows)	Run app e2e tests	2026-10-01T22:11:46.9897493Z          |                        ^
e2e (windows)	Run app e2e tests	2026-10-01T22:11:46.9898140Z       59 |   await expect(header).toBeVisible()
e2e (windows)	Run app e2e tests	2026-10-01T22:11:46.9899094Z       60 |   await expect.poll(() => page.evaluate(() => typeof window.nativeFrameFixture?.settled)).toBe("function")
e2e (windows)	Run app e2e tests	2026-10-01T22:11:46.9899976Z       61 |   await settled(page)
e2e (windows)	Run app e2e tests	2026-10-01T22:11:46.9900900Z         at open (D:\a\HuGR-Orchestra\HuGR-Orchestra\packages\app\e2e\orchestra\titlebar-native-frame.spec.ts:58:24)
e2e (windows)	Run app e2e tests	2026-10-01T22:11:46.9902230Z         at D:\a\HuGR-Orchestra\HuGR-Orchestra\packages\app\e2e\orchestra\titlebar-native-frame.spec.ts:46:3
e2e (windows)	Run app e2e tests	2026-10-01T22:11:46.9902930Z
e2e (windows)	Run app e2e tests	2026-10-01T22:11:46.9903586Z     attachment #1: screenshot (image/png) ──────────────────────────────────────────────────────────
e2e (windows)	Run app e2e tests	2026-10-01T22:11:46.9904989Z     e2e\test-results\orchestra-titlebar-native--c8fda-servers-and-blocks-late-IPC-chromium-retry1\test-failed-1.png
e2e (windows)	Run app e2e tests	2026-10-01T22:11:46.9910896Z     ────────────────────────────────────────────────────────────────────────────────────────────────
e2e (windows)	Run app e2e tests	2026-10-01T22:11:46.9911480Z
e2e (windows)	Run app e2e tests	2026-10-01T22:11:46.9912202Z     attachment #2: video (video/webm) ──────────────────────────────────────────────────────────────
e2e (windows)	Run app e2e tests	2026-10-01T22:11:46.9913789Z     e2e\test-results\orchestra-titlebar-native--c8fda-servers-and-blocks-late-IPC-chromium-retry1\video.webm
e2e (windows)	Run app e2e tests	2026-10-01T22:11:46.9915257Z     ────────────────────────────────────────────────────────────────────────────────────────────────
e2e (windows)	Run app e2e tests	2026-10-01T22:11:46.9915751Z
e2e (windows)	Run app e2e tests	2026-10-01T22:11:46.9916677Z     Error Context: e2e\test-results\orchestra-titlebar-native--c8fda-servers-and-blocks-late-IPC-chromium-retry1\error-context.md
e2e (windows)	Run app e2e tests	2026-10-01T22:11:46.9917676Z
e2e (windows)	Run app e2e tests	2026-10-01T22:11:46.9918576Z     Error Context: e2e\test-results\orchestra-titlebar-native--c8fda-servers-and-blocks-late-IPC-chromium-retry1\error-context.md
e2e (windows)	Run app e2e tests	2026-10-01T22:11:46.9919550Z
e2e (windows)	Run app e2e tests	2026-10-01T22:11:46.9920217Z     attachment #5: trace (application/zip) ─────────────────────────────────────────────────────────
e2e (windows)	Run app e2e tests	2026-10-01T22:11:46.9921582Z     e2e\test-results\orchestra-titlebar-native--c8fda-servers-and-blocks-late-IPC-chromium-retry1\trace.zip
e2e (windows)	Run app e2e tests	2026-10-01T22:11:46.9922574Z     Usage:
e2e (windows)	Run app e2e tests	2026-10-01T22:11:46.9922753Z
e2e (windows)	Run app e2e tests	2026-10-01T22:11:46.9923711Z         npx playwright show-trace e2e\test-results\orchestra-titlebar-native--c8fda-servers-and-blocks-late-IPC-chromium-retry1\trace.zip
e2e (windows)	Run app e2e tests	2026-10-01T22:11:46.9925074Z
e2e (windows)	Run app e2e tests	2026-10-01T22:11:46.9925634Z     ────────────────────────────────────────────────────────────────────────────────────────────────
e2e (windows)	Run app e2e tests	2026-10-01T22:11:46.9926132Z
e2e (windows)	Run app e2e tests	2026-10-01T22:11:46.9926688Z     Retry #2 ───────────────────────────────────────────────────────────────────────────────────────
e2e (windows)	Run app e2e tests	2026-10-01T22:11:46.9927189Z
e2e (windows)	Run app e2e tests	2026-10-01T22:11:46.9927902Z     Error: expect(locator).toHaveCount(expected) failed
e2e (windows)	Run app e2e tests	2026-10-01T22:11:46.9928575Z
e2e (windows)	Run app e2e tests	2026-10-01T22:11:46.9929005Z     Locator:  getByRole('banner', { name: 'Native titlebar fixture', exact: true })
e2e (windows)	Run app e2e tests	2026-10-01T22:11:46.9929977Z     Expected: 1
e2e (windows)	Run app e2e tests	2026-10-01T22:11:46.9930669Z     Received: 0
e2e (windows)	Run app e2e tests	2026-10-01T22:11:46.9931040Z     Timeout:  10000ms
e2e (windows)	Run app e2e tests	2026-10-01T22:11:46.9931508Z
e2e (windows)	Run app e2e tests	2026-10-01T22:11:46.9931649Z     Call log:
e2e (windows)	Run app e2e tests	2026-10-01T22:11:46.9932239Z       - Expect "toHaveCount" with timeout 10000ms
e2e (windows)	Run app e2e tests	2026-10-01T22:11:46.9933250Z       - waiting for getByRole('banner', { name: 'Native titlebar fixture', exact: true })
e2e (windows)	Run app e2e tests	2026-10-01T22:11:46.9934450Z         13 × locator resolved to 0 elements
e2e (windows)	Run app e2e tests	2026-10-01T22:11:46.9935082Z            - unexpected value "0"
e2e (windows)	Run app e2e tests	2026-10-01T22:11:46.9935398Z
e2e (windows)	Run app e2e tests	2026-10-01T22:11:46.9935408Z
e2e (windows)	Run app e2e tests	2026-10-01T22:11:46.9935783Z       56 |   expect(response!.ok(), "fixture response must succeed").toBe(true)
e2e (windows)	Run app e2e tests	2026-10-01T22:11:46.9936811Z       57 |   const header = page.getByRole("banner", { name: "Native titlebar fixture", exact: true })
e2e (windows)	Run app e2e tests	2026-10-01T22:11:46.9937650Z     > 58 |   await expect(header).toHaveCount(1)
e2e (windows)	Run app e2e tests	2026-10-01T22:11:46.9938148Z          |                        ^
e2e (windows)	Run app e2e tests	2026-10-01T22:11:46.9938642Z       59 |   await expect(header).toBeVisible()
e2e (windows)	Run app e2e tests	2026-10-01T22:11:46.9939619Z       60 |   await expect.poll(() => page.evaluate(() => typeof window.nativeFrameFixture?.settled)).toBe("function")
e2e (windows)	Run app e2e tests	2026-10-01T22:11:46.9940510Z       61 |   await settled(page)
e2e (windows)	Run app e2e tests	2026-10-01T22:11:46.9941453Z         at open (D:\a\HuGR-Orchestra\HuGR-Orchestra\packages\app\e2e\orchestra\titlebar-native-frame.spec.ts:58:24)
e2e (windows)	Run app e2e tests	2026-10-01T22:11:46.9942812Z         at D:\a\HuGR-Orchestra\HuGR-Orchestra\packages\app\e2e\orchestra\titlebar-native-frame.spec.ts:46:3
e2e (windows)	Run app e2e tests	2026-10-01T22:11:46.9943525Z
e2e (windows)	Run app e2e tests	2026-10-01T22:11:46.9944191Z     attachment #1: screenshot (image/png) ──────────────────────────────────────────────────────────
e2e (windows)	Run app e2e tests	2026-10-01T22:11:46.9945622Z     e2e\test-results\orchestra-titlebar-native--c8fda-servers-and-blocks-late-IPC-chromium-retry2\test-failed-1.png
e2e (windows)	Run app e2e tests	2026-10-01T22:11:46.9948158Z     ────────────────────────────────────────────────────────────────────────────────────────────────
e2e (windows)	Run app e2e tests	2026-10-01T22:11:46.9948715Z
e2e (windows)	Run app e2e tests	2026-10-01T22:11:46.9949420Z     attachment #2: video (video/webm) ──────────────────────────────────────────────────────────────
e2e (windows)	Run app e2e tests	2026-10-01T22:11:46.9950853Z     e2e\test-results\orchestra-titlebar-native--c8fda-servers-and-blocks-late-IPC-chromium-retry2\video.webm
e2e (windows)	Run app e2e tests	2026-10-01T22:11:46.9952441Z     ────────────────────────────────────────────────────────────────────────────────────────────────
e2e (windows)	Run app e2e tests	2026-10-01T22:11:46.9952989Z
e2e (windows)	Run app e2e tests	2026-10-01T22:11:46.9954217Z     Error Context: e2e\test-results\orchestra-titlebar-native--c8fda-servers-and-blocks-late-IPC-chromium-retry2\error-context.md
e2e (windows)	Run app e2e tests	2026-10-01T22:11:46.9955236Z
e2e (windows)	Run app e2e tests	2026-10-01T22:11:46.9956206Z     Error Context: e2e\test-results\orchestra-titlebar-native--c8fda-servers-and-blocks-late-IPC-chromium-retry2\error-context.md
e2e (windows)	Run app e2e tests	2026-10-01T22:11:46.9957256Z
e2e (windows)	Run app e2e tests	2026-10-01T22:11:46.9957269Z
e2e (windows)	Run app e2e tests	2026-10-01T22:11:48.5345606Z [29/124] [chromium] › e2e\orchestra\titlebar-native-frame.spec.ts:171:1 › hidden connected header clears native frame and restores measured placement
e2e (windows)	Run app e2e tests	2026-10-01T22:11:49.5592479Z [chromium] › e2e\orchestra\titlebar-native-frame.spec.ts:171:1 › hidden connected header clears native frame and restores measured placement
e2e (windows)	Run app e2e tests	2026-10-01T22:11:49.5593594Z
e2e (windows)	Run app e2e tests	2026-10-01T22:11:49.5594613Z 10:11:49 PM [vite] Internal server error: Failed to resolve import "@/context/layout" from "src/components/titlebar.tsx". Does the file exist?
e2e (windows)	Run app e2e tests	2026-10-01T22:11:49.5595669Z   Plugin: vite:import-analysis
e2e (windows)	Run app e2e tests	2026-10-01T22:11:49.5596640Z   File: D:/a/HuGR-Orchestra/HuGR-Orchestra/packages/app/src/components/titlebar.tsx:26:66
e2e (windows)	Run app e2e tests	2026-10-01T22:11:49.5597814Z   24 |  import { TooltipV2 } from "@opencode-ai/ui/v2/tooltip-v2";
e2e (windows)	Run app e2e tests	2026-10-01T22:11:49.5599355Z   25 |  import { useTheme } from "@opencode-ai/ui/theme/context";
e2e (windows)	Run app e2e tests	2026-10-01T22:11:49.5600815Z   26 |  import { useLayout } from "@/context/layout";
e2e (windows)	Run app e2e tests	2026-10-01T22:11:49.5601416Z      |                             ^
e2e (windows)	Run app e2e tests	2026-10-01T22:11:49.5601992Z   27 |  import { usePlatform } from "@/context/platform";
e2e (windows)	Run app e2e tests	2026-10-01T22:11:49.5603123Z   28 |  import { useCommand } from "@/context/command";
e2e (windows)	Run app e2e tests	2026-10-01T22:11:49.5605496Z       at TransformPluginContext._formatLog (file:///D:/a/HuGR-Orchestra/HuGR-Orchestra/node_modules/vite/dist/node/chunks/dep-C6pp_iVS.js:31522:43)
e2e (windows)	Run app e2e tests	2026-10-01T22:11:49.5615399Z       at TransformPluginContext.error (file:///D:/a/HuGR-Orchestra/HuGR-Orchestra/node_modules/vite/dist/node/chunks/dep-C6pp_iVS.js:31519:14)
e2e (windows)	Run app e2e tests	2026-10-01T22:11:49.5619644Z       at normalizeUrl (file:///D:/a/HuGR-Orchestra/HuGR-Orchestra/node_modules/vite/dist/node/chunks/dep-C6pp_iVS.js:29991:18)
e2e (windows)	Run app e2e tests	2026-10-01T22:11:49.5620415Z       at processTicksAndRejections (node:internal/process/task_queues:104:5)
e2e (windows)	Run app e2e tests	2026-10-01T22:11:49.5621293Z       at file:///D:/a/HuGR-Orchestra/HuGR-Orchestra/node_modules/vite/dist/node/chunks/dep-C6pp_iVS.js:30049:32
e2e (windows)	Run app e2e tests	2026-10-01T22:11:49.5621847Z       at async Promise.all (index 24)
e2e (windows)	Run app e2e tests	2026-10-01T22:11:49.5622543Z       at TransformPluginContext.transform (file:///D:/a/HuGR-Orchestra/HuGR-Orchestra/node_modules/vite/dist/node/chunks/dep-C6pp_iVS.js:30017:4)
e2e (windows)	Run app e2e tests	2026-10-01T22:11:49.5624325Z       at EnvironmentPluginContainer.transform (file:///D:/a/HuGR-Orchestra/HuGR-Orchestra/node_modules/vite/dist/node/chunks/dep-C6pp_iVS.js:31320:14)
e2e (windows)	Run app e2e tests	2026-10-01T22:11:49.5626154Z       at loadAndTransform (file:///D:/a/HuGR-Orchestra/HuGR-Orchestra/node_modules/vite/dist/node/chunks/dep-C6pp_iVS.js:26407:26)
e2e (windows)	Run app e2e tests	2026-10-01T22:11:49.5628023Z 10:11:49 PM [vite] (client) Pre-transform error: Failed to resolve import "@/context/layout" from "src/components/titlebar.tsx". Does the file exist?
e2e (windows)	Run app e2e tests	2026-10-01T22:11:49.5629036Z   Plugin: vite:import-analysis
e2e (windows)	Run app e2e tests	2026-10-01T22:11:49.5630021Z   File: D:/a/HuGR-Orchestra/HuGR-Orchestra/packages/app/src/components/titlebar.tsx:26:66
e2e (windows)	Run app e2e tests	2026-10-01T22:11:49.5631099Z   24 |  import { TooltipV2 } from "@opencode-ai/ui/v2/tooltip-v2";
e2e (windows)	Run app e2e tests	2026-10-01T22:11:49.5631648Z   25 |  import { useTheme } from "@opencode-ai/ui/theme/context";
e2e (windows)	Run app e2e tests	2026-10-01T22:11:49.5632063Z   26 |  import { useLayout } from "@/context/layout";
e2e (windows)	Run app e2e tests	2026-10-01T22:11:49.5632376Z      |                             ^
e2e (windows)	Run app e2e tests	2026-10-01T22:11:49.5632706Z   27 |  import { usePlatform } from "@/context/platform";
e2e (windows)	Run app e2e tests	2026-10-01T22:11:49.5633475Z   28 |  import { useCommand } from "@/context/command";
e2e (windows)	Run app e2e tests	2026-10-01T22:11:49.5633776Z
e2e (windows)	Run app e2e tests	2026-10-01T22:11:49.7232063Z 10:11:49 PM [vite] (client) Pre-transform error: Failed to resolve import "@/utils/path-key" from "src/components/titlebar-tab-order.ts". Does the file exist?
e2e (windows)	Run app e2e tests	2026-10-01T22:11:49.7235057Z   Plugin: vite:import-analysis
e2e (windows)	Run app e2e tests	2026-10-01T22:11:49.7236991Z   File: D:/a/HuGR-Orchestra/HuGR-Orchestra/packages/app/src/components/titlebar-tab-order.ts:1:24
e2e (windows)	Run app e2e tests	2026-10-01T22:11:49.7238247Z   1  |  import { pathKey } from "@/utils/path-key";
e2e (windows)	Run app e2e tests	2026-10-01T22:11:49.7238815Z      |                           ^
e2e (windows)	Run app e2e tests	2026-10-01T22:11:49.7239361Z   2  |  import { startTransition } from "solid-js";
e2e (windows)	Run app e2e tests	2026-10-01T22:11:49.7240076Z   3  |  export function closeProfileTab(input) {
e2e (windows)	Run app e2e tests	2026-10-01T22:11:49.7240865Z
e2e (windows)	Run app e2e tests	2026-10-01T22:11:49.7379326Z 10:11:49 PM [vite] (client) Pre-transform error: Failed to resolve import "@/desktop-menu" from "src/components/windows-app-menu.tsx". Does the file exist?
e2e (windows)	Run app e2e tests	2026-10-01T22:11:49.7381636Z   Plugin: vite:import-analysis
e2e (windows)	Run app e2e tests	2026-10-01T22:11:49.7384562Z   File: D:/a/HuGR-Orchestra/HuGR-Orchestra/packages/app/src/components/windows-app-menu.tsx:9:96
e2e (windows)	Run app e2e tests	2026-10-01T22:11:49.7385742Z   10 |  import { IconButtonV2 } from "@opencode-ai/ui/v2/icon-button-v2";
e2e (windows)	Run app e2e tests	2026-10-01T22:11:49.7386542Z   11 |  import { Icon as IconV2 } from "@opencode-ai/ui/v2/icon";
e2e (windows)	Run app e2e tests	2026-10-01T22:11:49.7387148Z   12 |  import { DESKTOP_MENU, desktopMenuVisible } from "@/desktop-menu";
e2e (windows)	Run app e2e tests	2026-10-01T22:11:49.7387914Z      |                                                    ^
e2e (windows)	Run app e2e tests	2026-10-01T22:11:49.7388901Z   13 |  import { useLanguage } from "@/context/language";
e2e (windows)	Run app e2e tests	2026-10-01T22:11:49.7389650Z   14 |  export function WindowsAppMenu(props) {
e2e (windows)	Run app e2e tests	2026-10-01T22:11:49.7389917Z
e2e (windows)	Run app e2e tests	2026-10-01T22:12:02.2377733Z [30/124] (retries) [chromium] › e2e\orchestra\titlebar-native-frame.spec.ts:171:1 › hidden connected header clears native frame and restores measured placement (retry #1)
e2e (windows)	Run app e2e tests	2026-10-01T22:12:03.3012021Z 10:12:03 PM [vite] Internal server error: Failed to resolve import "@/context/layout" from "src/components/titlebar.tsx". Does the file exist?
e2e (windows)	Run app e2e tests	2026-10-01T22:12:03.3013268Z
e2e (windows)	Run app e2e tests	2026-10-01T22:12:03.3013662Z   Plugin: vite:import-analysis
e2e (windows)	Run app e2e tests	2026-10-01T22:12:03.3014707Z   File: D:/a/HuGR-Orchestra/HuGR-Orchestra/packages/app/src/components/titlebar.tsx:26:66
e2e (windows)	Run app e2e tests	2026-10-01T22:12:03.3015938Z   24 |  import { TooltipV2 } from "@opencode-ai/ui/v2/tooltip-v2";
e2e (windows)	Run app e2e tests	2026-10-01T22:12:03.3016744Z   25 |  import { useTheme } from "@opencode-ai/ui/theme/context";
e2e (windows)	Run app e2e tests	2026-10-01T22:12:03.3017418Z   26 |  import { useLayout } from "@/context/layout";
e2e (windows)	Run app e2e tests	2026-10-01T22:12:03.3017962Z      |                             ^
e2e (windows)	Run app e2e tests	2026-10-01T22:12:03.3018551Z   27 |  import { usePlatform } from "@/context/platform";
e2e (windows)	Run app e2e tests	2026-10-01T22:12:03.3019422Z   28 |  import { useCommand } from "@/context/command";
e2e (windows)	Run app e2e tests	2026-10-01T22:12:03.3023178Z       at TransformPluginContext._formatLog (file:///D:/a/HuGR-Orchestra/HuGR-Orchestra/node_modules/vite/dist/node/chunks/dep-C6pp_iVS.js:31522:43)
e2e (windows)	Run app e2e tests	2026-10-01T22:12:03.3026710Z       at TransformPluginContext.error (file:///D:/a/HuGR-Orchestra/HuGR-Orchestra/node_modules/vite/dist/node/chunks/dep-C6pp_iVS.js:31519:14)
e2e (windows)	Run app e2e tests	2026-10-01T22:12:03.3030048Z       at normalizeUrl (file:///D:/a/HuGR-Orchestra/HuGR-Orchestra/node_modules/vite/dist/node/chunks/dep-C6pp_iVS.js:29991:18)
e2e (windows)	Run app e2e tests	2026-10-01T22:12:03.3031396Z       at processTicksAndRejections (node:internal/process/task_queues:104:5)
e2e (windows)	Run app e2e tests	2026-10-01T22:12:03.3038142Z       at file:///D:/a/HuGR-Orchestra/HuGR-Orchestra/node_modules/vite/dist/node/chunks/dep-C6pp_iVS.js:30049:32
e2e (windows)	Run app e2e tests	2026-10-01T22:12:03.3040005Z       at async Promise.all (index 24)
e2e (windows)	Run app e2e tests	2026-10-01T22:12:03.3042501Z       at TransformPluginContext.transform (file:///D:/a/HuGR-Orchestra/HuGR-Orchestra/node_modules/vite/dist/node/chunks/dep-C6pp_iVS.js:30017:4)
e2e (windows)	Run app e2e tests	2026-10-01T22:12:03.3045267Z       at EnvironmentPluginContainer.transform (file:///D:/a/HuGR-Orchestra/HuGR-Orchestra/node_modules/vite/dist/node/chunks/dep-C6pp_iVS.js:31320:14)
e2e (windows)	Run app e2e tests	2026-10-01T22:12:03.3046861Z       at loadAndTransform (file:///D:/a/HuGR-Orchestra/HuGR-Orchestra/node_modules/vite/dist/node/chunks/dep-C6pp_iVS.js:26407:26)
e2e (windows)	Run app e2e tests	2026-10-01T22:12:03.3049861Z 10:12:03 PM [vite] (client) Pre-transform error: Failed to resolve import "@/context/layout" from "src/components/titlebar.tsx". Does the file exist?
e2e (windows)	Run app e2e tests	2026-10-01T22:12:03.3051997Z   Plugin: vite:import-analysis
e2e (windows)	Run app e2e tests	2026-10-01T22:12:03.3052694Z   File: D:/a/HuGR-Orchestra/HuGR-Orchestra/packages/app/src/components/titlebar.tsx:26:66
e2e (windows)	Run app e2e tests	2026-10-01T22:12:03.3053402Z   24 |  import { TooltipV2 } from "@opencode-ai/ui/v2/tooltip-v2";
e2e (windows)	Run app e2e tests	2026-10-01T22:12:03.3054214Z   25 |  import { useTheme } from "@opencode-ai/ui/theme/context";
e2e (windows)	Run app e2e tests	2026-10-01T22:12:03.3054929Z   26 |  import { useLayout } from "@/context/layout";
e2e (windows)	Run app e2e tests	2026-10-01T22:12:03.3055252Z      |                             ^
e2e (windows)	Run app e2e tests	2026-10-01T22:12:03.3055706Z   27 |  import { usePlatform } from "@/context/platform";
e2e (windows)	Run app e2e tests	2026-10-01T22:12:03.3056194Z   28 |  import { useCommand } from "@/context/command";
e2e (windows)	Run app e2e tests	2026-10-01T22:12:03.3056453Z
e2e (windows)	Run app e2e tests	2026-10-01T22:12:03.4477302Z 10:12:03 PM [vite] (client) Pre-transform error: Failed to resolve import "@/desktop-menu" from "src/components/windows-app-menu.tsx". Does the file exist?
e2e (windows)	Run app e2e tests	2026-10-01T22:12:03.4479027Z   Plugin: vite:import-analysis
e2e (windows)	Run app e2e tests	2026-10-01T22:12:03.4480683Z   File: D:/a/HuGR-Orchestra/HuGR-Orchestra/packages/app/src/components/windows-app-menu.tsx:9:96
e2e (windows)	Run app e2e tests	2026-10-01T22:12:03.4482019Z   10 |  import { IconButtonV2 } from "@opencode-ai/ui/v2/icon-button-v2";
e2e (windows)	Run app e2e tests	2026-10-01T22:12:03.4482912Z   11 |  import { Icon as IconV2 } from "@opencode-ai/ui/v2/icon";
e2e (windows)	Run app e2e tests	2026-10-01T22:12:03.4483772Z   12 |  import { DESKTOP_MENU, desktopMenuVisible } from "@/desktop-menu";
e2e (windows)	Run app e2e tests	2026-10-01T22:12:03.4484554Z      |                                                    ^
e2e (windows)	Run app e2e tests	2026-10-01T22:12:03.4485181Z   13 |  import { useLanguage } from "@/context/language";
e2e (windows)	Run app e2e tests	2026-10-01T22:12:03.4485978Z   14 |  export function WindowsAppMenu(props) {
e2e (windows)	Run app e2e tests	2026-10-01T22:12:03.4486393Z
e2e (windows)	Run app e2e tests	2026-10-01T22:12:03.4535238Z 10:12:03 PM [vite] (client) Pre-transform error: Failed to resolve import "@/utils/path-key" from "src/components/titlebar-tab-order.ts". Does the file exist?
e2e (windows)	Run app e2e tests	2026-10-01T22:12:03.4537572Z   Plugin: vite:import-analysis
e2e (windows)	Run app e2e tests	2026-10-01T22:12:03.4541432Z   File: D:/a/HuGR-Orchestra/HuGR-Orchestra/packages/app/src/components/titlebar-tab-order.ts:1:24
e2e (windows)	Run app e2e tests	2026-10-01T22:12:03.4543151Z   1  |  import { pathKey } from "@/utils/path-key";
e2e (windows)	Run app e2e tests	2026-10-01T22:12:03.4543770Z      |                           ^
e2e (windows)	Run app e2e tests	2026-10-01T22:12:03.4544299Z   2  |  import { startTransition } from "solid-js";
e2e (windows)	Run app e2e tests	2026-10-01T22:12:03.4545872Z   3  |  export function closeProfileTab(input) {
e2e (windows)	Run app e2e tests	2026-10-01T22:12:03.4546297Z
e2e (windows)	Run app e2e tests	2026-10-01T22:12:16.2643500Z [31/124] (retries) [chromium] › e2e\orchestra\titlebar-native-frame.spec.ts:171:1 › hidden connected header clears native frame and restores measured placement (retry #2)
e2e (windows)	Run app e2e tests	2026-10-01T22:12:17.3001879Z 10:12:17 PM [vite] Internal server error: Failed to resolve import "@/context/layout" from "src/components/titlebar.tsx". Does the file exist?
e2e (windows)	Run app e2e tests	2026-10-01T22:12:17.3002814Z   Plugin: vite:import-analysis
e2e (windows)	Run app e2e tests	2026-10-01T22:12:17.3003492Z   File: D:/a/HuGR-Orchestra/HuGR-Orchestra/packages/app/src/components/titlebar.tsx:26:66
e2e (windows)	Run app e2e tests	2026-10-01T22:12:17.3004188Z   24 |  import { TooltipV2 } from "@opencode-ai/ui/v2/tooltip-v2";
e2e (windows)	Run app e2e tests	2026-10-01T22:12:17.3004669Z   25 |  import { useTheme } from "@opencode-ai/ui/theme/context";
e2e (windows)	Run app e2e tests	2026-10-01T22:12:17.3005069Z   26 |  import { useLayout } from "@/context/layout";
e2e (windows)	Run app e2e tests	2026-10-01T22:12:17.3005383Z      |                             ^
e2e (windows)	Run app e2e tests	2026-10-01T22:12:17.3005705Z   27 |  import { usePlatform } from "@/context/platform";
e2e (windows)	Run app e2e tests	2026-10-01T22:12:17.3006460Z   28 |  import { useCommand } from "@/context/command";
e2e (windows)	Run app e2e tests	2026-10-01T22:12:17.3007646Z       at TransformPluginContext._formatLog (file:///D:/a/HuGR-Orchestra/HuGR-Orchestra/node_modules/vite/dist/node/chunks/dep-C6pp_iVS.js:31522:43)
e2e (windows)	Run app e2e tests	2026-10-01T22:12:17.3010561Z       at TransformPluginContext.error (file:///D:/a/HuGR-Orchestra/HuGR-Orchestra/node_modules/vite/dist/node/chunks/dep-C6pp_iVS.js:31519:14)
e2e (windows)	Run app e2e tests	2026-10-01T22:12:17.3012626Z       at normalizeUrl (file:///D:/a/HuGR-Orchestra/HuGR-Orchestra/node_modules/vite/dist/node/chunks/dep-C6pp_iVS.js:29991:18)
e2e (windows)	Run app e2e tests	2026-10-01T22:12:17.3013851Z       at processTicksAndRejections (node:internal/process/task_queues:104:5)
e2e (windows)	Run app e2e tests	2026-10-01T22:12:17.3016143Z       at file:///D:/a/HuGR-Orchestra/HuGR-Orchestra/node_modules/vite/dist/node/chunks/dep-C6pp_iVS.js:30049:32
e2e (windows)	Run app e2e tests	2026-10-01T22:12:17.3017069Z       at async Promise.all (index 24)
e2e (windows)	Run app e2e tests	2026-10-01T22:12:17.3018359Z
e2e (windows)	Run app e2e tests	2026-10-01T22:12:17.3019996Z       at TransformPluginContext.transform (file:///D:/a/HuGR-Orchestra/HuGR-Orchestra/node_modules/vite/dist/node/chunks/dep-C6pp_iVS.js:30017:4)
e2e (windows)	Run app e2e tests	2026-10-01T22:12:17.3026254Z       at EnvironmentPluginContainer.transform (file:///D:/a/HuGR-Orchestra/HuGR-Orchestra/node_modules/vite/dist/node/chunks/dep-C6pp_iVS.js:31320:14)
e2e (windows)	Run app e2e tests	2026-10-01T22:12:17.3029241Z       at loadAndTransform (file:///D:/a/HuGR-Orchestra/HuGR-Orchestra/node_modules/vite/dist/node/chunks/dep-C6pp_iVS.js:26407:26)
e2e (windows)	Run app e2e tests	2026-10-01T22:12:17.3032072Z 10:12:17 PM [vite] (client) Pre-transform error: Failed to resolve import "@/context/layout" from "src/components/titlebar.tsx". Does the file exist?
e2e (windows)	Run app e2e tests	2026-10-01T22:12:17.3035198Z   Plugin: vite:import-analysis
e2e (windows)	Run app e2e tests	2026-10-01T22:12:17.3036620Z   File: D:/a/HuGR-Orchestra/HuGR-Orchestra/packages/app/src/components/titlebar.tsx:26:66
e2e (windows)	Run app e2e tests	2026-10-01T22:12:17.3037925Z   24 |  import { TooltipV2 } from "@opencode-ai/ui/v2/tooltip-v2";
e2e (windows)	Run app e2e tests	2026-10-01T22:12:17.3038742Z   25 |  import { useTheme } from "@opencode-ai/ui/theme/context";
e2e (windows)	Run app e2e tests	2026-10-01T22:12:17.3039423Z   26 |  import { useLayout } from "@/context/layout";
e2e (windows)	Run app e2e tests	2026-10-01T22:12:17.3039991Z      |                             ^
e2e (windows)	Run app e2e tests	2026-10-01T22:12:17.3040529Z   27 |  import { usePlatform } from "@/context/platform";
e2e (windows)	Run app e2e tests	2026-10-01T22:12:17.3041364Z   28 |  import { useCommand } from "@/context/command";
e2e (windows)	Run app e2e tests	2026-10-01T22:12:17.3042184Z
e2e (windows)	Run app e2e tests	2026-10-01T22:12:17.5102194Z 10:12:17 PM [vite] (client) Pre-transform error: Failed to resolve import "@/desktop-menu" from "src/components/windows-app-menu.tsx". Does the file exist?
e2e (windows)	Run app e2e tests	2026-10-01T22:12:17.5104307Z
e2e (windows)	Run app e2e tests	2026-10-01T22:12:17.5104780Z   Plugin: vite:import-analysis
e2e (windows)	Run app e2e tests	2026-10-01T22:12:17.5106025Z   File: D:/a/HuGR-Orchestra/HuGR-Orchestra/packages/app/src/components/windows-app-menu.tsx:9:96
e2e (windows)	Run app e2e tests	2026-10-01T22:12:17.5107830Z   10 |  import { IconButtonV2 } from "@opencode-ai/ui/v2/icon-button-v2";
e2e (windows)	Run app e2e tests	2026-10-01T22:12:17.5111111Z   11 |  import { Icon as IconV2 } from "@opencode-ai/ui/v2/icon";
e2e (windows)	Run app e2e tests	2026-10-01T22:12:17.5112016Z   12 |  import { DESKTOP_MENU, desktopMenuVisible } from "@/desktop-menu";
e2e (windows)	Run app e2e tests	2026-10-01T22:12:17.5112807Z      |                                                    ^
e2e (windows)	Run app e2e tests	2026-10-01T22:12:17.5113455Z   13 |  import { useLanguage } from "@/context/language";
e2e (windows)	Run app e2e tests	2026-10-01T22:12:17.5114306Z   14 |  export function WindowsAppMenu(props) {
e2e (windows)	Run app e2e tests	2026-10-01T22:12:17.5171072Z 10:12:17 PM [vite] (client) Pre-transform error: Failed to resolve import "@/utils/path-key" from "src/components/titlebar-tab-order.ts". Does the file exist?
e2e (windows)	Run app e2e tests	2026-10-01T22:12:17.5172761Z   Plugin: vite:import-analysis
e2e (windows)	Run app e2e tests	2026-10-01T22:12:17.5174874Z   File: D:/a/HuGR-Orchestra/HuGR-Orchestra/packages/app/src/components/titlebar-tab-order.ts:1:24
e2e (windows)	Run app e2e tests	2026-10-01T22:12:17.5178532Z   1  |  import { pathKey } from "@/utils/path-key";
e2e (windows)	Run app e2e tests	2026-10-01T22:12:17.5179653Z      |                           ^
e2e (windows)	Run app e2e tests	2026-10-01T22:12:17.5181294Z   2  |  import { startTransition } from "solid-js";
e2e (windows)	Run app e2e tests	2026-10-01T22:12:17.5186163Z   3  |  export function closeProfileTab(input) {
e2e (windows)	Run app e2e tests	2026-10-01T22:12:17.5188228Z
e2e (windows)	Run app e2e tests	2026-10-01T22:12:28.4454233Z   7) [chromium] › e2e\orchestra\titlebar-native-frame.spec.ts:171:1 › hidden connected header clears native frame and restores measured placement
e2e (windows)	Run app e2e tests	2026-10-01T22:12:28.4454932Z
e2e (windows)	Run app e2e tests	2026-10-01T22:12:28.4455391Z     Error: expect(locator).toHaveCount(expected) failed
e2e (windows)	Run app e2e tests	2026-10-01T22:12:28.4455824Z
e2e (windows)	Run app e2e tests	2026-10-01T22:12:28.4456091Z     Locator:  getByRole('banner', { name: 'Native titlebar fixture', exact: true })
e2e (windows)	Run app e2e tests	2026-10-01T22:12:28.4456834Z     Expected: 1
e2e (windows)	Run app e2e tests	2026-10-01T22:12:28.4457101Z     Received: 0
e2e (windows)	Run app e2e tests	2026-10-01T22:12:28.4457312Z     Timeout:  10000ms
e2e (windows)	Run app e2e tests	2026-10-01T22:12:28.4457447Z
e2e (windows)	Run app e2e tests	2026-10-01T22:12:28.4457525Z     Call log:
e2e (windows)	Run app e2e tests	2026-10-01T22:12:28.4457855Z       - Expect "toHaveCount" with timeout 10000ms
e2e (windows)	Run app e2e tests	2026-10-01T22:12:28.4458440Z       - waiting for getByRole('banner', { name: 'Native titlebar fixture', exact: true })
e2e (windows)	Run app e2e tests	2026-10-01T22:12:28.4458989Z         13 × locator resolved to 0 elements
e2e (windows)	Run app e2e tests	2026-10-01T22:12:28.4459350Z            - unexpected value "0"
e2e (windows)	Run app e2e tests	2026-10-01T22:12:28.4459538Z
e2e (windows)	Run app e2e tests	2026-10-01T22:12:28.4459545Z
e2e (windows)	Run app e2e tests	2026-10-01T22:12:28.4459773Z       56 |   expect(response!.ok(), "fixture response must succeed").toBe(true)
e2e (windows)	Run app e2e tests	2026-10-01T22:12:28.4460518Z       57 |   const header = page.getByRole("banner", { name: "Native titlebar fixture", exact: true })
e2e (windows)	Run app e2e tests	2026-10-01T22:12:28.4461001Z     > 58 |   await expect(header).toHaveCount(1)
e2e (windows)	Run app e2e tests	2026-10-01T22:12:28.4461298Z          |                        ^
e2e (windows)	Run app e2e tests	2026-10-01T22:12:28.4461771Z       59 |   await expect(header).toBeVisible()
e2e (windows)	Run app e2e tests	2026-10-01T22:12:28.4462378Z       60 |   await expect.poll(() => page.evaluate(() => typeof window.nativeFrameFixture?.settled)).toBe("function")
e2e (windows)	Run app e2e tests	2026-10-01T22:12:28.4462901Z       61 |   await settled(page)
e2e (windows)	Run app e2e tests	2026-10-01T22:12:28.4463448Z         at open (D:\a\HuGR-Orchestra\HuGR-Orchestra\packages\app\e2e\orchestra\titlebar-native-frame.spec.ts:58:24)
e2e (windows)	Run app e2e tests	2026-10-01T22:12:28.4464410Z         at D:\a\HuGR-Orchestra\HuGR-Orchestra\packages\app\e2e\orchestra\titlebar-native-frame.spec.ts:46:3
e2e (windows)	Run app e2e tests	2026-10-01T22:12:28.4464818Z
e2e (windows)	Run app e2e tests	2026-10-01T22:12:28.4465216Z     attachment #1: screenshot (image/png) ──────────────────────────────────────────────────────────
e2e (windows)	Run app e2e tests	2026-10-01T22:12:28.4465967Z     e2e\test-results\orchestra-titlebar-native--7c096-restores-measured-placement-chromium\test-failed-1.png
e2e (windows)	Run app e2e tests	2026-10-01T22:12:28.4466745Z     ────────────────────────────────────────────────────────────────────────────────────────────────
e2e (windows)	Run app e2e tests	2026-10-01T22:12:28.4467023Z
e2e (windows)	Run app e2e tests	2026-10-01T22:12:28.4467368Z     attachment #2: video (video/webm) ──────────────────────────────────────────────────────────────
e2e (windows)	Run app e2e tests	2026-10-01T22:12:28.4468058Z     e2e\test-results\orchestra-titlebar-native--7c096-restores-measured-placement-chromium\video.webm
e2e (windows)	Run app e2e tests	2026-10-01T22:12:28.4468783Z     ────────────────────────────────────────────────────────────────────────────────────────────────
e2e (windows)	Run app e2e tests	2026-10-01T22:12:28.4469057Z
e2e (windows)	Run app e2e tests	2026-10-01T22:12:28.4469529Z     Error Context: e2e\test-results\orchestra-titlebar-native--7c096-restores-measured-placement-chromium\error-context.md
e2e (windows)	Run app e2e tests	2026-10-01T22:12:28.4470036Z
e2e (windows)	Run app e2e tests	2026-10-01T22:12:28.4470492Z     Error Context: e2e\test-results\orchestra-titlebar-native--7c096-restores-measured-placement-chromium\error-context.md
e2e (windows)	Run app e2e tests	2026-10-01T22:12:28.4471012Z
e2e (windows)	Run app e2e tests	2026-10-01T22:12:28.4471330Z     Retry #1 ───────────────────────────────────────────────────────────────────────────────────────
e2e (windows)	Run app e2e tests	2026-10-01T22:12:28.4472438Z
e2e (windows)	Run app e2e tests	2026-10-01T22:12:28.4472871Z     Error: expect(locator).toHaveCount(expected) failed
e2e (windows)	Run app e2e tests	2026-10-01T22:12:28.4473255Z
e2e (windows)	Run app e2e tests	2026-10-01T22:12:28.4473505Z     Locator:  getByRole('banner', { name: 'Native titlebar fixture', exact: true })
e2e (windows)	Run app e2e tests	2026-10-01T22:12:28.4473926Z     Expected: 1
e2e (windows)	Run app e2e tests	2026-10-01T22:12:28.4474183Z     Received: 0
e2e (windows)	Run app e2e tests	2026-10-01T22:12:28.4474388Z     Timeout:  10000ms
e2e (windows)	Run app e2e tests	2026-10-01T22:12:28.4474517Z
e2e (windows)	Run app e2e tests	2026-10-01T22:12:28.4474592Z     Call log:
e2e (windows)	Run app e2e tests	2026-10-01T22:12:28.4475128Z       - Expect "toHaveCount" with timeout 10000ms
e2e (windows)	Run app e2e tests	2026-10-01T22:12:28.4475725Z       - waiting for getByRole('banner', { name: 'Native titlebar fixture', exact: true })
e2e (windows)	Run app e2e tests	2026-10-01T22:12:28.4476249Z         13 × locator resolved to 0 elements
e2e (windows)	Run app e2e tests	2026-10-01T22:12:28.4476797Z            - unexpected value "0"
e2e (windows)	Run app e2e tests	2026-10-01T22:12:28.4476986Z
e2e (windows)	Run app e2e tests	2026-10-01T22:12:28.4477000Z
e2e (windows)	Run app e2e tests	2026-10-01T22:12:28.4477221Z       56 |   expect(response!.ok(), "fixture response must succeed").toBe(true)
e2e (windows)	Run app e2e tests	2026-10-01T22:12:28.4477823Z       57 |   const header = page.getByRole("banner", { name: "Native titlebar fixture", exact: true })
e2e (windows)	Run app e2e tests	2026-10-01T22:12:28.4478304Z     > 58 |   await expect(header).toHaveCount(1)
e2e (windows)	Run app e2e tests	2026-10-01T22:12:28.4478605Z          |                        ^
e2e (windows)	Run app e2e tests	2026-10-01T22:12:28.4478888Z       59 |   await expect(header).toBeVisible()
e2e (windows)	Run app e2e tests	2026-10-01T22:12:28.4479442Z       60 |   await expect.poll(() => page.evaluate(() => typeof window.nativeFrameFixture?.settled)).toBe("function")
e2e (windows)	Run app e2e tests	2026-10-01T22:12:28.4479944Z       61 |   await settled(page)
e2e (windows)	Run app e2e tests	2026-10-01T22:12:28.4480488Z         at open (D:\a\HuGR-Orchestra\HuGR-Orchestra\packages\app\e2e\orchestra\titlebar-native-frame.spec.ts:58:24)
e2e (windows)	Run app e2e tests	2026-10-01T22:12:28.4481254Z         at D:\a\HuGR-Orchestra\HuGR-Orchestra\packages\app\e2e\orchestra\titlebar-native-frame.spec.ts:46:3
e2e (windows)	Run app e2e tests	2026-10-01T22:12:28.4481743Z
e2e (windows)	Run app e2e tests	2026-10-01T22:12:28.4482263Z     attachment #1: screenshot (image/png) ──────────────────────────────────────────────────────────
e2e (windows)	Run app e2e tests	2026-10-01T22:12:28.4483061Z     e2e\test-results\orchestra-titlebar-native--7c096-restores-measured-placement-chromium-retry1\test-failed-1.png
e2e (windows)	Run app e2e tests	2026-10-01T22:12:28.4483869Z     ────────────────────────────────────────────────────────────────────────────────────────────────
e2e (windows)	Run app e2e tests	2026-10-01T22:12:28.4484332Z
e2e (windows)	Run app e2e tests	2026-10-01T22:12:28.4484687Z     attachment #2: video (video/webm) ──────────────────────────────────────────────────────────────
e2e (windows)	Run app e2e tests	2026-10-01T22:12:28.4485425Z     e2e\test-results\orchestra-titlebar-native--7c096-restores-measured-placement-chromium-retry1\video.webm
e2e (windows)	Run app e2e tests	2026-10-01T22:12:28.4486200Z     ────────────────────────────────────────────────────────────────────────────────────────────────
e2e (windows)	Run app e2e tests	2026-10-01T22:12:28.4486479Z
e2e (windows)	Run app e2e tests	2026-10-01T22:12:28.4486994Z     Error Context: e2e\test-results\orchestra-titlebar-native--7c096-restores-measured-placement-chromium-retry1\error-context.md
e2e (windows)	Run app e2e tests	2026-10-01T22:12:28.4487540Z
e2e (windows)	Run app e2e tests	2026-10-01T22:12:28.4488030Z     Error Context: e2e\test-results\orchestra-titlebar-native--7c096-restores-measured-placement-chromium-retry1\error-context.md
e2e (windows)	Run app e2e tests	2026-10-01T22:12:28.4489123Z
e2e (windows)	Run app e2e tests	2026-10-01T22:12:28.4489528Z     attachment #5: trace (application/zip) ─────────────────────────────────────────────────────────
e2e (windows)	Run app e2e tests	2026-10-01T22:12:28.4490288Z     e2e\test-results\orchestra-titlebar-native--7c096-restores-measured-placement-chromium-retry1\trace.zip
e2e (windows)	Run app e2e tests	2026-10-01T22:12:28.4490830Z     Usage:
e2e (windows)	Run app e2e tests	2026-10-01T22:12:28.4490936Z
e2e (windows)	Run app e2e tests	2026-10-01T22:12:28.4491465Z         npx playwright show-trace e2e\test-results\orchestra-titlebar-native--7c096-restores-measured-placement-chromium-retry1\trace.zip
e2e (windows)	Run app e2e tests	2026-10-01T22:12:28.4492028Z
e2e (windows)	Run app e2e tests	2026-10-01T22:12:28.4492335Z     ────────────────────────────────────────────────────────────────────────────────────────────────
e2e (windows)	Run app e2e tests	2026-10-01T22:12:28.4492730Z
e2e (windows)	Run app e2e tests	2026-10-01T22:12:28.4493048Z     Retry #2 ───────────────────────────────────────────────────────────────────────────────────────
e2e (windows)	Run app e2e tests	2026-10-01T22:12:28.4493337Z
e2e (windows)	Run app e2e tests	2026-10-01T22:12:28.4493748Z     Error: expect(locator).toHaveCount(expected) failed
e2e (windows)	Run app e2e tests	2026-10-01T22:12:28.4494128Z
e2e (windows)	Run app e2e tests	2026-10-01T22:12:28.4494377Z     Locator:  getByRole('banner', { name: 'Native titlebar fixture', exact: true })
e2e (windows)	Run app e2e tests	2026-10-01T22:12:28.4494808Z     Expected: 1
e2e (windows)	Run app e2e tests	2026-10-01T22:12:28.4495058Z     Received: 0
e2e (windows)	Run app e2e tests	2026-10-01T22:12:28.4495264Z     Timeout:  10000ms
e2e (windows)	Run app e2e tests	2026-10-01T22:12:28.4495392Z
e2e (windows)	Run app e2e tests	2026-10-01T22:12:28.4495469Z     Call log:
e2e (windows)	Run app e2e tests	2026-10-01T22:12:28.4495783Z       - Expect "toHaveCount" with timeout 10000ms
e2e (windows)	Run app e2e tests	2026-10-01T22:12:28.4496365Z       - waiting for getByRole('banner', { name: 'Native titlebar fixture', exact: true })
e2e (windows)	Run app e2e tests	2026-10-01T22:12:28.4497051Z         13 × locator resolved to 0 elements
e2e (windows)	Run app e2e tests	2026-10-01T22:12:28.4497491Z            - unexpected value "0"
e2e (windows)	Run app e2e tests	2026-10-01T22:12:28.4497680Z
e2e (windows)	Run app e2e tests	2026-10-01T22:12:28.4497686Z
e2e (windows)	Run app e2e tests	2026-10-01T22:12:28.4498062Z       56 |   expect(response!.ok(), "fixture response must succeed").toBe(true)
e2e (windows)	Run app e2e tests	2026-10-01T22:12:28.4501558Z       57 |   const header = page.getByRole("banner", { name: "Native titlebar fixture", exact: true })
e2e (windows)	Run app e2e tests	2026-10-01T22:12:28.4504588Z     > 58 |   await expect(header).toHaveCount(1)
e2e (windows)	Run app e2e tests	2026-10-01T22:12:28.4505200Z          |                        ^
e2e (windows)	Run app e2e tests	2026-10-01T22:12:28.4505709Z       59 |   await expect(header).toBeVisible()
e2e (windows)	Run app e2e tests	2026-10-01T22:12:28.4506713Z       60 |   await expect.poll(() => page.evaluate(() => typeof window.nativeFrameFixture?.settled)).toBe("function")
e2e (windows)	Run app e2e tests	2026-10-01T22:12:28.4507604Z       61 |   await settled(page)
e2e (windows)	Run app e2e tests	2026-10-01T22:12:28.4508554Z         at open (D:\a\HuGR-Orchestra\HuGR-Orchestra\packages\app\e2e\orchestra\titlebar-native-frame.spec.ts:58:24)
e2e (windows)	Run app e2e tests	2026-10-01T22:12:28.4509897Z         at D:\a\HuGR-Orchestra\HuGR-Orchestra\packages\app\e2e\orchestra\titlebar-native-frame.spec.ts:46:3
e2e (windows)	Run app e2e tests	2026-10-01T22:12:28.4510621Z
e2e (windows)	Run app e2e tests	2026-10-01T22:12:28.4511360Z     attachment #1: screenshot (image/png) ──────────────────────────────────────────────────────────
e2e (windows)	Run app e2e tests	2026-10-01T22:12:28.4512786Z     e2e\test-results\orchestra-titlebar-native--7c096-restores-measured-placement-chromium-retry2\test-failed-1.png
e2e (windows)	Run app e2e tests	2026-10-01T22:12:28.4514251Z     ────────────────────────────────────────────────────────────────────────────────────────────────
e2e (windows)	Run app e2e tests	2026-10-01T22:12:28.4514819Z
e2e (windows)	Run app e2e tests	2026-10-01T22:12:28.4515446Z     attachment #2: video (video/webm) ──────────────────────────────────────────────────────────────
e2e (windows)	Run app e2e tests	2026-10-01T22:12:28.4516761Z     e2e\test-results\orchestra-titlebar-native--7c096-restores-measured-placement-chromium-retry2\video.webm
e2e (windows)	Run app e2e tests	2026-10-01T22:12:28.4518156Z     ────────────────────────────────────────────────────────────────────────────────────────────────
e2e (windows)	Run app e2e tests	2026-10-01T22:12:28.4518631Z
e2e (windows)	Run app e2e tests	2026-10-01T22:12:28.4519537Z     Error Context: e2e\test-results\orchestra-titlebar-native--7c096-restores-measured-placement-chromium-retry2\error-context.md
e2e (windows)	Run app e2e tests	2026-10-01T22:12:28.4520801Z
e2e (windows)	Run app e2e tests	2026-10-01T22:12:28.4521703Z     Error Context: e2e\test-results\orchestra-titlebar-native--7c096-restores-measured-placement-chromium-retry2\error-context.md
e2e (windows)	Run app e2e tests	2026-10-01T22:12:28.4523509Z
e2e (windows)	Run app e2e tests	2026-10-01T22:12:28.4523525Z
e2e (windows)	Run app e2e tests	2026-10-01T22:12:29.1949805Z [32/124] [chromium] › e2e\regression\cross-server-tab-close.spec.ts:10:1 › closing the active server's last tab opens the remaining server tab
e2e (windows)	Run app e2e tests	2026-10-01T22:12:43.4095598Z [33/124] (retries) [chromium] › e2e\regression\cross-server-tab-close.spec.ts:10:1 › closing the active server's last tab opens the remaining server tab (retry #1)
e2e (windows)	Run app e2e tests	2026-10-01T22:12:59.9671565Z [34/124] (retries) [chromium] › e2e\regression\cross-server-tab-close.spec.ts:10:1 › closing the active server's last tab opens the remaining server tab (retry #2)
e2e (windows)	Run app e2e tests	2026-10-01T22:13:13.2691552Z   8) [chromium] › e2e\regression\cross-server-tab-close.spec.ts:10:1 › closing the active server's last tab opens the remaining server tab
e2e (windows)	Run app e2e tests	2026-10-01T22:13:13.2692678Z
e2e (windows)	Run app e2e tests	2026-10-01T22:13:13.2693378Z     Error: expect(page).toHaveURL(expected) failed
e2e (windows)	Run app e2e tests	2026-10-01T22:13:13.2694327Z
e2e (windows)	Run app e2e tests	2026-10-01T22:13:13.2695126Z     Expected pattern: /\/server\/aHR0cDovLzEyNy4wLjAuMTo0MDk3\/session\/ses_server_b$/
e2e (windows)	Run app e2e tests	2026-10-01T22:13:13.2696255Z     Received string:  "http://127.0.0.1:3000/"
e2e (windows)	Run app e2e tests	2026-10-01T22:13:13.2696802Z     Timeout: 10000ms
e2e (windows)	Run app e2e tests	2026-10-01T22:13:13.2697026Z
e2e (windows)	Run app e2e tests	2026-10-01T22:13:13.2697148Z     Call log:
e2e (windows)	Run app e2e tests	2026-10-01T22:13:13.2699125Z       - Expect "toHaveURL" with timeout 10000ms
e2e (windows)	Run app e2e tests	2026-10-01T22:13:13.2700575Z         2 × unexpected value "http://127.0.0.1:3000/server/aHR0cDovLzEyNy4wLjAuMTo0MDk2/session/ses_server_a"
e2e (windows)	Run app e2e tests	2026-10-01T22:13:13.2701748Z         12 × unexpected value "http://127.0.0.1:3000/"
e2e (windows)	Run app e2e tests	2026-10-01T22:13:13.2702174Z
e2e (windows)	Run app e2e tests	2026-10-01T22:13:13.2702207Z
e2e (windows)	Run app e2e tests	2026-10-01T22:13:13.2702569Z       34 |   await tabA.locator('[data-slot="tab-close"] button').click()
e2e (windows)	Run app e2e tests	2026-10-01T22:13:13.2703193Z       35 |
e2e (windows)	Run app e2e tests	2026-10-01T22:13:13.2704803Z     > 36 |   await expect(page).toHaveURL(new RegExp(`${hrefB.replace(/[.*+?^${}()|[\]\\]/g, "\\$&")}$`))
e2e (windows)	Run app e2e tests	2026-10-01T22:13:13.2705720Z          |                      ^
e2e (windows)	Run app e2e tests	2026-10-01T22:13:13.2706707Z       37 |   await expect.poll(() => requests.some((url) => url.startsWith(`${serverB}/api/session/${sessionB.id}`))).toBe(true)
e2e (windows)	Run app e2e tests	2026-10-01T22:13:13.2707887Z       38 |   await expect(page.getByText(sessionB.title).first()).toBeVisible()
e2e (windows)	Run app e2e tests	2026-10-01T22:13:13.2709021Z       39 |   const sessionBRequests = requests.filter((url) => url.includes(`/session/${sessionB.id}`))
e2e (windows)	Run app e2e tests	2026-10-01T22:13:13.2710876Z         at D:\a\HuGR-Orchestra\HuGR-Orchestra\packages\app\e2e\regression\cross-server-tab-close.spec.ts:36:22
e2e (windows)	Run app e2e tests	2026-10-01T22:13:13.2714112Z
e2e (windows)	Run app e2e tests	2026-10-01T22:13:13.2715503Z     attachment #1: screenshot (image/png) ──────────────────────────────────────────────────────────
e2e (windows)	Run app e2e tests	2026-10-01T22:13:13.2716964Z     e2e\test-results\regression-cross-server-ta-4f296-ns-the-remaining-server-tab-chromium\test-failed-1.png
e2e (windows)	Run app e2e tests	2026-10-01T22:13:13.2718408Z     ────────────────────────────────────────────────────────────────────────────────────────────────
e2e (windows)	Run app e2e tests	2026-10-01T22:13:13.2720079Z
e2e (windows)	Run app e2e tests	2026-10-01T22:13:13.2720757Z     attachment #2: video (video/webm) ──────────────────────────────────────────────────────────────
e2e (windows)	Run app e2e tests	2026-10-01T22:13:13.2722031Z     e2e\test-results\regression-cross-server-ta-4f296-ns-the-remaining-server-tab-chromium\video.webm
e2e (windows)	Run app e2e tests	2026-10-01T22:13:13.2723365Z     ────────────────────────────────────────────────────────────────────────────────────────────────
e2e (windows)	Run app e2e tests	2026-10-01T22:13:13.2723851Z
e2e (windows)	Run app e2e tests	2026-10-01T22:13:13.2724689Z     Error Context: e2e\test-results\regression-cross-server-ta-4f296-ns-the-remaining-server-tab-chromium\error-context.md
e2e (windows)	Run app e2e tests	2026-10-01T22:13:13.2725585Z
e2e (windows)	Run app e2e tests	2026-10-01T22:13:13.2726157Z     Retry #1 ───────────────────────────────────────────────────────────────────────────────────────
e2e (windows)	Run app e2e tests	2026-10-01T22:13:13.2726894Z
e2e (windows)	Run app e2e tests	2026-10-01T22:13:13.2727573Z     Error: expect(page).toHaveURL(expected) failed
e2e (windows)	Run app e2e tests	2026-10-01T22:13:13.2728227Z
e2e (windows)	Run app e2e tests	2026-10-01T22:13:13.2728881Z     Expected pattern: /\/server\/aHR0cDovLzEyNy4wLjAuMTo0MDk3\/session\/ses_server_b$/
e2e (windows)	Run app e2e tests	2026-10-01T22:13:13.2729885Z     Received string:  "http://127.0.0.1:3000/"
e2e (windows)	Run app e2e tests	2026-10-01T22:13:13.2730402Z     Timeout: 10000ms
e2e (windows)	Run app e2e tests	2026-10-01T22:13:13.2730617Z
e2e (windows)	Run app e2e tests	2026-10-01T22:13:13.2730745Z     Call log:
e2e (windows)	Run app e2e tests	2026-10-01T22:13:13.2731260Z       - Expect "toHaveURL" with timeout 10000ms
e2e (windows)	Run app e2e tests	2026-10-01T22:13:13.2732436Z         - unexpected value "http://127.0.0.1:3000/server/aHR0cDovLzEyNy4wLjAuMTo0MDk2/session/ses_server_a"
e2e (windows)	Run app e2e tests	2026-10-01T22:13:13.2737064Z         13 × unexpected value "http://127.0.0.1:3000/"
e2e (windows)	Run app e2e tests	2026-10-01T22:13:13.2738897Z
e2e (windows)	Run app e2e tests	2026-10-01T22:13:13.2738919Z
e2e (windows)	Run app e2e tests	2026-10-01T22:13:13.2739546Z       34 |   await tabA.locator('[data-slot="tab-close"] button').click()
e2e (windows)	Run app e2e tests	2026-10-01T22:13:13.2740586Z       35 |
e2e (windows)	Run app e2e tests	2026-10-01T22:13:13.2741676Z     > 36 |   await expect(page).toHaveURL(new RegExp(`${hrefB.replace(/[.*+?^${}()|[\]\\]/g, "\\$&")}$`))
e2e (windows)	Run app e2e tests	2026-10-01T22:13:13.2742511Z          |                      ^
e2e (windows)	Run app e2e tests	2026-10-01T22:13:13.2743462Z       37 |   await expect.poll(() => requests.some((url) => url.startsWith(`${serverB}/api/session/${sessionB.id}`))).toBe(true)
e2e (windows)	Run app e2e tests	2026-10-01T22:13:13.2744679Z       38 |   await expect(page.getByText(sessionB.title).first()).toBeVisible()
e2e (windows)	Run app e2e tests	2026-10-01T22:13:13.2745775Z       39 |   const sessionBRequests = requests.filter((url) => url.includes(`/session/${sessionB.id}`))
e2e (windows)	Run app e2e tests	2026-10-01T22:13:13.2747108Z         at D:\a\HuGR-Orchestra\HuGR-Orchestra\packages\app\e2e\regression\cross-server-tab-close.spec.ts:36:22
e2e (windows)	Run app e2e tests	2026-10-01T22:13:13.2747842Z
e2e (windows)	Run app e2e tests	2026-10-01T22:13:13.2748548Z     attachment #1: screenshot (image/png) ──────────────────────────────────────────────────────────
e2e (windows)	Run app e2e tests	2026-10-01T22:13:13.2749973Z     e2e\test-results\regression-cross-server-ta-4f296-ns-the-remaining-server-tab-chromium-retry1\test-failed-1.png
e2e (windows)	Run app e2e tests	2026-10-01T22:13:13.2751426Z     ────────────────────────────────────────────────────────────────────────────────────────────────
e2e (windows)	Run app e2e tests	2026-10-01T22:13:13.2752908Z
e2e (windows)	Run app e2e tests	2026-10-01T22:13:13.2753567Z     attachment #2: video (video/webm) ──────────────────────────────────────────────────────────────
e2e (windows)	Run app e2e tests	2026-10-01T22:13:13.2755256Z     e2e\test-results\regression-cross-server-ta-4f296-ns-the-remaining-server-tab-chromium-retry1\video.webm
e2e (windows)	Run app e2e tests	2026-10-01T22:13:13.2756674Z     ────────────────────────────────────────────────────────────────────────────────────────────────
e2e (windows)	Run app e2e tests	2026-10-01T22:13:13.2757166Z
e2e (windows)	Run app e2e tests	2026-10-01T22:13:13.2758077Z     Error Context: e2e\test-results\regression-cross-server-ta-4f296-ns-the-remaining-server-tab-chromium-retry1\error-context.md
e2e (windows)	Run app e2e tests	2026-10-01T22:13:13.2759060Z
e2e (windows)	Run app e2e tests	2026-10-01T22:13:13.2759703Z     attachment #4: trace (application/zip) ─────────────────────────────────────────────────────────
e2e (windows)	Run app e2e tests	2026-10-01T22:13:13.2761228Z     e2e\test-results\regression-cross-server-ta-4f296-ns-the-remaining-server-tab-chromium-retry1\trace.zip
e2e (windows)	Run app e2e tests	2026-10-01T22:13:13.2762171Z     Usage:
e2e (windows)	Run app e2e tests	2026-10-01T22:13:13.2762371Z
e2e (windows)	Run app e2e tests	2026-10-01T22:13:13.2763302Z         npx playwright show-trace e2e\test-results\regression-cross-server-ta-4f296-ns-the-remaining-server-tab-chromium-retry1\trace.zip
e2e (windows)	Run app e2e tests	2026-10-01T22:13:13.2764326Z
e2e (windows)	Run app e2e tests	2026-10-01T22:13:13.2764879Z     ────────────────────────────────────────────────────────────────────────────────────────────────
e2e (windows)	Run app e2e tests	2026-10-01T22:13:13.2765372Z
e2e (windows)	Run app e2e tests	2026-10-01T22:13:13.2765932Z     Retry #2 ───────────────────────────────────────────────────────────────────────────────────────
e2e (windows)	Run app e2e tests	2026-10-01T22:13:13.2766420Z
e2e (windows)	Run app e2e tests	2026-10-01T22:13:13.2767072Z     Error: expect(page).toHaveURL(expected) failed
e2e (windows)	Run app e2e tests	2026-10-01T22:13:13.2767697Z
e2e (windows)	Run app e2e tests	2026-10-01T22:13:13.2768354Z     Expected pattern: /\/server\/aHR0cDovLzEyNy4wLjAuMTo0MDk3\/session\/ses_server_b$/
e2e (windows)	Run app e2e tests	2026-10-01T22:13:13.2769359Z     Received string:  "http://127.0.0.1:3000/"
e2e (windows)	Run app e2e tests	2026-10-01T22:13:13.2769876Z     Timeout: 10000ms
e2e (windows)	Run app e2e tests	2026-10-01T22:13:13.2770087Z
e2e (windows)	Run app e2e tests	2026-10-01T22:13:13.2770222Z     Call log:
e2e (windows)	Run app e2e tests	2026-10-01T22:13:13.2770809Z       - Expect "toHaveURL" with timeout 10000ms
e2e (windows)	Run app e2e tests	2026-10-01T22:13:13.2771999Z         2 × unexpected value "http://127.0.0.1:3000/server/aHR0cDovLzEyNy4wLjAuMTo0MDk2/session/ses_server_a"
e2e (windows)	Run app e2e tests	2026-10-01T22:13:13.2777161Z         12 × unexpected value "http://127.0.0.1:3000/"
e2e (windows)	Run app e2e tests	2026-10-01T22:13:13.2779281Z
e2e (windows)	Run app e2e tests	2026-10-01T22:13:13.2779310Z
e2e (windows)	Run app e2e tests	2026-10-01T22:13:13.2779948Z       34 |   await tabA.locator('[data-slot="tab-close"] button').click()
e2e (windows)	Run app e2e tests	2026-10-01T22:13:13.2781009Z       35 |
e2e (windows)	Run app e2e tests	2026-10-01T22:13:13.2782571Z     > 36 |   await expect(page).toHaveURL(new RegExp(`${hrefB.replace(/[.*+?^${}()|[\]\\]/g, "\\$&")}$`))
e2e (windows)	Run app e2e tests	2026-10-01T22:13:13.2787297Z          |                      ^
e2e (windows)	Run app e2e tests	2026-10-01T22:13:13.2788269Z       37 |   await expect.poll(() => requests.some((url) => url.startsWith(`${serverB}/api/session/${sessionB.id}`))).toBe(true)
e2e (windows)	Run app e2e tests	2026-10-01T22:13:13.2789464Z       38 |   await expect(page.getByText(sessionB.title).first()).toBeVisible()
e2e (windows)	Run app e2e tests	2026-10-01T22:13:13.2791181Z       39 |   const sessionBRequests = requests.filter((url) => url.includes(`/session/${sessionB.id}`))
e2e (windows)	Run app e2e tests	2026-10-01T22:13:13.2792829Z         at D:\a\HuGR-Orchestra\HuGR-Orchestra\packages\app\e2e\regression\cross-server-tab-close.spec.ts:36:22
e2e (windows)	Run app e2e tests	2026-10-01T22:13:13.2793574Z
e2e (windows)	Run app e2e tests	2026-10-01T22:13:13.2794297Z     attachment #1: screenshot (image/png) ──────────────────────────────────────────────────────────
e2e (windows)	Run app e2e tests	2026-10-01T22:13:13.2795740Z     e2e\test-results\regression-cross-server-ta-4f296-ns-the-remaining-server-tab-chromium-retry2\test-failed-1.png
e2e (windows)	Run app e2e tests	2026-10-01T22:13:13.2797213Z     ────────────────────────────────────────────────────────────────────────────────────────────────
e2e (windows)	Run app e2e tests	2026-10-01T22:13:13.2797692Z
e2e (windows)	Run app e2e tests	2026-10-01T22:13:13.2798315Z     attachment #2: video (video/webm) ──────────────────────────────────────────────────────────────
e2e (windows)	Run app e2e tests	2026-10-01T22:13:13.2799839Z     e2e\test-results\regression-cross-server-ta-4f296-ns-the-remaining-server-tab-chromium-retry2\video.webm
e2e (windows)	Run app e2e tests	2026-10-01T22:13:13.2801247Z     ────────────────────────────────────────────────────────────────────────────────────────────────
e2e (windows)	Run app e2e tests	2026-10-01T22:13:13.2801737Z
e2e (windows)	Run app e2e tests	2026-10-01T22:13:13.2802636Z     Error Context: e2e\test-results\regression-cross-server-ta-4f296-ns-the-remaining-server-tab-chromium-retry2\error-context.md
e2e (windows)	Run app e2e tests	2026-10-01T22:13:13.2803616Z
e2e (windows)	Run app e2e tests	2026-10-01T22:13:13.2803626Z
e2e (windows)	Run app e2e tests	2026-10-01T22:13:14.0962641Z [35/124] [chromium] › e2e\regression\cross-server-tab-close.spec.ts:49:1 › legacy session routes preserve an existing tab's server
e2e (windows)	Run app e2e tests	2026-10-01T22:13:18.4872044Z [36/124] [chromium] › e2e\regression\file-browser-sidebar-tab-switch.spec.ts:19:1 › keeps the file-browser sidebar mounted when switching file tabs
e2e (windows)	Run app e2e tests	2026-10-01T22:13:30.4450611Z [37/124] [chromium] › e2e\regression\file-browser-sidebar-tab-switch.spec.ts:63:1 › keeps previous file search results visible while the next search loads
e2e (windows)	Run app e2e tests	2026-10-01T22:13:35.2018834Z [38/124] [chromium] › e2e\regression\janitor-pocket.spec.ts:24:1 › keeps Janitor chat session, sends prompt, and opens it in session view
e2e (windows)	Run app e2e tests	2026-10-01T22:13:41.2595789Z [39/124] [chromium] › e2e\regression\legacy-new-session.spec.ts:8:1 › opens a persisted draft at its new-session route
e2e (windows)	Run app e2e tests	2026-10-01T22:13:44.5371204Z [40/124] [chromium] › e2e\regression\new-session-panel-corner.spec.ts:14:1 › matches the rounded panel corners to the dark new-session background
e2e (windows)	Run app e2e tests	2026-10-01T22:13:48.2738777Z [41/124] (retries) [chromium] › e2e\regression\new-session-panel-corner.spec.ts:14:1 › matches the rounded panel corners to the dark new-session background (retry #1)
e2e (windows)	Run app e2e tests	2026-10-01T22:13:53.4894817Z [42/124] (retries) [chromium] › e2e\regression\new-session-panel-corner.spec.ts:14:1 › matches the rounded panel corners to the dark new-session background (retry #2)
e2e (windows)	Run app e2e tests	2026-10-01T22:13:56.8374191Z   9) [chromium] › e2e\regression\new-session-panel-corner.spec.ts:14:1 › matches the rounded panel corners to the dark new-session background
e2e (windows)	Run app e2e tests	2026-10-01T22:13:56.8375352Z
e2e (windows)	Run app e2e tests	2026-10-01T22:13:56.8376356Z     Error: expect(received).toBe(expected) // Object.is equality
e2e (windows)	Run app e2e tests	2026-10-01T22:13:56.8378623Z
e2e (windows)	Run app e2e tests	2026-10-01T22:13:56.8379066Z     Expected: true
e2e (windows)	Run app e2e tests	2026-10-01T22:13:56.8379663Z     Received: false
e2e (windows)	Run app e2e tests	2026-10-01T22:13:56.8379997Z
e2e (windows)	Run app e2e tests	2026-10-01T22:13:56.8380187Z       80 |   )
e2e (windows)	Run app e2e tests	2026-10-01T22:13:56.8380583Z       81 |
e2e (windows)	Run app e2e tests	2026-10-01T22:13:56.8381588Z     > 82 |   expect(corners.every(([red, green, blue, alpha]) => red <= 8 && green <= 8 && blue <= 8 && alpha === 255)).toBe(true)
e2e (windows)	Run app e2e tests	2026-10-01T22:13:56.8382853Z          |                                                                                                              ^
e2e (windows)	Run app e2e tests	2026-10-01T22:13:56.8383587Z       83 | })
e2e (windows)	Run app e2e tests	2026-10-01T22:13:56.8383885Z       84 |
e2e (windows)	Run app e2e tests	2026-10-01T22:13:56.8384521Z         at D:\a\HuGR-Orchestra\HuGR-Orchestra\packages\app\e2e\regression\new-session-panel-corner.spec.ts:82:110
e2e (windows)	Run app e2e tests	2026-10-01T22:13:56.8385434Z
e2e (windows)	Run app e2e tests	2026-10-01T22:13:56.8387173Z     attachment #1: screenshot (image/png) ──────────────────────────────────────────────────────────
e2e (windows)	Run app e2e tests	2026-10-01T22:13:56.8388324Z     e2e\test-results\regression-new-session-pan-721a6-dark-new-session-background-chromium\test-failed-1.png
e2e (windows)	Run app e2e tests	2026-10-01T22:13:56.8389765Z     ────────────────────────────────────────────────────────────────────────────────────────────────
e2e (windows)	Run app e2e tests	2026-10-01T22:13:56.8390292Z
e2e (windows)	Run app e2e tests	2026-10-01T22:13:56.8390944Z     attachment #2: video (video/webm) ──────────────────────────────────────────────────────────────
e2e (windows)	Run app e2e tests	2026-10-01T22:13:56.8392212Z     e2e\test-results\regression-new-session-pan-721a6-dark-new-session-background-chromium\video.webm
e2e (windows)	Run app e2e tests	2026-10-01T22:13:56.8393934Z     ────────────────────────────────────────────────────────────────────────────────────────────────
e2e (windows)	Run app e2e tests	2026-10-01T22:13:56.8394802Z
e2e (windows)	Run app e2e tests	2026-10-01T22:13:56.8395679Z     Error Context: e2e\test-results\regression-new-session-pan-721a6-dark-new-session-background-chromium\error-context.md
e2e (windows)	Run app e2e tests	2026-10-01T22:13:56.8396653Z
e2e (windows)	Run app e2e tests	2026-10-01T22:13:56.8397265Z     Retry #1 ───────────────────────────────────────────────────────────────────────────────────────
e2e (windows)	Run app e2e tests	2026-10-01T22:13:56.8397810Z
e2e (windows)	Run app e2e tests	2026-10-01T22:13:56.8398637Z     Error: expect(received).toBe(expected) // Object.is equality
e2e (windows)	Run app e2e tests	2026-10-01T22:13:56.8399344Z
e2e (windows)	Run app e2e tests	2026-10-01T22:13:56.8399622Z     Expected: true
e2e (windows)	Run app e2e tests	2026-10-01T22:13:56.8400184Z     Received: false
e2e (windows)	Run app e2e tests	2026-10-01T22:13:56.8400457Z
e2e (windows)	Run app e2e tests	2026-10-01T22:13:56.8400642Z       80 |   )
e2e (windows)	Run app e2e tests	2026-10-01T22:13:56.8401015Z       81 |
e2e (windows)	Run app e2e tests	2026-10-01T22:13:56.8401912Z     > 82 |   expect(corners.every(([red, green, blue, alpha]) => red <= 8 && green <= 8 && blue <= 8 && alpha === 255)).toBe(true)
e2e (windows)	Run app e2e tests	2026-10-01T22:13:56.8403093Z          |                                                                                                              ^
e2e (windows)	Run app e2e tests	2026-10-01T22:13:56.8403827Z       83 | })
e2e (windows)	Run app e2e tests	2026-10-01T22:13:56.8404187Z       84 |
e2e (windows)	Run app e2e tests	2026-10-01T22:13:56.8405110Z         at D:\a\HuGR-Orchestra\HuGR-Orchestra\packages\app\e2e\regression\new-session-panel-corner.spec.ts:82:110
e2e (windows)	Run app e2e tests	2026-10-01T22:13:56.8405920Z
e2e (windows)	Run app e2e tests	2026-10-01T22:13:56.8406698Z     attachment #1: screenshot (image/png) ──────────────────────────────────────────────────────────
e2e (windows)	Run app e2e tests	2026-10-01T22:13:56.8408107Z     e2e\test-results\regression-new-session-pan-721a6-dark-new-session-background-chromium-retry1\test-failed-1.png
e2e (windows)	Run app e2e tests	2026-10-01T22:13:56.8409859Z     ────────────────────────────────────────────────────────────────────────────────────────────────
e2e (windows)	Run app e2e tests	2026-10-01T22:13:56.8412215Z
e2e (windows)	Run app e2e tests	2026-10-01T22:13:56.8413499Z     attachment #2: video (video/webm) ──────────────────────────────────────────────────────────────
e2e (windows)	Run app e2e tests	2026-10-01T22:13:56.8416672Z     e2e\test-results\regression-new-session-pan-721a6-dark-new-session-background-chromium-retry1\video.webm
e2e (windows)	Run app e2e tests	2026-10-01T22:13:56.8418567Z     ────────────────────────────────────────────────────────────────────────────────────────────────
e2e (windows)	Run app e2e tests	2026-10-01T22:13:56.8419137Z
e2e (windows)	Run app e2e tests	2026-10-01T22:13:56.8420666Z     Error Context: e2e\test-results\regression-new-session-pan-721a6-dark-new-session-background-chromium-retry1\error-context.md
e2e (windows)	Run app e2e tests	2026-10-01T22:13:56.8421718Z
e2e (windows)	Run app e2e tests	2026-10-01T22:13:56.8422424Z     attachment #4: trace (application/zip) ─────────────────────────────────────────────────────────
e2e (windows)	Run app e2e tests	2026-10-01T22:13:56.8423874Z     e2e\test-results\regression-new-session-pan-721a6-dark-new-session-background-chromium-retry1\trace.zip
e2e (windows)	Run app e2e tests	2026-10-01T22:13:56.8424923Z     Usage:
e2e (windows)	Run app e2e tests	2026-10-01T22:13:56.8425151Z
e2e (windows)	Run app e2e tests	2026-10-01T22:13:56.8426169Z         npx playwright show-trace e2e\test-results\regression-new-session-pan-721a6-dark-new-session-background-chromium-retry1\trace.zip
e2e (windows)	Run app e2e tests	2026-10-01T22:13:56.8427243Z
e2e (windows)	Run app e2e tests	2026-10-01T22:13:56.8427865Z     ────────────────────────────────────────────────────────────────────────────────────────────────
e2e (windows)	Run app e2e tests	2026-10-01T22:13:56.8428409Z
e2e (windows)	Run app e2e tests	2026-10-01T22:13:56.8429025Z     Retry #2 ───────────────────────────────────────────────────────────────────────────────────────
e2e (windows)	Run app e2e tests	2026-10-01T22:13:56.8429596Z
e2e (windows)	Run app e2e tests	2026-10-01T22:13:56.8430418Z     Error: expect(received).toBe(expected) // Object.is equality
e2e (windows)	Run app e2e tests	2026-10-01T22:13:56.8431180Z
e2e (windows)	Run app e2e tests	2026-10-01T22:13:56.8431423Z     Expected: true
e2e (windows)	Run app e2e tests	2026-10-01T22:13:56.8432362Z     Received: false
e2e (windows)	Run app e2e tests	2026-10-01T22:13:56.8432683Z
e2e (windows)	Run app e2e tests	2026-10-01T22:13:56.8432907Z       80 |   )
e2e (windows)	Run app e2e tests	2026-10-01T22:13:56.8433341Z       81 |
e2e (windows)	Run app e2e tests	2026-10-01T22:13:56.8434241Z     > 82 |   expect(corners.every(([red, green, blue, alpha]) => red <= 8 && green <= 8 && blue <= 8 && alpha === 255)).toBe(true)
e2e (windows)	Run app e2e tests	2026-10-01T22:13:56.8436048Z          |                                                                                                              ^
e2e (windows)	Run app e2e tests	2026-10-01T22:13:56.8437677Z       83 | })
e2e (windows)	Run app e2e tests	2026-10-01T22:13:56.8438146Z       84 |
e2e (windows)	Run app e2e tests	2026-10-01T22:13:56.8439042Z         at D:\a\HuGR-Orchestra\HuGR-Orchestra\packages\app\e2e\regression\new-session-panel-corner.spec.ts:82:110
e2e (windows)	Run app e2e tests	2026-10-01T22:13:56.8439836Z
e2e (windows)	Run app e2e tests	2026-10-01T22:13:56.8440615Z     attachment #1: screenshot (image/png) ──────────────────────────────────────────────────────────
e2e (windows)	Run app e2e tests	2026-10-01T22:13:56.8442058Z     e2e\test-results\regression-new-session-pan-721a6-dark-new-session-background-chromium-retry2\test-failed-1.png
e2e (windows)	Run app e2e tests	2026-10-01T22:13:56.8443606Z     ────────────────────────────────────────────────────────────────────────────────────────────────
e2e (windows)	Run app e2e tests	2026-10-01T22:13:56.8444119Z
e2e (windows)	Run app e2e tests	2026-10-01T22:13:56.8444827Z     attachment #2: video (video/webm) ──────────────────────────────────────────────────────────────
e2e (windows)	Run app e2e tests	2026-10-01T22:13:56.8446343Z     e2e\test-results\regression-new-session-pan-721a6-dark-new-session-background-chromium-retry2\video.webm
e2e (windows)	Run app e2e tests	2026-10-01T22:13:56.8447850Z     ────────────────────────────────────────────────────────────────────────────────────────────────
e2e (windows)	Run app e2e tests	2026-10-01T22:13:56.8449925Z
e2e (windows)	Run app e2e tests	2026-10-01T22:13:56.8451449Z     Error Context: e2e\test-results\regression-new-session-pan-721a6-dark-new-session-background-chromium-retry2\error-context.md
e2e (windows)	Run app e2e tests	2026-10-01T22:13:56.8454188Z
e2e (windows)	Run app e2e tests	2026-10-01T22:13:56.8454213Z
e2e (windows)	Run app e2e tests	2026-10-01T22:13:57.5668714Z [43/124] [chromium] › e2e\regression\open-file-expand-folder.spec.ts:14:1 › expands a folder whose path has a trailing Windows separator
e2e (windows)	Run app e2e tests	2026-10-01T22:14:02.4484034Z [44/124] [chromium] › e2e\regression\project-picker-recent-search.spec.ts:46:1 › searches every recent project, not just the five most recent
e2e (windows)	Run app e2e tests	2026-10-01T22:14:37.0647289Z [45/124] (retries) [chromium] › e2e\regression\project-picker-recent-search.spec.ts:46:1 › searches every recent project, not just the five most recent (retry #1)
e2e (windows)	Run app e2e tests	2026-10-01T22:15:12.7650225Z [46/124] (retries) [chromium] › e2e\regression\project-picker-recent-search.spec.ts:46:1 › searches every recent project, not just the five most recent (retry #2)
e2e (windows)	Run app e2e tests	2026-10-01T22:15:46.9368895Z   10) [chromium] › e2e\regression\project-picker-recent-search.spec.ts:46:1 › searches every recent project, not just the five most recent
e2e (windows)	Run app e2e tests	2026-10-01T22:15:46.9371534Z
e2e (windows)	Run app e2e tests	2026-10-01T22:15:46.9372458Z     Error: expect(locator).toBeVisible() failed
e2e (windows)	Run app e2e tests	2026-10-01T22:15:46.9375424Z
e2e (windows)	Run app e2e tests	2026-10-01T22:15:46.9375912Z     Locator: getByRole('button', { name: 'Add project' }).first()
e2e (windows)	Run app e2e tests	2026-10-01T22:15:46.9376696Z     Expected: visible
e2e (windows)	Run app e2e tests	2026-10-01T22:15:46.9377187Z     Timeout: 30000ms
e2e (windows)	Run app e2e tests	2026-10-01T22:15:46.9378035Z     Error: element(s) not found
e2e (windows)	Run app e2e tests	2026-10-01T22:15:46.9387141Z
e2e (windows)	Run app e2e tests	2026-10-01T22:15:46.9387386Z     Call log:
e2e (windows)	Run app e2e tests	2026-10-01T22:15:46.9388130Z       - Expect "toBeVisible" with timeout 30000ms
e2e (windows)	Run app e2e tests	2026-10-01T22:15:46.9392164Z       - waiting for getByRole('button', { name: 'Add project' }).first()
e2e (windows)	Run app e2e tests	2026-10-01T22:15:46.9434749Z
e2e (windows)	Run app e2e tests	2026-10-01T22:15:46.9434800Z
e2e (windows)	Run app e2e tests	2026-10-01T22:15:46.9435429Z        at utils\waits.ts:6
e2e (windows)	Run app e2e tests	2026-10-01T22:15:46.9435930Z
e2e (windows)	Run app e2e tests	2026-10-01T22:15:46.9436094Z       4 |
e2e (windows)	Run app e2e tests	2026-10-01T22:15:46.9436720Z       5 | export async function expectAppVisible(locator: Locator) {
e2e (windows)	Run app e2e tests	2026-10-01T22:15:46.9437817Z     > 6 |   await expect(locator).toBeVisible({ timeout: APP_READY_TIMEOUT })
e2e (windows)	Run app e2e tests	2026-10-01T22:15:46.9438486Z         |                         ^
e2e (windows)	Run app e2e tests	2026-10-01T22:15:46.9438892Z       7 | }
e2e (windows)	Run app e2e tests	2026-10-01T22:15:46.9439171Z       8 |
e2e (windows)	Run app e2e tests	2026-10-01T22:15:46.9439744Z       9 | export async function expectSessionTitle(page: Page, title: string) {
e2e (windows)	Run app e2e tests	2026-10-01T22:15:46.9441198Z         at expectAppVisible (D:\a\HuGR-Orchestra\HuGR-Orchestra\packages\app\e2e\utils\waits.ts:6:25)
e2e (windows)	Run app e2e tests	2026-10-01T22:15:46.9442678Z         at openProjectDialog (D:\a\HuGR-Orchestra\HuGR-Orchestra\packages\app\e2e\regression\project-picker-recent-search.spec.ts:40:9)
e2e (windows)	Run app e2e tests	2026-10-01T22:15:46.9444253Z         at D:\a\HuGR-Orchestra\HuGR-Orchestra\packages\app\e2e\regression\project-picker-recent-search.spec.ts:47:18
e2e (windows)	Run app e2e tests	2026-10-01T22:15:46.9445025Z
e2e (windows)	Run app e2e tests	2026-10-01T22:15:46.9445770Z     attachment #1: screenshot (image/png) ──────────────────────────────────────────────────────────
e2e (windows)	Run app e2e tests	2026-10-01T22:15:46.9447115Z     e2e\test-results\regression-project-picker--4bddb-t-just-the-five-most-recent-chromium\test-failed-1.png
e2e (windows)	Run app e2e tests	2026-10-01T22:15:46.9449416Z     ────────────────────────────────────────────────────────────────────────────────────────────────
e2e (windows)	Run app e2e tests	2026-10-01T22:15:46.9449903Z
e2e (windows)	Run app e2e tests	2026-10-01T22:15:46.9450532Z     attachment #2: video (video/webm) ──────────────────────────────────────────────────────────────
e2e (windows)	Run app e2e tests	2026-10-01T22:15:46.9451775Z     e2e\test-results\regression-project-picker--4bddb-t-just-the-five-most-recent-chromium\video.webm
e2e (windows)	Run app e2e tests	2026-10-01T22:15:46.9453130Z     ────────────────────────────────────────────────────────────────────────────────────────────────
e2e (windows)	Run app e2e tests	2026-10-01T22:15:46.9453625Z
e2e (windows)	Run app e2e tests	2026-10-01T22:15:46.9454464Z     Error Context: e2e\test-results\regression-project-picker--4bddb-t-just-the-five-most-recent-chromium\error-context.md
e2e (windows)	Run app e2e tests	2026-10-01T22:15:46.9455419Z
e2e (windows)	Run app e2e tests	2026-10-01T22:15:46.9457985Z     Retry #1 ───────────────────────────────────────────────────────────────────────────────────────
e2e (windows)	Run app e2e tests	2026-10-01T22:15:46.9458565Z
e2e (windows)	Run app e2e tests	2026-10-01T22:15:46.9459237Z     Error: expect(locator).toBeVisible() failed
e2e (windows)	Run app e2e tests	2026-10-01T22:15:46.9459858Z
e2e (windows)	Run app e2e tests	2026-10-01T22:15:46.9460190Z     Locator: getByRole('button', { name: 'Add project' }).first()
e2e (windows)	Run app e2e tests	2026-10-01T22:15:46.9460788Z     Expected: visible
e2e (windows)	Run app e2e tests	2026-10-01T22:15:46.9461165Z     Timeout: 30000ms
e2e (windows)	Run app e2e tests	2026-10-01T22:15:46.9461573Z     Error: element(s) not found
e2e (windows)	Run app e2e tests	2026-10-01T22:15:46.9461875Z
e2e (windows)	Run app e2e tests	2026-10-01T22:15:46.9462018Z     Call log:
e2e (windows)	Run app e2e tests	2026-10-01T22:15:46.9462619Z       - Expect "toBeVisible" with timeout 30000ms
e2e (windows)	Run app e2e tests	2026-10-01T22:15:46.9463488Z       - waiting for getByRole('button', { name: 'Add project' }).first()
e2e (windows)	Run app e2e tests	2026-10-01T22:15:46.9463939Z
e2e (windows)	Run app e2e tests	2026-10-01T22:15:46.9463950Z
e2e (windows)	Run app e2e tests	2026-10-01T22:15:46.9464102Z        at utils\waits.ts:6
e2e (windows)	Run app e2e tests	2026-10-01T22:15:46.9464356Z
e2e (windows)	Run app e2e tests	2026-10-01T22:15:46.9464499Z       4 |
e2e (windows)	Run app e2e tests	2026-10-01T22:15:46.9465031Z       5 | export async function expectAppVisible(locator: Locator) {
e2e (windows)	Run app e2e tests	2026-10-01T22:15:46.9467115Z     > 6 |   await expect(locator).toBeVisible({ timeout: APP_READY_TIMEOUT })
e2e (windows)	Run app e2e tests	2026-10-01T22:15:46.9468053Z         |                         ^
e2e (windows)	Run app e2e tests	2026-10-01T22:15:46.9468442Z       7 | }
e2e (windows)	Run app e2e tests	2026-10-01T22:15:46.9468804Z       8 |
e2e (windows)	Run app e2e tests	2026-10-01T22:15:46.9469400Z       9 | export async function expectSessionTitle(page: Page, title: string) {
e2e (windows)	Run app e2e tests	2026-10-01T22:15:46.9470644Z         at expectAppVisible (D:\a\HuGR-Orchestra\HuGR-Orchestra\packages\app\e2e\utils\waits.ts:6:25)
e2e (windows)	Run app e2e tests	2026-10-01T22:15:46.9472204Z         at openProjectDialog (D:\a\HuGR-Orchestra\HuGR-Orchestra\packages\app\e2e\regression\project-picker-recent-search.spec.ts:40:9)
e2e (windows)	Run app e2e tests	2026-10-01T22:15:46.9473994Z         at D:\a\HuGR-Orchestra\HuGR-Orchestra\packages\app\e2e\regression\project-picker-recent-search.spec.ts:47:18
e2e (windows)	Run app e2e tests	2026-10-01T22:15:46.9474835Z
e2e (windows)	Run app e2e tests	2026-10-01T22:15:46.9475579Z     attachment #1: screenshot (image/png) ──────────────────────────────────────────────────────────
e2e (windows)	Run app e2e tests	2026-10-01T22:15:46.9477140Z     e2e\test-results\regression-project-picker--4bddb-t-just-the-five-most-recent-chromium-retry1\test-failed-1.png
e2e (windows)	Run app e2e tests	2026-10-01T22:15:46.9479678Z     ────────────────────────────────────────────────────────────────────────────────────────────────
e2e (windows)	Run app e2e tests	2026-10-01T22:15:46.9480250Z
e2e (windows)	Run app e2e tests	2026-10-01T22:15:46.9480924Z     attachment #2: video (video/webm) ──────────────────────────────────────────────────────────────
e2e (windows)	Run app e2e tests	2026-10-01T22:15:46.9482364Z     e2e\test-results\regression-project-picker--4bddb-t-just-the-five-most-recent-chromium-retry1\video.webm
e2e (windows)	Run app e2e tests	2026-10-01T22:15:46.9484152Z     ────────────────────────────────────────────────────────────────────────────────────────────────
e2e (windows)	Run app e2e tests	2026-10-01T22:15:46.9484866Z
e2e (windows)	Run app e2e tests	2026-10-01T22:15:46.9486355Z     Error Context: e2e\test-results\regression-project-picker--4bddb-t-just-the-five-most-recent-chromium-retry1\error-context.md
e2e (windows)	Run app e2e tests	2026-10-01T22:15:46.9487405Z
e2e (windows)	Run app e2e tests	2026-10-01T22:15:46.9488284Z     attachment #4: trace (application/zip) ─────────────────────────────────────────────────────────
e2e (windows)	Run app e2e tests	2026-10-01T22:15:46.9490104Z     e2e\test-results\regression-project-picker--4bddb-t-just-the-five-most-recent-chromium-retry1\trace.zip
e2e (windows)	Run app e2e tests	2026-10-01T22:15:46.9491220Z     Usage:
e2e (windows)	Run app e2e tests	2026-10-01T22:15:46.9491449Z
e2e (windows)	Run app e2e tests	2026-10-01T22:15:46.9492450Z         npx playwright show-trace e2e\test-results\regression-project-picker--4bddb-t-just-the-five-most-recent-chromium-retry1\trace.zip
e2e (windows)	Run app e2e tests	2026-10-01T22:15:46.9493525Z
e2e (windows)	Run app e2e tests	2026-10-01T22:15:46.9494146Z     ────────────────────────────────────────────────────────────────────────────────────────────────
e2e (windows)	Run app e2e tests	2026-10-01T22:15:46.9494689Z
e2e (windows)	Run app e2e tests	2026-10-01T22:15:46.9495302Z     Retry #2 ───────────────────────────────────────────────────────────────────────────────────────
e2e (windows)	Run app e2e tests	2026-10-01T22:15:46.9495853Z
e2e (windows)	Run app e2e tests	2026-10-01T22:15:46.9496456Z     Error: expect(locator).toBeVisible() failed
e2e (windows)	Run app e2e tests	2026-10-01T22:15:46.9497077Z
e2e (windows)	Run app e2e tests	2026-10-01T22:15:46.9497462Z     Locator: getByRole('button', { name: 'Add project' }).first()
e2e (windows)	Run app e2e tests	2026-10-01T22:15:46.9498482Z     Expected: visible
e2e (windows)	Run app e2e tests	2026-10-01T22:15:46.9498949Z     Timeout: 30000ms
e2e (windows)	Run app e2e tests	2026-10-01T22:15:46.9499444Z     Error: element(s) not found
e2e (windows)	Run app e2e tests	2026-10-01T22:15:46.9499790Z
e2e (windows)	Run app e2e tests	2026-10-01T22:15:46.9499935Z     Call log:
e2e (windows)	Run app e2e tests	2026-10-01T22:15:46.9500605Z       - Expect "toBeVisible" with timeout 30000ms
e2e (windows)	Run app e2e tests	2026-10-01T22:15:46.9501560Z       - waiting for getByRole('button', { name: 'Add project' }).first()
e2e (windows)	Run app e2e tests	2026-10-01T22:15:46.9502131Z
e2e (windows)	Run app e2e tests	2026-10-01T22:15:46.9502141Z
e2e (windows)	Run app e2e tests	2026-10-01T22:15:46.9502339Z        at utils\waits.ts:6
e2e (windows)	Run app e2e tests	2026-10-01T22:15:46.9502643Z
e2e (windows)	Run app e2e tests	2026-10-01T22:15:46.9502788Z       4 |
e2e (windows)	Run app e2e tests	2026-10-01T22:15:46.9503402Z       5 | export async function expectAppVisible(locator: Locator) {
e2e (windows)	Run app e2e tests	2026-10-01T22:15:46.9504298Z     > 6 |   await expect(locator).toBeVisible({ timeout: APP_READY_TIMEOUT })
e2e (windows)	Run app e2e tests	2026-10-01T22:15:46.9505057Z         |                         ^
e2e (windows)	Run app e2e tests	2026-10-01T22:15:46.9505521Z       7 | }
e2e (windows)	Run app e2e tests	2026-10-01T22:15:46.9505919Z       8 |
e2e (windows)	Run app e2e tests	2026-10-01T22:15:46.9506579Z       9 | export async function expectSessionTitle(page: Page, title: string) {
e2e (windows)	Run app e2e tests	2026-10-01T22:15:46.9507780Z         at expectAppVisible (D:\a\HuGR-Orchestra\HuGR-Orchestra\packages\app\e2e\utils\waits.ts:6:25)
e2e (windows)	Run app e2e tests	2026-10-01T22:15:46.9510110Z         at openProjectDialog (D:\a\HuGR-Orchestra\HuGR-Orchestra\packages\app\e2e\regression\project-picker-recent-search.spec.ts:40:9)
e2e (windows)	Run app e2e tests	2026-10-01T22:15:46.9511811Z         at D:\a\HuGR-Orchestra\HuGR-Orchestra\packages\app\e2e\regression\project-picker-recent-search.spec.ts:47:18
e2e (windows)	Run app e2e tests	2026-10-01T22:15:46.9512642Z
e2e (windows)	Run app e2e tests	2026-10-01T22:15:46.9513337Z     attachment #1: screenshot (image/png) ──────────────────────────────────────────────────────────
e2e (windows)	Run app e2e tests	2026-10-01T22:15:46.9514850Z     e2e\test-results\regression-project-picker--4bddb-t-just-the-five-most-recent-chromium-retry2\test-failed-1.png
e2e (windows)	Run app e2e tests	2026-10-01T22:15:46.9516397Z     ────────────────────────────────────────────────────────────────────────────────────────────────
e2e (windows)	Run app e2e tests	2026-10-01T22:15:46.9517205Z
e2e (windows)	Run app e2e tests	2026-10-01T22:15:46.9517982Z     attachment #2: video (video/webm) ──────────────────────────────────────────────────────────────
e2e (windows)	Run app e2e tests	2026-10-01T22:15:46.9519848Z     e2e\test-results\regression-project-picker--4bddb-t-just-the-five-most-recent-chromium-retry2\video.webm
e2e (windows)	Run app e2e tests	2026-10-01T22:15:46.9521409Z     ────────────────────────────────────────────────────────────────────────────────────────────────
e2e (windows)	Run app e2e tests	2026-10-01T22:15:46.9521965Z
e2e (windows)	Run app e2e tests	2026-10-01T22:15:46.9522975Z     Error Context: e2e\test-results\regression-project-picker--4bddb-t-just-the-five-most-recent-chromium-retry2\error-context.md
e2e (windows)	Run app e2e tests	2026-10-01T22:15:46.9524004Z
e2e (windows)	Run app e2e tests	2026-10-01T22:15:46.9524015Z
e2e (windows)	Run app e2e tests	2026-10-01T22:15:47.7018209Z [47/124] [chromium] › e2e\regression\project-picker-recent-search.spec.ts:55:1 › still caps the idle recent list at five projects
e2e (windows)	Run app e2e tests	2026-10-01T22:16:22.8123060Z [48/124] (retries) [chromium] › e2e\regression\project-picker-recent-search.spec.ts:55:1 › still caps the idle recent list at five projects (retry #1)
e2e (windows)	Run app e2e tests	2026-10-01T22:16:58.6360842Z [49/124] (retries) [chromium] › e2e\regression\project-picker-recent-search.spec.ts:55:1 › still caps the idle recent list at five projects (retry #2)
e2e (windows)	Run app e2e tests	2026-10-01T22:17:33.2859767Z   11) [chromium] › e2e\regression\project-picker-recent-search.spec.ts:55:1 › still caps the idle recent list at five projects
e2e (windows)	Run app e2e tests	2026-10-01T22:17:33.2861028Z
e2e (windows)	Run app e2e tests	2026-10-01T22:17:33.2862135Z     Error: expect(locator).toBeVisible() failed
e2e (windows)	Run app e2e tests	2026-10-01T22:17:33.2862799Z
e2e (windows)	Run app e2e tests	2026-10-01T22:17:33.2863219Z     Locator: getByRole('button', { name: 'Add project' }).first()
e2e (windows)	Run app e2e tests	2026-10-01T22:17:33.2863911Z     Expected: visible
e2e (windows)	Run app e2e tests	2026-10-01T22:17:33.2864404Z     Timeout: 30000ms
e2e (windows)	Run app e2e tests	2026-10-01T22:17:33.2864883Z     Error: element(s) not found
e2e (windows)	Run app e2e tests	2026-10-01T22:17:33.2865218Z
e2e (windows)	Run app e2e tests	2026-10-01T22:17:33.2865371Z     Call log:
e2e (windows)	Run app e2e tests	2026-10-01T22:17:33.2866110Z       - Expect "toBeVisible" with timeout 30000ms
e2e (windows)	Run app e2e tests	2026-10-01T22:17:33.2867149Z       - waiting for getByRole('button', { name: 'Add project' }).first()
e2e (windows)	Run app e2e tests	2026-10-01T22:17:33.2867785Z
e2e (windows)	Run app e2e tests	2026-10-01T22:17:33.2867796Z
e2e (windows)	Run app e2e tests	2026-10-01T22:17:33.2868001Z        at utils\waits.ts:6
e2e (windows)	Run app e2e tests	2026-10-01T22:17:33.2868326Z
e2e (windows)	Run app e2e tests	2026-10-01T22:17:33.2868475Z       4 |
e2e (windows)	Run app e2e tests	2026-10-01T22:17:33.2869126Z       5 | export async function expectAppVisible(locator: Locator) {
e2e (windows)	Run app e2e tests	2026-10-01T22:17:33.2870050Z     > 6 |   await expect(locator).toBeVisible({ timeout: APP_READY_TIMEOUT })
e2e (windows)	Run app e2e tests	2026-10-01T22:17:33.2870823Z         |                         ^
e2e (windows)	Run app e2e tests	2026-10-01T22:17:33.2871675Z       7 | }
e2e (windows)	Run app e2e tests	2026-10-01T22:17:33.2872112Z       8 |
e2e (windows)	Run app e2e tests	2026-10-01T22:17:33.2872779Z       9 | export async function expectSessionTitle(page: Page, title: string) {
e2e (windows)	Run app e2e tests	2026-10-01T22:17:33.2873998Z         at expectAppVisible (D:\a\HuGR-Orchestra\HuGR-Orchestra\packages\app\e2e\utils\waits.ts:6:25)
e2e (windows)	Run app e2e tests	2026-10-01T22:17:33.2875630Z         at openProjectDialog (D:\a\HuGR-Orchestra\HuGR-Orchestra\packages\app\e2e\regression\project-picker-recent-search.spec.ts:40:9)
e2e (windows)	Run app e2e tests	2026-10-01T22:17:33.2877106Z         at D:\a\HuGR-Orchestra\HuGR-Orchestra\packages\app\e2e\regression\project-picker-recent-search.spec.ts:56:3
e2e (windows)	Run app e2e tests	2026-10-01T22:17:33.2877608Z
e2e (windows)	Run app e2e tests	2026-10-01T22:17:33.2878083Z     attachment #1: screenshot (image/png) ──────────────────────────────────────────────────────────
e2e (windows)	Run app e2e tests	2026-10-01T22:17:33.2879714Z     e2e\test-results\regression-project-picker--4cd3c-ecent-list-at-five-projects-chromium\test-failed-1.png
e2e (windows)	Run app e2e tests	2026-10-01T22:17:33.2880598Z     ────────────────────────────────────────────────────────────────────────────────────────────────
e2e (windows)	Run app e2e tests	2026-10-01T22:17:33.2880937Z
e2e (windows)	Run app e2e tests	2026-10-01T22:17:33.2881354Z     attachment #2: video (video/webm) ──────────────────────────────────────────────────────────────
e2e (windows)	Run app e2e tests	2026-10-01T22:17:33.2882145Z     e2e\test-results\regression-project-picker--4cd3c-ecent-list-at-five-projects-chromium\video.webm
e2e (windows)	Run app e2e tests	2026-10-01T22:17:33.2882988Z     ────────────────────────────────────────────────────────────────────────────────────────────────
e2e (windows)	Run app e2e tests	2026-10-01T22:17:33.2883487Z
e2e (windows)	Run app e2e tests	2026-10-01T22:17:33.2884005Z     Error Context: e2e\test-results\regression-project-picker--4cd3c-ecent-list-at-five-projects-chromium\error-context.md
e2e (windows)	Run app e2e tests	2026-10-01T22:17:33.2884548Z
e2e (windows)	Run app e2e tests	2026-10-01T22:17:33.2884945Z     Retry #1 ───────────────────────────────────────────────────────────────────────────────────────
e2e (windows)	Run app e2e tests	2026-10-01T22:17:33.2885275Z
e2e (windows)	Run app e2e tests	2026-10-01T22:17:33.2885663Z     Error: expect(locator).toBeVisible() failed
e2e (windows)	Run app e2e tests	2026-10-01T22:17:33.2886040Z
e2e (windows)	Run app e2e tests	2026-10-01T22:17:33.2886249Z     Locator: getByRole('button', { name: 'Add project' }).first()
e2e (windows)	Run app e2e tests	2026-10-01T22:17:33.2886676Z     Expected: visible
e2e (windows)	Run app e2e tests	2026-10-01T22:17:33.2886946Z     Timeout: 30000ms
e2e (windows)	Run app e2e tests	2026-10-01T22:17:33.2887266Z     Error: element(s) not found
e2e (windows)	Run app e2e tests	2026-10-01T22:17:33.2887443Z
e2e (windows)	Run app e2e tests	2026-10-01T22:17:33.2887570Z     Call log:
e2e (windows)	Run app e2e tests	2026-10-01T22:17:33.2887982Z       - Expect "toBeVisible" with timeout 30000ms
e2e (windows)	Run app e2e tests	2026-10-01T22:17:33.2888560Z       - waiting for getByRole('button', { name: 'Add project' }).first()
e2e (windows)	Run app e2e tests	2026-10-01T22:17:33.2888911Z
e2e (windows)	Run app e2e tests	2026-10-01T22:17:33.2888918Z
e2e (windows)	Run app e2e tests	2026-10-01T22:17:33.2889057Z        at utils\waits.ts:6
e2e (windows)	Run app e2e tests	2026-10-01T22:17:33.2889215Z
e2e (windows)	Run app e2e tests	2026-10-01T22:17:33.2889334Z       4 |
e2e (windows)	Run app e2e tests	2026-10-01T22:17:33.2889739Z       5 | export async function expectAppVisible(locator: Locator) {
e2e (windows)	Run app e2e tests	2026-10-01T22:17:33.2890277Z     > 6 |   await expect(locator).toBeVisible({ timeout: APP_READY_TIMEOUT })
e2e (windows)	Run app e2e tests	2026-10-01T22:17:33.2890761Z         |                         ^
e2e (windows)	Run app e2e tests	2026-10-01T22:17:33.2891116Z       7 | }
e2e (windows)	Run app e2e tests	2026-10-01T22:17:33.2891704Z       8 |
e2e (windows)	Run app e2e tests	2026-10-01T22:17:33.2892448Z       9 | export async function expectSessionTitle(page: Page, title: string) {
e2e (windows)	Run app e2e tests	2026-10-01T22:17:33.2893683Z         at expectAppVisible (D:\a\HuGR-Orchestra\HuGR-Orchestra\packages\app\e2e\utils\waits.ts:6:25)
e2e (windows)	Run app e2e tests	2026-10-01T22:17:33.2898009Z         at openProjectDialog (D:\a\HuGR-Orchestra\HuGR-Orchestra\packages\app\e2e\regression\project-picker-recent-search.spec.ts:40:9)
e2e (windows)	Run app e2e tests	2026-10-01T22:17:33.2901840Z         at D:\a\HuGR-Orchestra\HuGR-Orchestra\packages\app\e2e\regression\project-picker-recent-search.spec.ts:56:3
e2e (windows)	Run app e2e tests	2026-10-01T22:17:33.2902915Z
e2e (windows)	Run app e2e tests	2026-10-01T22:17:33.2903469Z     attachment #1: screenshot (image/png) ──────────────────────────────────────────────────────────
e2e (windows)	Run app e2e tests	2026-10-01T22:17:33.2904943Z     e2e\test-results\regression-project-picker--4cd3c-ecent-list-at-five-projects-chromium-retry1\test-failed-1.png
e2e (windows)	Run app e2e tests	2026-10-01T22:17:33.2905873Z     ────────────────────────────────────────────────────────────────────────────────────────────────
e2e (windows)	Run app e2e tests	2026-10-01T22:17:33.2906214Z
e2e (windows)	Run app e2e tests	2026-10-01T22:17:33.2906625Z     attachment #2: video (video/webm) ──────────────────────────────────────────────────────────────
e2e (windows)	Run app e2e tests	2026-10-01T22:17:33.2907441Z     e2e\test-results\regression-project-picker--4cd3c-ecent-list-at-five-projects-chromium-retry1\video.webm
e2e (windows)	Run app e2e tests	2026-10-01T22:17:33.2908307Z     ────────────────────────────────────────────────────────────────────────────────────────────────
e2e (windows)	Run app e2e tests	2026-10-01T22:17:33.2908635Z
e2e (windows)	Run app e2e tests	2026-10-01T22:17:33.2909155Z     Error Context: e2e\test-results\regression-project-picker--4cd3c-ecent-list-at-five-projects-chromium-retry1\error-context.md
e2e (windows)	Run app e2e tests	2026-10-01T22:17:33.2909902Z
e2e (windows)	Run app e2e tests	2026-10-01T22:17:33.2910329Z     attachment #4: trace (application/zip) ─────────────────────────────────────────────────────────
e2e (windows)	Run app e2e tests	2026-10-01T22:17:33.2911178Z     e2e\test-results\regression-project-picker--4cd3c-ecent-list-at-five-projects-chromium-retry1\trace.zip
e2e (windows)	Run app e2e tests	2026-10-01T22:17:33.2912294Z     Usage:
e2e (windows)	Run app e2e tests	2026-10-01T22:17:33.2912453Z
e2e (windows)	Run app e2e tests	2026-10-01T22:17:33.2913012Z         npx playwright show-trace e2e\test-results\regression-project-picker--4cd3c-ecent-list-at-five-projects-chromium-retry1\trace.zip
e2e (windows)	Run app e2e tests	2026-10-01T22:17:33.2913640Z
e2e (windows)	Run app e2e tests	2026-10-01T22:17:33.2914015Z     ────────────────────────────────────────────────────────────────────────────────────────────────
e2e (windows)	Run app e2e tests	2026-10-01T22:17:33.2914343Z
e2e (windows)	Run app e2e tests	2026-10-01T22:17:33.2914710Z     Retry #2 ───────────────────────────────────────────────────────────────────────────────────────
e2e (windows)	Run app e2e tests	2026-10-01T22:17:33.2915015Z
e2e (windows)	Run app e2e tests	2026-10-01T22:17:33.2915420Z     Error: expect(locator).toBeVisible() failed
e2e (windows)	Run app e2e tests	2026-10-01T22:17:33.2915793Z
e2e (windows)	Run app e2e tests	2026-10-01T22:17:33.2916035Z     Locator: getByRole('button', { name: 'Add project' }).first()
e2e (windows)	Run app e2e tests	2026-10-01T22:17:33.2916444Z     Expected: visible
e2e (windows)	Run app e2e tests	2026-10-01T22:17:33.2916741Z     Timeout: 30000ms
e2e (windows)	Run app e2e tests	2026-10-01T22:17:33.2917056Z     Error: element(s) not found
e2e (windows)	Run app e2e tests	2026-10-01T22:17:33.2917229Z
e2e (windows)	Run app e2e tests	2026-10-01T22:17:33.2917348Z     Call log:
e2e (windows)	Run app e2e tests	2026-10-01T22:17:33.2917723Z       - Expect "toBeVisible" with timeout 30000ms
e2e (windows)	Run app e2e tests	2026-10-01T22:17:33.2918322Z       - waiting for getByRole('button', { name: 'Add project' }).first()
e2e (windows)	Run app e2e tests	2026-10-01T22:17:33.2918663Z
e2e (windows)	Run app e2e tests	2026-10-01T22:17:33.2918669Z
e2e (windows)	Run app e2e tests	2026-10-01T22:17:33.2918805Z        at utils\waits.ts:6
e2e (windows)	Run app e2e tests	2026-10-01T22:17:33.2918961Z
e2e (windows)	Run app e2e tests	2026-10-01T22:17:33.2919082Z       4 |
e2e (windows)	Run app e2e tests	2026-10-01T22:17:33.2919440Z       5 | export async function expectAppVisible(locator: Locator) {
e2e (windows)	Run app e2e tests	2026-10-01T22:17:33.2920006Z     > 6 |   await expect(locator).toBeVisible({ timeout: APP_READY_TIMEOUT })
e2e (windows)	Run app e2e tests	2026-10-01T22:17:33.2920450Z         |                         ^
e2e (windows)	Run app e2e tests	2026-10-01T22:17:33.2920774Z       7 | }
e2e (windows)	Run app e2e tests	2026-10-01T22:17:33.2921510Z       8 |
e2e (windows)	Run app e2e tests	2026-10-01T22:17:33.2922852Z       9 | export async function expectSessionTitle(page: Page, title: string) {
e2e (windows)	Run app e2e tests	2026-10-01T22:17:33.2923942Z         at expectAppVisible (D:\a\HuGR-Orchestra\HuGR-Orchestra\packages\app\e2e\utils\waits.ts:6:25)
e2e (windows)	Run app e2e tests	2026-10-01T22:17:33.2924901Z         at openProjectDialog (D:\a\HuGR-Orchestra\HuGR-Orchestra\packages\app\e2e\regression\project-picker-recent-search.spec.ts:40:9)
e2e (windows)	Run app e2e tests	2026-10-01T22:17:33.2925867Z         at D:\a\HuGR-Orchestra\HuGR-Orchestra\packages\app\e2e\regression\project-picker-recent-search.spec.ts:56:3
e2e (windows)	Run app e2e tests	2026-10-01T22:17:33.2926359Z
e2e (windows)	Run app e2e tests	2026-10-01T22:17:33.2926850Z     attachment #1: screenshot (image/png) ──────────────────────────────────────────────────────────
e2e (windows)	Run app e2e tests	2026-10-01T22:17:33.2927712Z     e2e\test-results\regression-project-picker--4cd3c-ecent-list-at-five-projects-chromium-retry2\test-failed-1.png
e2e (windows)	Run app e2e tests	2026-10-01T22:17:33.2928820Z     ────────────────────────────────────────────────────────────────────────────────────────────────
e2e (windows)	Run app e2e tests	2026-10-01T22:17:33.2929158Z
e2e (windows)	Run app e2e tests	2026-10-01T22:17:33.2930730Z     attachment #2: video (video/webm) ──────────────────────────────────────────────────────────────
e2e (windows)	Run app e2e tests	2026-10-01T22:17:33.2931845Z     e2e\test-results\regression-project-picker--4cd3c-ecent-list-at-five-projects-chromium-retry2\video.webm
e2e (windows)	Run app e2e tests	2026-10-01T22:17:33.2932821Z     ────────────────────────────────────────────────────────────────────────────────────────────────
e2e (windows)	Run app e2e tests	2026-10-01T22:17:33.2933135Z
e2e (windows)	Run app e2e tests	2026-10-01T22:17:33.2934023Z     Error Context: e2e\test-results\regression-project-picker--4cd3c-ecent-list-at-five-projects-chromium-retry2\error-context.md
e2e (windows)	Run app e2e tests	2026-10-01T22:17:33.2935251Z
e2e (windows)	Run app e2e tests	2026-10-01T22:17:33.2935271Z
e2e (windows)	Run app e2e tests	2026-10-01T22:17:34.0627738Z [50/124] [chromium] › e2e\regression\prompt-input-v2-command-draft.spec.ts:10:1 › preserves the draft when a populated command menu triggers a built-in
e2e (windows)	Run app e2e tests	2026-10-01T22:17:38.5356255Z [51/124] [chromium] › e2e\regression\prompt-thinking-level.spec.ts:10:1 › shows the V2 thinking level control while relevant
e2e (windows)	Run app e2e tests	2026-10-01T22:17:42.0786818Z [52/124] [chromium] › e2e\regression\remote-session-settings.spec.ts:14:1 › session settings use the remote server context
e2e (windows)	Run app e2e tests	2026-10-01T22:17:46.9709117Z [53/124] [chromium] › e2e\regression\remote-session-settings.spec.ts:46:1 › auto-accept responds for an unfocused server session
e2e (windows)	Run app e2e tests	2026-10-01T22:18:48.3585928Z [54/124] (retries) [chromium] › e2e\regression\remote-session-settings.spec.ts:46:1 › auto-accept responds for an unfocused server session (retry #1)
e2e (windows)	Run app e2e tests	2026-10-01T22:20:01.4126831Z [55/124] (retries) [chromium] › e2e\regression\remote-session-settings.spec.ts:46:1 › auto-accept responds for an unfocused server session (retry #2)
e2e (windows)	Run app e2e tests	2026-10-01T22:21:01.9489262Z   12) [chromium] › e2e\regression\remote-session-settings.spec.ts:46:1 › auto-accept responds for an unfocused server session
e2e (windows)	Run app e2e tests	2026-10-01T22:21:01.9490473Z
e2e (windows)	Run app e2e tests	2026-10-01T22:21:01.9491436Z     Test timeout of 60000ms exceeded.
e2e (windows)	Run app e2e tests	2026-10-01T22:21:01.9492655Z
e2e (windows)	Run app e2e tests	2026-10-01T22:21:01.9496338Z     Error: locator.click: Test timeout of 60000ms exceeded.
e2e (windows)	Run app e2e tests	2026-10-01T22:21:01.9498555Z     Call log:
e2e (windows)	Run app e2e tests	2026-10-01T22:21:01.9506111Z       - waiting for locator('[data-titlebar-tab-slot]:has(a[href="/server/aHR0cDovLzEyNy4wLjAuMTo0MDk3/session/ses_server_b"])')
e2e (windows)	Run app e2e tests	2026-10-01T22:21:01.9507406Z
e2e (windows)	Run app e2e tests	2026-10-01T22:21:01.9507426Z
e2e (windows)	Run app e2e tests	2026-10-01T22:21:01.9507788Z       74 |   await page.keyboard.press("Escape")
e2e (windows)	Run app e2e tests	2026-10-01T22:21:01.9508431Z       75 |
e2e (windows)	Run app e2e tests	2026-10-01T22:21:01.9509291Z     > 76 |   await page.locator(`[data-titlebar-tab-slot]:has(a[href="${hrefB}"])`).click()
e2e (windows)	Run app e2e tests	2026-10-01T22:21:01.9510357Z          |                                                                          ^
e2e (windows)	Run app e2e tests	2026-10-01T22:21:01.9511595Z       77 |   await expect(page).toHaveURL(new RegExp(`${hrefB.replace(/[.*+?^${}()|[\]\\]/g, "\\$&")}$`))
e2e (windows)	Run app e2e tests	2026-10-01T22:21:01.9513064Z       78 |   await expect(page.getByText(sessionB.title).first()).toBeVisible()
e2e (windows)	Run app e2e tests	2026-10-01T22:21:01.9513942Z       79 |   await transport.waitForConnection()
e2e (windows)	Run app e2e tests	2026-10-01T22:21:01.9515070Z         at D:\a\HuGR-Orchestra\HuGR-Orchestra\packages\app\e2e\regression\remote-session-settings.spec.ts:76:74
e2e (windows)	Run app e2e tests	2026-10-01T22:21:01.9515879Z
e2e (windows)	Run app e2e tests	2026-10-01T22:21:01.9516707Z     attachment #1: screenshot (image/png) ──────────────────────────────────────────────────────────
e2e (windows)	Run app e2e tests	2026-10-01T22:21:01.9518504Z     e2e\test-results\regression-remote-session--b7b39-an-unfocused-server-session-chromium\test-failed-1.png
e2e (windows)	Run app e2e tests	2026-10-01T22:21:01.9520049Z     ────────────────────────────────────────────────────────────────────────────────────────────────
e2e (windows)	Run app e2e tests	2026-10-01T22:21:01.9520569Z
e2e (windows)	Run app e2e tests	2026-10-01T22:21:01.9521261Z     attachment #2: video (video/webm) ──────────────────────────────────────────────────────────────
e2e (windows)	Run app e2e tests	2026-10-01T22:21:01.9522627Z     e2e\test-results\regression-remote-session--b7b39-an-unfocused-server-session-chromium\video.webm
e2e (windows)	Run app e2e tests	2026-10-01T22:21:01.9524074Z     ────────────────────────────────────────────────────────────────────────────────────────────────
e2e (windows)	Run app e2e tests	2026-10-01T22:21:01.9524644Z
e2e (windows)	Run app e2e tests	2026-10-01T22:21:01.9525527Z     Error Context: e2e\test-results\regression-remote-session--b7b39-an-unfocused-server-session-chromium\error-context.md
e2e (windows)	Run app e2e tests	2026-10-01T22:21:01.9526505Z
e2e (windows)	Run app e2e tests	2026-10-01T22:21:01.9527083Z     Retry #1 ───────────────────────────────────────────────────────────────────────────────────────
e2e (windows)	Run app e2e tests	2026-10-01T22:21:01.9527635Z
e2e (windows)	Run app e2e tests	2026-10-01T22:21:01.9527992Z     Test timeout of 60000ms exceeded.
e2e (windows)	Run app e2e tests	2026-10-01T22:21:01.9528391Z
e2e (windows)	Run app e2e tests	2026-10-01T22:21:01.9528738Z     Error: locator.click: Test timeout of 60000ms exceeded.
e2e (windows)	Run app e2e tests	2026-10-01T22:21:01.9529387Z     Call log:
e2e (windows)	Run app e2e tests	2026-10-01T22:21:01.9530632Z       - waiting for locator('[data-titlebar-tab-slot]:has(a[href="/server/aHR0cDovLzEyNy4wLjAuMTo0MDk3/session/ses_server_b"])')
e2e (windows)	Run app e2e tests	2026-10-01T22:21:01.9531626Z
e2e (windows)	Run app e2e tests	2026-10-01T22:21:01.9531658Z
e2e (windows)	Run app e2e tests	2026-10-01T22:21:01.9531958Z       74 |   await page.keyboard.press("Escape")
e2e (windows)	Run app e2e tests	2026-10-01T22:21:01.9532916Z       75 |
e2e (windows)	Run app e2e tests	2026-10-01T22:21:01.9539061Z     > 76 |   await page.locator(`[data-titlebar-tab-slot]:has(a[href="${hrefB}"])`).click()
e2e (windows)	Run app e2e tests	2026-10-01T22:21:01.9541221Z          |                                                                          ^
e2e (windows)	Run app e2e tests	2026-10-01T22:21:01.9542307Z       77 |   await expect(page).toHaveURL(new RegExp(`${hrefB.replace(/[.*+?^${}()|[\]\\]/g, "\\$&")}$`))
e2e (windows)	Run app e2e tests	2026-10-01T22:21:01.9543419Z       78 |   await expect(page.getByText(sessionB.title).first()).toBeVisible()
e2e (windows)	Run app e2e tests	2026-10-01T22:21:01.9544274Z       79 |   await transport.waitForConnection()
e2e (windows)	Run app e2e tests	2026-10-01T22:21:01.9545350Z         at D:\a\HuGR-Orchestra\HuGR-Orchestra\packages\app\e2e\regression\remote-session-settings.spec.ts:76:74
e2e (windows)	Run app e2e tests	2026-10-01T22:21:01.9546145Z
e2e (windows)	Run app e2e tests	2026-10-01T22:21:01.9546925Z     attachment #1: screenshot (image/png) ──────────────────────────────────────────────────────────
e2e (windows)	Run app e2e tests	2026-10-01T22:21:01.9548435Z     e2e\test-results\regression-remote-session--b7b39-an-unfocused-server-session-chromium-retry1\test-failed-1.png
e2e (windows)	Run app e2e tests	2026-10-01T22:21:01.9550271Z     ────────────────────────────────────────────────────────────────────────────────────────────────
e2e (windows)	Run app e2e tests	2026-10-01T22:21:01.9550831Z
e2e (windows)	Run app e2e tests	2026-10-01T22:21:01.9551472Z     attachment #2: video (video/webm) ──────────────────────────────────────────────────────────────
e2e (windows)	Run app e2e tests	2026-10-01T22:21:01.9552900Z     e2e\test-results\regression-remote-session--b7b39-an-unfocused-server-session-chromium-retry1\video.webm
e2e (windows)	Run app e2e tests	2026-10-01T22:21:01.9554364Z     ────────────────────────────────────────────────────────────────────────────────────────────────
e2e (windows)	Run app e2e tests	2026-10-01T22:21:01.9554909Z
e2e (windows)	Run app e2e tests	2026-10-01T22:21:01.9556183Z     Error Context: e2e\test-results\regression-remote-session--b7b39-an-unfocused-server-session-chromium-retry1\error-context.md
e2e (windows)	Run app e2e tests	2026-10-01T22:21:01.9557233Z
e2e (windows)	Run app e2e tests	2026-10-01T22:21:01.9557904Z     attachment #4: trace (application/zip) ─────────────────────────────────────────────────────────
e2e (windows)	Run app e2e tests	2026-10-01T22:21:01.9559385Z     e2e\test-results\regression-remote-session--b7b39-an-unfocused-server-session-chromium-retry1\trace.zip
e2e (windows)	Run app e2e tests	2026-10-01T22:21:01.9560454Z     Usage:
e2e (windows)	Run app e2e tests	2026-10-01T22:21:01.9560672Z
e2e (windows)	Run app e2e tests	2026-10-01T22:21:01.9561679Z         npx playwright show-trace e2e\test-results\regression-remote-session--b7b39-an-unfocused-server-session-chromium-retry1\trace.zip
e2e (windows)	Run app e2e tests	2026-10-01T22:21:01.9562762Z
e2e (windows)	Run app e2e tests	2026-10-01T22:21:01.9563374Z     ────────────────────────────────────────────────────────────────────────────────────────────────
e2e (windows)	Run app e2e tests	2026-10-01T22:21:01.9563879Z
e2e (windows)	Run app e2e tests	2026-10-01T22:21:01.9564504Z     Retry #2 ───────────────────────────────────────────────────────────────────────────────────────
e2e (windows)	Run app e2e tests	2026-10-01T22:21:01.9565123Z
e2e (windows)	Run app e2e tests	2026-10-01T22:21:01.9565561Z     Test timeout of 60000ms exceeded.
e2e (windows)	Run app e2e tests	2026-10-01T22:21:01.9565992Z
e2e (windows)	Run app e2e tests	2026-10-01T22:21:01.9566297Z     Error: locator.click: Test timeout of 60000ms exceeded.
e2e (windows)	Run app e2e tests	2026-10-01T22:21:01.9566937Z     Call log:
e2e (windows)	Run app e2e tests	2026-10-01T22:21:01.9568250Z       - waiting for locator('[data-titlebar-tab-slot]:has(a[href="/server/aHR0cDovLzEyNy4wLjAuMTo0MDk3/session/ses_server_b"])')
e2e (windows)	Run app e2e tests	2026-10-01T22:21:01.9569256Z
e2e (windows)	Run app e2e tests	2026-10-01T22:21:01.9569266Z
e2e (windows)	Run app e2e tests	2026-10-01T22:21:01.9569793Z       74 |   await page.keyboard.press("Escape")
e2e (windows)	Run app e2e tests	2026-10-01T22:21:01.9570353Z       75 |
e2e (windows)	Run app e2e tests	2026-10-01T22:21:01.9571104Z     > 76 |   await page.locator(`[data-titlebar-tab-slot]:has(a[href="${hrefB}"])`).click()
e2e (windows)	Run app e2e tests	2026-10-01T22:21:01.9572026Z          |                                                                          ^
e2e (windows)	Run app e2e tests	2026-10-01T22:21:01.9573072Z       77 |   await expect(page).toHaveURL(new RegExp(`${hrefB.replace(/[.*+?^${}()|[\]\\]/g, "\\$&")}$`))
e2e (windows)	Run app e2e tests	2026-10-01T22:21:01.9574182Z       78 |   await expect(page.getByText(sessionB.title).first()).toBeVisible()
e2e (windows)	Run app e2e tests	2026-10-01T22:21:01.9575062Z       79 |   await transport.waitForConnection()
e2e (windows)	Run app e2e tests	2026-10-01T22:21:01.9576423Z         at D:\a\HuGR-Orchestra\HuGR-Orchestra\packages\app\e2e\regression\remote-session-settings.spec.ts:76:74
e2e (windows)	Run app e2e tests	2026-10-01T22:21:01.9577419Z
e2e (windows)	Run app e2e tests	2026-10-01T22:21:01.9578137Z     attachment #1: screenshot (image/png) ──────────────────────────────────────────────────────────
e2e (windows)	Run app e2e tests	2026-10-01T22:21:01.9579969Z     e2e\test-results\regression-remote-session--b7b39-an-unfocused-server-session-chromium-retry2\test-failed-1.png
e2e (windows)	Run app e2e tests	2026-10-01T22:21:01.9582634Z     ────────────────────────────────────────────────────────────────────────────────────────────────
e2e (windows)	Run app e2e tests	2026-10-01T22:21:01.9583192Z
e2e (windows)	Run app e2e tests	2026-10-01T22:21:01.9583831Z     attachment #2: video (video/webm) ──────────────────────────────────────────────────────────────
e2e (windows)	Run app e2e tests	2026-10-01T22:21:01.9585226Z     e2e\test-results\regression-remote-session--b7b39-an-unfocused-server-session-chromium-retry2\video.webm
e2e (windows)	Run app e2e tests	2026-10-01T22:21:01.9586650Z     ────────────────────────────────────────────────────────────────────────────────────────────────
e2e (windows)	Run app e2e tests	2026-10-01T22:21:01.9587186Z
e2e (windows)	Run app e2e tests	2026-10-01T22:21:01.9588121Z     Error Context: e2e\test-results\regression-remote-session--b7b39-an-unfocused-server-session-chromium-retry2\error-context.md
e2e (windows)	Run app e2e tests	2026-10-01T22:21:01.9589158Z
e2e (windows)	Run app e2e tests	2026-10-01T22:21:01.9589169Z
e2e (windows)	Run app e2e tests	2026-10-01T22:21:02.8027998Z [56/124] [chromium] › e2e\regression\remote-tab-busy.spec.ts:10:1 › tab busy indicator reflects the tab server's own session status
e2e (windows)	Run app e2e tests	2026-10-01T22:21:17.3538527Z [57/124] (retries) [chromium] › e2e\regression\remote-tab-busy.spec.ts:10:1 › tab busy indicator reflects the tab server's own session status (retry #1)
e2e (windows)	Run app e2e tests	2026-10-01T22:21:34.4474628Z [58/124] (retries) [chromium] › e2e\regression\remote-tab-busy.spec.ts:10:1 › tab busy indicator reflects the tab server's own session status (retry #2)
e2e (windows)	Run app e2e tests	2026-10-01T22:21:48.4670869Z   13) [chromium] › e2e\regression\remote-tab-busy.spec.ts:10:1 › tab busy indicator reflects the tab server's own session status
e2e (windows)	Run app e2e tests	2026-10-01T22:21:48.4672599Z
e2e (windows)	Run app e2e tests	2026-10-01T22:21:48.4673366Z     Error: expect(locator).toBeVisible() failed
e2e (windows)	Run app e2e tests	2026-10-01T22:21:48.4673985Z
e2e (windows)	Run app e2e tests	2026-10-01T22:21:48.4675320Z     Locator: locator('[data-titlebar-tab-slot]:has(a[href="/server/aHR0cDovLzEyNy4wLjAuMTo0MDk3/session/ses_server_b"])').locator('[data-component="session-progress-indicator-v2"]')
e2e (windows)	Run app e2e tests	2026-10-01T22:21:48.4678289Z     Expected: visible
e2e (windows)	Run app e2e tests	2026-10-01T22:21:48.4678799Z     Timeout: 10000ms
e2e (windows)	Run app e2e tests	2026-10-01T22:21:48.4679329Z     Error: element(s) not found
e2e (windows)	Run app e2e tests	2026-10-01T22:21:48.4679626Z
e2e (windows)	Run app e2e tests	2026-10-01T22:21:48.4679814Z     Call log:
e2e (windows)	Run app e2e tests	2026-10-01T22:21:48.4680529Z       - Expect "toBeVisible" with timeout 10000ms
e2e (windows)	Run app e2e tests	2026-10-01T22:21:48.4683362Z       - waiting for locator('[data-titlebar-tab-slot]:has(a[href="/server/aHR0cDovLzEyNy4wLjAuMTo0MDk3/session/ses_server_b"])').locator('[data-component="session-progress-indicator-v2"]')
e2e (windows)	Run app e2e tests	2026-10-01T22:21:48.4684840Z
e2e (windows)	Run app e2e tests	2026-10-01T22:21:48.4684853Z
e2e (windows)	Run app e2e tests	2026-10-01T22:21:48.4685414Z       33 |   // busy indicator must come from the tab server's status, not the active server's.
e2e (windows)	Run app e2e tests	2026-10-01T22:21:48.4686564Z       34 |   const tabB = page.locator(`[data-titlebar-tab-slot]:has(a[href="${hrefB}"])`)
e2e (windows)	Run app e2e tests	2026-10-01T22:21:48.4687858Z     > 35 |   await expect(tabB.locator('[data-component="session-progress-indicator-v2"]')).toBeVisible()
e2e (windows)	Run app e2e tests	2026-10-01T22:21:48.4688930Z          |                                                                                  ^
e2e (windows)	Run app e2e tests	2026-10-01T22:21:48.4689902Z       36 |
e2e (windows)	Run app e2e tests	2026-10-01T22:21:48.4690613Z       37 |   const tabA = page.locator(`[data-titlebar-tab-slot]:has(a[href="${hrefA}"])`)
e2e (windows)	Run app e2e tests	2026-10-01T22:21:48.4692154Z       38 |   await expect(tabA.locator("[data-titlebar-tab-title]")).toHaveText(sessionA.title)
e2e (windows)	Run app e2e tests	2026-10-01T22:21:48.4693456Z         at D:\a\HuGR-Orchestra\HuGR-Orchestra\packages\app\e2e\regression\remote-tab-busy.spec.ts:35:82
e2e (windows)	Run app e2e tests	2026-10-01T22:21:48.4694224Z
e2e (windows)	Run app e2e tests	2026-10-01T22:21:48.4695029Z     attachment #1: screenshot (image/png) ──────────────────────────────────────────────────────────
e2e (windows)	Run app e2e tests	2026-10-01T22:21:48.4696469Z     e2e\test-results\regression-remote-tab-busy-354e5-server-s-own-session-status-chromium\test-failed-1.png
e2e (windows)	Run app e2e tests	2026-10-01T22:21:48.4698239Z     ────────────────────────────────────────────────────────────────────────────────────────────────
e2e (windows)	Run app e2e tests	2026-10-01T22:21:48.4698795Z
e2e (windows)	Run app e2e tests	2026-10-01T22:21:48.4699461Z     attachment #2: video (video/webm) ──────────────────────────────────────────────────────────────
e2e (windows)	Run app e2e tests	2026-10-01T22:21:48.4700886Z     e2e\test-results\regression-remote-tab-busy-354e5-server-s-own-session-status-chromium\video.webm
e2e (windows)	Run app e2e tests	2026-10-01T22:21:48.4702352Z     ────────────────────────────────────────────────────────────────────────────────────────────────
e2e (windows)	Run app e2e tests	2026-10-01T22:21:48.4702859Z
e2e (windows)	Run app e2e tests	2026-10-01T22:21:48.4703756Z     Error Context: e2e\test-results\regression-remote-tab-busy-354e5-server-s-own-session-status-chromium\error-context.md
e2e (windows)	Run app e2e tests	2026-10-01T22:21:48.4704743Z
e2e (windows)	Run app e2e tests	2026-10-01T22:21:48.4705375Z     Retry #1 ───────────────────────────────────────────────────────────────────────────────────────
e2e (windows)	Run app e2e tests	2026-10-01T22:21:48.4705948Z
e2e (windows)	Run app e2e tests	2026-10-01T22:21:48.4706557Z     Error: expect(locator).toBeVisible() failed
e2e (windows)	Run app e2e tests	2026-10-01T22:21:48.4707226Z
e2e (windows)	Run app e2e tests	2026-10-01T22:21:48.4708477Z     Locator: locator('[data-titlebar-tab-slot]:has(a[href="/server/aHR0cDovLzEyNy4wLjAuMTo0MDk3/session/ses_server_b"])').locator('[data-component="session-progress-indicator-v2"]')
e2e (windows)	Run app e2e tests	2026-10-01T22:21:48.4709929Z     Expected: visible
e2e (windows)	Run app e2e tests	2026-10-01T22:21:48.4710398Z     Timeout: 10000ms
e2e (windows)	Run app e2e tests	2026-10-01T22:21:48.4710859Z     Error: element(s) not found
e2e (windows)	Run app e2e tests	2026-10-01T22:21:48.4711195Z
e2e (windows)	Run app e2e tests	2026-10-01T22:21:48.4711668Z     Call log:
e2e (windows)	Run app e2e tests	2026-10-01T22:21:48.4712331Z       - Expect "toBeVisible" with timeout 10000ms
e2e (windows)	Run app e2e tests	2026-10-01T22:21:48.4714291Z       - waiting for locator('[data-titlebar-tab-slot]:has(a[href="/server/aHR0cDovLzEyNy4wLjAuMTo0MDk3/session/ses_server_b"])').locator('[data-component="session-progress-indicator-v2"]')
e2e (windows)	Run app e2e tests	2026-10-01T22:21:48.4722207Z
e2e (windows)	Run app e2e tests	2026-10-01T22:21:48.4722234Z
e2e (windows)	Run app e2e tests	2026-10-01T22:21:48.4723275Z       33 |   // busy indicator must come from the tab server's status, not the active server's.
e2e (windows)	Run app e2e tests	2026-10-01T22:21:48.4724495Z       34 |   const tabB = page.locator(`[data-titlebar-tab-slot]:has(a[href="${hrefB}"])`)
e2e (windows)	Run app e2e tests	2026-10-01T22:21:48.4725741Z     > 35 |   await expect(tabB.locator('[data-component="session-progress-indicator-v2"]')).toBeVisible()
e2e (windows)	Run app e2e tests	2026-10-01T22:21:48.4727387Z          |                                                                                  ^
e2e (windows)	Run app e2e tests	2026-10-01T22:21:48.4728054Z       36 |
e2e (windows)	Run app e2e tests	2026-10-01T22:21:48.4728833Z       37 |   const tabA = page.locator(`[data-titlebar-tab-slot]:has(a[href="${hrefA}"])`)
e2e (windows)	Run app e2e tests	2026-10-01T22:21:48.4730006Z       38 |   await expect(tabA.locator("[data-titlebar-tab-title]")).toHaveText(sessionA.title)
e2e (windows)	Run app e2e tests	2026-10-01T22:21:48.4731326Z         at D:\a\HuGR-Orchestra\HuGR-Orchestra\packages\app\e2e\regression\remote-tab-busy.spec.ts:35:82
e2e (windows)	Run app e2e tests	2026-10-01T22:21:48.4732371Z
e2e (windows)	Run app e2e tests	2026-10-01T22:21:48.4733158Z     attachment #1: screenshot (image/png) ──────────────────────────────────────────────────────────
e2e (windows)	Run app e2e tests	2026-10-01T22:21:48.4734666Z     e2e\test-results\regression-remote-tab-busy-354e5-server-s-own-session-status-chromium-retry1\test-failed-1.png
e2e (windows)	Run app e2e tests	2026-10-01T22:21:48.4736492Z     ────────────────────────────────────────────────────────────────────────────────────────────────
e2e (windows)	Run app e2e tests	2026-10-01T22:21:48.4737028Z
e2e (windows)	Run app e2e tests	2026-10-01T22:21:48.4737701Z     attachment #2: video (video/webm) ──────────────────────────────────────────────────────────────
e2e (windows)	Run app e2e tests	2026-10-01T22:21:48.4739124Z     e2e\test-results\regression-remote-tab-busy-354e5-server-s-own-session-status-chromium-retry1\video.webm
e2e (windows)	Run app e2e tests	2026-10-01T22:21:48.4740590Z     ────────────────────────────────────────────────────────────────────────────────────────────────
e2e (windows)	Run app e2e tests	2026-10-01T22:21:48.4741127Z
e2e (windows)	Run app e2e tests	2026-10-01T22:21:48.4742087Z     Error Context: e2e\test-results\regression-remote-tab-busy-354e5-server-s-own-session-status-chromium-retry1\error-context.md
e2e (windows)	Run app e2e tests	2026-10-01T22:21:48.4743124Z
e2e (windows)	Run app e2e tests	2026-10-01T22:21:48.4743793Z     attachment #4: trace (application/zip) ─────────────────────────────────────────────────────────
e2e (windows)	Run app e2e tests	2026-10-01T22:21:48.4745244Z     e2e\test-results\regression-remote-tab-busy-354e5-server-s-own-session-status-chromium-retry1\trace.zip
e2e (windows)	Run app e2e tests	2026-10-01T22:21:48.4746311Z     Usage:
e2e (windows)	Run app e2e tests	2026-10-01T22:21:48.4746540Z
e2e (windows)	Run app e2e tests	2026-10-01T22:21:48.4747538Z         npx playwright show-trace e2e\test-results\regression-remote-tab-busy-354e5-server-s-own-session-status-chromium-retry1\trace.zip
e2e (windows)	Run app e2e tests	2026-10-01T22:21:48.4748644Z
e2e (windows)	Run app e2e tests	2026-10-01T22:21:48.4749220Z     ────────────────────────────────────────────────────────────────────────────────────────────────
e2e (windows)	Run app e2e tests	2026-10-01T22:21:48.4749769Z
e2e (windows)	Run app e2e tests	2026-10-01T22:21:48.4750389Z     Retry #2 ───────────────────────────────────────────────────────────────────────────────────────
e2e (windows)	Run app e2e tests	2026-10-01T22:21:48.4750938Z
e2e (windows)	Run app e2e tests	2026-10-01T22:21:48.4751581Z     Error: expect(locator).toBeVisible() failed
e2e (windows)	Run app e2e tests	2026-10-01T22:21:48.4752464Z
e2e (windows)	Run app e2e tests	2026-10-01T22:21:48.4753713Z     Locator: locator('[data-titlebar-tab-slot]:has(a[href="/server/aHR0cDovLzEyNy4wLjAuMTo0MDk3/session/ses_server_b"])').locator('[data-component="session-progress-indicator-v2"]')
e2e (windows)	Run app e2e tests	2026-10-01T22:21:48.4755199Z     Expected: visible
e2e (windows)	Run app e2e tests	2026-10-01T22:21:48.4755621Z     Timeout: 10000ms
e2e (windows)	Run app e2e tests	2026-10-01T22:21:48.4756112Z     Error: element(s) not found
e2e (windows)	Run app e2e tests	2026-10-01T22:21:48.4756910Z
e2e (windows)	Run app e2e tests	2026-10-01T22:21:48.4757104Z     Call log:
e2e (windows)	Run app e2e tests	2026-10-01T22:21:48.4758189Z       - Expect "toBeVisible" with timeout 10000ms
e2e (windows)	Run app e2e tests	2026-10-01T22:21:48.4761156Z       - waiting for locator('[data-titlebar-tab-slot]:has(a[href="/server/aHR0cDovLzEyNy4wLjAuMTo0MDk3/session/ses_server_b"])').locator('[data-component="session-progress-indicator-v2"]')
e2e (windows)	Run app e2e tests	2026-10-01T22:21:48.4762562Z
e2e (windows)	Run app e2e tests	2026-10-01T22:21:48.4762573Z
e2e (windows)	Run app e2e tests	2026-10-01T22:21:48.4763103Z       33 |   // busy indicator must come from the tab server's status, not the active server's.
e2e (windows)	Run app e2e tests	2026-10-01T22:21:48.4764188Z       34 |   const tabB = page.locator(`[data-titlebar-tab-slot]:has(a[href="${hrefB}"])`)
e2e (windows)	Run app e2e tests	2026-10-01T22:21:48.4765426Z     > 35 |   await expect(tabB.locator('[data-component="session-progress-indicator-v2"]')).toBeVisible()
e2e (windows)	Run app e2e tests	2026-10-01T22:21:48.4766684Z          |                                                                                  ^
e2e (windows)	Run app e2e tests	2026-10-01T22:21:48.4767310Z       36 |
e2e (windows)	Run app e2e tests	2026-10-01T22:21:48.4767988Z       37 |   const tabA = page.locator(`[data-titlebar-tab-slot]:has(a[href="${hrefA}"])`)
e2e (windows)	Run app e2e tests	2026-10-01T22:21:48.4769116Z       38 |   await expect(tabA.locator("[data-titlebar-tab-title]")).toHaveText(sessionA.title)
e2e (windows)	Run app e2e tests	2026-10-01T22:21:48.4770337Z         at D:\a\HuGR-Orchestra\HuGR-Orchestra\packages\app\e2e\regression\remote-tab-busy.spec.ts:35:82
e2e (windows)	Run app e2e tests	2026-10-01T22:21:48.4771054Z
e2e (windows)	Run app e2e tests	2026-10-01T22:21:48.4771762Z     attachment #1: screenshot (image/png) ──────────────────────────────────────────────────────────
e2e (windows)	Run app e2e tests	2026-10-01T22:21:48.4773244Z     e2e\test-results\regression-remote-tab-busy-354e5-server-s-own-session-status-chromium-retry2\test-failed-1.png
e2e (windows)	Run app e2e tests	2026-10-01T22:21:48.4774759Z     ────────────────────────────────────────────────────────────────────────────────────────────────
e2e (windows)	Run app e2e tests	2026-10-01T22:21:48.4775302Z
e2e (windows)	Run app e2e tests	2026-10-01T22:21:48.4775916Z     attachment #2: video (video/webm) ──────────────────────────────────────────────────────────────
e2e (windows)	Run app e2e tests	2026-10-01T22:21:48.4777284Z     e2e\test-results\regression-remote-tab-busy-354e5-server-s-own-session-status-chromium-retry2\video.webm
e2e (windows)	Run app e2e tests	2026-10-01T22:21:48.4778720Z     ────────────────────────────────────────────────────────────────────────────────────────────────
e2e (windows)	Run app e2e tests	2026-10-01T22:21:48.4779242Z
e2e (windows)	Run app e2e tests	2026-10-01T22:21:48.4780685Z     Error Context: e2e\test-results\regression-remote-tab-busy-354e5-server-s-own-session-status-chromium-retry2\error-context.md
e2e (windows)	Run app e2e tests	2026-10-01T22:21:48.4781697Z
e2e (windows)	Run app e2e tests	2026-10-01T22:21:48.4781708Z
e2e (windows)	Run app e2e tests	2026-10-01T22:21:49.2692509Z [59/124] [chromium] › e2e\regression\review-image-flash.spec.ts:11:1 › clicking an image file in the v2 review pane does not blank the panel
e2e (windows)	Run app e2e tests	2026-10-01T22:21:54.7333849Z [60/124] [chromium] › e2e\regression\review-line-comment.spec.ts:14:1 › opens the comment editor when code is clicked
e2e (windows)	Run app e2e tests	2026-10-01T22:21:59.5609103Z [61/124] [chromium] › e2e\regression\review-line-comment.spec.ts:24:1 › opens the comment editor when a line number is clicked
e2e (windows)	Run app e2e tests	2026-10-01T22:22:03.8558492Z [62/124] [chromium] › e2e\regression\review-line-comment.spec.ts:34:1 › opens the comment editor for a line number range
e2e (windows)	Run app e2e tests	2026-10-01T22:22:07.8153020Z [63/124] [chromium] › e2e\regression\review-line-comment.spec.ts:47:1 › shows a comment button when a line number is hovered
e2e (windows)	Run app e2e tests	2026-10-01T22:22:11.8493642Z [64/124] [chromium] › e2e\regression\review-line-comment.spec.ts:66:1 › stages a submitted line comment in the prompt context
e2e (windows)	Run app e2e tests	2026-10-01T22:22:15.8518676Z [65/124] [chromium] › e2e\regression\review-open-file.spec.ts:14:1 › opens and searches project files inline
e2e (windows)	Run app e2e tests	2026-10-01T22:22:22.6137284Z [66/124] [chromium] › e2e\regression\review-state-persistence.spec.ts:16:1 › restores review mode and selected file per session
e2e (windows)	Run app e2e tests	2026-10-01T22:22:32.1433394Z [67/124] [chromium] › e2e\regression\review-tab-switch.spec.ts:24:1 › keeps the v2 review pane mounted when switching session tabs in a workspace
e2e (windows)	Run app e2e tests	2026-10-01T22:22:37.5907986Z [68/124] [chromium] › e2e\regression\review-terminal-stacked.spec.ts:20:1 › keeps the review tree and terminal sized when both panels are open
e2e (windows)	Run app e2e tests	2026-10-01T22:22:50.6240750Z [69/124] [chromium] › e2e\regression\session-list-path-loading.spec.ts:6:1 › shows loaded sessions before the directory path request resolves
e2e (windows)	Run app e2e tests	2026-10-01T22:22:54.0047698Z [70/124] [chromium] › e2e\regression\session-rename.spec.ts:46:3 › saves the session heading on Enter
e2e (windows)	Run app e2e tests	2026-10-01T22:23:01.6878174Z [71/124] [chromium] › e2e\regression\session-rename.spec.ts:46:3 › saves the session heading on blur
e2e (windows)	Run app e2e tests	2026-10-01T22:23:08.6318936Z [72/124] [chromium] › e2e\regression\session-rename.spec.ts:46:3 › saves the session heading on click outside
e2e (windows)	Run app e2e tests	2026-10-01T22:23:15.7369781Z [73/124] [chromium] › e2e\regression\session-rename.spec.ts:61:1 › cancels the session heading with Escape
e2e (windows)	Run app e2e tests	2026-10-01T22:23:22.5176642Z [74/124] [chromium] › e2e\regression\session-rename.spec.ts:71:1 › keeps the draft when saving the session heading fails
e2e (windows)	Run app e2e tests	2026-10-01T22:23:26.5134283Z [75/124] [chromium] › e2e\regression\session-rename.spec.ts:88:1 › does not save an empty session heading
e2e (windows)	Run app e2e tests	2026-10-01T22:23:33.3546541Z [76/124] [chromium] › e2e\regression\session-rename.spec.ts:98:1 › renames and closes the session tab from its context menu
e2e (windows)	Run app e2e tests	2026-10-01T22:23:41.3651371Z [77/124] [chromium] › e2e\regression\session-rename.spec.ts:124:1 › renames an inactive tab without switching sessions
e2e (windows)	Run app e2e tests	2026-10-01T22:23:48.6307495Z [78/124] [chromium] › e2e\regression\session-request-docks.spec.ts:12:1 › shows a pending question dock
e2e (windows)	Run app e2e tests	2026-10-01T22:23:53.0541864Z [79/124] [chromium] › e2e\regression\session-request-docks.spec.ts:81:1 › shows a pending permission dock
e2e (windows)	Run app e2e tests	2026-10-01T22:23:55.8732705Z [80/124] [chromium] › e2e\regression\session-request-docks.spec.ts:112:1 › restores the draft caret before typing after a request dock closes
e2e (windows)	Run app e2e tests	2026-10-01T22:23:59.2730241Z [81/124] [chromium] › e2e\regression\session-timeline-accessibility.spec.ts:4:1 › space activates a focused timeline button instead of scrolling
e2e (windows)	Run app e2e tests	2026-10-01T22:24:02.3128752Z [82/124] [chromium] › e2e\regression\session-timeline-collapse-state.spec.ts:104:3 › regression: session timeline local row state › keeps a manually collapsed tool collapsed when later assistant content streams
e2e (windows)	Run app e2e tests	2026-10-01T22:24:06.1358700Z [83/124] [chromium] › e2e\regression\session-timeline-collapse-state.spec.ts:139:3 › regression: session timeline local row state › does not remount an edit diff when sibling parts or diff counts update
e2e (windows)	Run app e2e tests	2026-10-01T22:24:10.6915115Z [84/124] [chromium] › e2e\regression\session-timeline-collapse-state.spec.ts:195:3 › regression: session timeline local row state › keeps a sticky edit header aligned with a multi-hunk diff
e2e (windows)	Run app e2e tests	2026-10-01T22:24:15.2999786Z [85/124] [chromium] › e2e\regression\session-timeline-context-resize.spec.ts:28:3 › regression: session timeline context group resize › remeasures a recent explored context group before the next paint
e2e (windows)	Run app e2e tests	2026-10-01T22:24:19.1326622Z [86/124] [chromium] › e2e\regression\session-timeline-context-resize.spec.ts:47:3 › regression: session timeline context group resize › paints a stable exploring to explored transition
e2e (windows)	Run app e2e tests	2026-10-01T22:24:24.3191992Z [87/124] [chromium] › e2e\regression\session-timeline-context-state.spec.ts:10:1 › preserves a collapsed context group through count and status updates
e2e (windows)	Run app e2e tests	2026-10-01T22:24:27.7199026Z [88/124] [chromium] › e2e\regression\session-timeline-file-projection.spec.ts:4:1 › renders completed write content
e2e (windows)	Run app e2e tests	2026-10-01T22:24:31.0357578Z [89/124] [chromium] › e2e\regression\session-timeline-file-projection.spec.ts:19:1 › renders a completed single-file patch
e2e (windows)	Run app e2e tests	2026-10-01T22:24:36.7753660Z [90/124] [chromium] › e2e\regression\session-timeline-file-state.spec.ts:10:1 › updates edit diagnostics without resetting manual collapse state
e2e (windows)	Run app e2e tests	2026-10-01T22:24:42.2460891Z [91/124] [chromium] › e2e\regression\session-timeline-file-state.spec.ts:29:1 › preserves nested patch file state through outer collapse and reopen
e2e (windows)	Run app e2e tests	2026-10-01T22:24:47.6873913Z [92/124] [chromium] › e2e\regression\session-timeline-history-root.spec.ts:51:3 › keeps visible timeline content visible through completion
e2e (windows)	Run app e2e tests	2026-10-01T22:24:51.6448402Z [93/124] [chromium] › e2e\regression\session-timeline-history-root.spec.ts:51:3 › keeps visible timeline content visible through interruption
e2e (windows)	Run app e2e tests	2026-10-01T22:24:55.3368650Z [94/124] [chromium] › e2e\regression\session-timeline-lifecycle-state.spec.ts:16:3 › preserves shell user intent from a collapsed default
e2e (windows)	Run app e2e tests	2026-10-01T22:24:59.9092509Z [95/124] [chromium] › e2e\regression\session-timeline-lifecycle-state.spec.ts:16:3 › preserves shell user intent from a expanded default
e2e (windows)	Run app e2e tests	2026-10-01T22:25:04.3913081Z [96/124] [chromium] › e2e\regression\session-timeline-lifecycle-state.spec.ts:35:1 › shows and expands a running shell command without shimmering it
e2e (windows)	Run app e2e tests	2026-10-01T22:25:08.3401703Z [97/124] [chromium] › e2e\regression\session-timeline-lifecycle-state.spec.ts:52:1 › transitions thinking and hidden reasoning through busy to idle
e2e (windows)	Run app e2e tests	2026-10-01T22:25:12.8834952Z [98/124] [chromium] › e2e\regression\session-timeline-lifecycle-state.spec.ts:74:1 › moves busy through retry and recovery to final idle content
e2e (windows)	Run app e2e tests	2026-10-01T22:25:17.6012392Z [99/124] [chromium] › e2e\regression\session-timeline-locale-projection.spec.ts:8:3 › projects translated context status in de
e2e (windows)	Run app e2e tests	2026-10-01T22:25:21.2653266Z [100/124] [chromium] › e2e\regression\session-timeline-locale-projection.spec.ts:8:3 › projects translated context status in ar
e2e (windows)	Run app e2e tests	2026-10-01T22:25:24.9299196Z [101/124] [chromium] › e2e\regression\session-timeline-projection.spec.ts:13:3 › session timeline projection › renders every admitted tool family and hides timeline-only exclusions
e2e (windows)	Run app e2e tests	2026-10-01T22:25:29.0366875Z [102/124] [chromium] › e2e\regression\session-timeline-projection.spec.ts:71:3 › session timeline projection › projects gaps, dividers, assistant parts, and errors together
e2e (windows)	Run app e2e tests	2026-10-01T22:25:33.1568929Z [103/124] [chromium] › e2e\regression\session-timeline-projection.spec.ts:131:3 › session timeline projection › renders inline comments and historical diff summary overflow
e2e (windows)	Run app e2e tests	2026-10-01T22:25:37.1437233Z [104/124] [chromium] › e2e\regression\session-timeline-projection.spec.ts:167:3 › session timeline projection › renders interruption independently when the turn is not compacted
e2e (windows)	Run app e2e tests	2026-10-01T22:25:40.9116050Z [105/124] [chromium] › e2e\regression\session-timeline-projection.spec.ts:186:3 › session timeline projection › renders user image, file attachment, file reference, and agent reference
e2e (windows)	Run app e2e tests	2026-10-01T22:25:44.9555145Z [106/124] [chromium] › e2e\regression\session-timeline-reasoning-projection.spec.ts:58:3 › projects busy reasoning profile summaries off no reasoning
e2e (windows)	Run app e2e tests	2026-10-01T22:25:48.7011600Z [107/124] [chromium] › e2e\regression\session-timeline-reasoning-projection.spec.ts:58:3 › projects busy reasoning profile summaries off reasoning heading
e2e (windows)	Run app e2e tests	2026-10-01T22:25:51.7619335Z [108/124] [chromium] › e2e\regression\session-timeline-reasoning-projection.spec.ts:58:3 › projects busy reasoning profile summaries off with visible tool
e2e (windows)	Run app e2e tests	2026-10-01T22:25:55.0009008Z [109/124] [chromium] › e2e\regression\session-timeline-reasoning-projection.spec.ts:58:3 › projects busy reasoning profile summaries on no content
e2e (windows)	Run app e2e tests	2026-10-01T22:25:58.0056440Z [110/124] [chromium] › e2e\regression\session-timeline-reasoning-projection.spec.ts:58:3 › projects busy reasoning profile summaries on blank reasoning
e2e (windows)	Run app e2e tests	2026-10-01T22:26:01.0976761Z [111/124] [chromium] › e2e\regression\session-timeline-reasoning-projection.spec.ts:58:3 › projects busy reasoning profile summaries on visible reasoning
e2e (windows)	Run app e2e tests	2026-10-01T22:26:04.1733511Z [112/124] [chromium] › e2e\regression\session-timeline-reasoning-projection.spec.ts:58:3 › projects busy reasoning profile summaries on visible tool no reasoning
e2e (windows)	Run app e2e tests	2026-10-01T22:26:07.2144085Z [113/124] [chromium] › e2e\regression\session-timeline-reasoning-projection.spec.ts:80:1 › does not infer reasoning visibility from provider identity
e2e (windows)	Run app e2e tests	2026-10-01T22:26:10.2604077Z [114/124] [chromium] › e2e\regression\session-timeline-reducer-projection.spec.ts:15:1 › groups singleton and separated context operations at correct boundaries
e2e (windows)	Run app e2e tests	2026-10-01T22:26:13.3305618Z [115/124] [chromium] › e2e\regression\session-timeline-reducer-projection.spec.ts:32:1 › reducer-hardening: converges when idle arrives before final part and message completion
e2e (windows)	Run app e2e tests	2026-10-01T22:26:16.8676251Z [116/124] [chromium] › e2e\regression\session-timeline-shell-outline.spec.ts:12:3 › keeps the shell outline inside a fractionally short virtual row at 1.25x
e2e (windows)	Run app e2e tests	2026-10-01T22:26:21.7103343Z [117/124] (retries) [chromium] › e2e\regression\session-timeline-shell-outline.spec.ts:12:3 › keeps the shell outline inside a fractionally short virtual row at 1.25x (retry #1)
e2e (windows)	Run app e2e tests	2026-10-01T22:26:28.2127631Z [118/124] (retries) [chromium] › e2e\regression\session-timeline-shell-outline.spec.ts:12:3 › keeps the shell outline inside a fractionally short virtual row at 1.25x (retry #2)
e2e (windows)	Run app e2e tests	2026-10-01T22:26:32.9175813Z   14) [chromium] › e2e\regression\session-timeline-shell-outline.spec.ts:12:3 › keeps the shell outline inside a fractionally short virtual row at 1.25x
e2e (windows)	Run app e2e tests	2026-10-01T22:26:32.9177348Z
e2e (windows)	Run app e2e tests	2026-10-01T22:26:32.9180411Z     Error: expect(received).toBe(expected) // Object.is equality
e2e (windows)	Run app e2e tests	2026-10-01T22:26:32.9182426Z
e2e (windows)	Run app e2e tests	2026-10-01T22:26:32.9187440Z     Expected: "rgb(255, 0, 255)"
e2e (windows)	Run app e2e tests	2026-10-01T22:26:32.9188783Z     Received: "rgba(70, 84, 98, 0.14)"
e2e (windows)	Run app e2e tests	2026-10-01T22:26:32.9189706Z
e2e (windows)	Run app e2e tests	2026-10-01T22:26:32.9190372Z       56 |     expect(edges.box.width).toBeCloseTo(geometry.outputWidth, 2)
e2e (windows)	Run app e2e tests	2026-10-01T22:26:32.9192076Z       57 |     expect(edges.box.height).toBeCloseTo(geometry.outputHeight, 2)
e2e (windows)	Run app e2e tests	2026-10-01T22:26:32.9193106Z     > 58 |     expect(geometry.borderColor).toBe("rgb(255, 0, 255)")
e2e (windows)	Run app e2e tests	2026-10-01T22:26:32.9193777Z          |                                  ^
e2e (windows)	Run app e2e tests	2026-10-01T22:26:32.9194401Z       59 |     expect(geometry.boxShadow).toBe("none")
e2e (windows)	Run app e2e tests	2026-10-01T22:26:32.9195049Z       60 |     expect(geometry.clipMargin).toBe("0.5px")
e2e (windows)	Run app e2e tests	2026-10-01T22:26:32.9195782Z       61 |     expect(edges.magenta.top).toBeGreaterThan(0.75)
e2e (windows)	Run app e2e tests	2026-10-01T22:26:32.9196910Z         at D:\a\HuGR-Orchestra\HuGR-Orchestra\packages\app\e2e\regression\session-timeline-shell-outline.spec.ts:58:34
e2e (windows)	Run app e2e tests	2026-10-01T22:26:32.9197760Z
e2e (windows)	Run app e2e tests	2026-10-01T22:26:32.9198521Z     attachment #1: screenshot (image/png) ──────────────────────────────────────────────────────────
e2e (windows)	Run app e2e tests	2026-10-01T22:26:32.9199948Z     e2e\test-results\regression-session-timelin-777fa--short-virtual-row-at-1-25x-chromium\test-failed-1.png
e2e (windows)	Run app e2e tests	2026-10-01T22:26:32.9201478Z     ────────────────────────────────────────────────────────────────────────────────────────────────
e2e (windows)	Run app e2e tests	2026-10-01T22:26:32.9202363Z
e2e (windows)	Run app e2e tests	2026-10-01T22:26:32.9203018Z     attachment #2: video (video/webm) ──────────────────────────────────────────────────────────────
e2e (windows)	Run app e2e tests	2026-10-01T22:26:32.9204305Z     e2e\test-results\regression-session-timelin-777fa--short-virtual-row-at-1-25x-chromium\video.webm
e2e (windows)	Run app e2e tests	2026-10-01T22:26:32.9205716Z     ────────────────────────────────────────────────────────────────────────────────────────────────
e2e (windows)	Run app e2e tests	2026-10-01T22:26:32.9206210Z
e2e (windows)	Run app e2e tests	2026-10-01T22:26:32.9207076Z     Error Context: e2e\test-results\regression-session-timelin-777fa--short-virtual-row-at-1-25x-chromium\error-context.md
e2e (windows)	Run app e2e tests	2026-10-01T22:26:32.9208307Z
e2e (windows)	Run app e2e tests	2026-10-01T22:26:32.9208942Z     Retry #1 ───────────────────────────────────────────────────────────────────────────────────────
e2e (windows)	Run app e2e tests	2026-10-01T22:26:32.9209505Z
e2e (windows)	Run app e2e tests	2026-10-01T22:26:32.9210280Z     Error: expect(received).toBe(expected) // Object.is equality
e2e (windows)	Run app e2e tests	2026-10-01T22:26:32.9211301Z
e2e (windows)	Run app e2e tests	2026-10-01T22:26:32.9211687Z     Expected: "rgb(255, 0, 255)"
e2e (windows)	Run app e2e tests	2026-10-01T22:26:32.9212482Z     Received: "rgba(70, 84, 98, 0.14)"
e2e (windows)	Run app e2e tests	2026-10-01T22:26:32.9212920Z
e2e (windows)	Run app e2e tests	2026-10-01T22:26:32.9213360Z       56 |     expect(edges.box.width).toBeCloseTo(geometry.outputWidth, 2)
e2e (windows)	Run app e2e tests	2026-10-01T22:26:32.9214321Z       57 |     expect(edges.box.height).toBeCloseTo(geometry.outputHeight, 2)
e2e (windows)	Run app e2e tests	2026-10-01T22:26:32.9215233Z     > 58 |     expect(geometry.borderColor).toBe("rgb(255, 0, 255)")
e2e (windows)	Run app e2e tests	2026-10-01T22:26:32.9215969Z          |                                  ^
e2e (windows)	Run app e2e tests	2026-10-01T22:26:32.9216665Z       59 |     expect(geometry.boxShadow).toBe("none")
e2e (windows)	Run app e2e tests	2026-10-01T22:26:32.9220711Z       60 |     expect(geometry.clipMargin).toBe("0.5px")
e2e (windows)	Run app e2e tests	2026-10-01T22:26:32.9223694Z       61 |     expect(edges.magenta.top).toBeGreaterThan(0.75)
e2e (windows)	Run app e2e tests	2026-10-01T22:26:32.9225114Z         at D:\a\HuGR-Orchestra\HuGR-Orchestra\packages\app\e2e\regression\session-timeline-shell-outline.spec.ts:58:34
e2e (windows)	Run app e2e tests	2026-10-01T22:26:32.9225667Z
e2e (windows)	Run app e2e tests	2026-10-01T22:26:32.9226177Z     attachment #1: screenshot (image/png) ──────────────────────────────────────────────────────────
e2e (windows)	Run app e2e tests	2026-10-01T22:26:32.9227065Z     e2e\test-results\regression-session-timelin-777fa--short-virtual-row-at-1-25x-chromium-retry1\test-failed-1.png
e2e (windows)	Run app e2e tests	2026-10-01T22:26:32.9228295Z     ────────────────────────────────────────────────────────────────────────────────────────────────
e2e (windows)	Run app e2e tests	2026-10-01T22:26:32.9228674Z
e2e (windows)	Run app e2e tests	2026-10-01T22:26:32.9229074Z     attachment #2: video (video/webm) ──────────────────────────────────────────────────────────────
e2e (windows)	Run app e2e tests	2026-10-01T22:26:32.9230116Z     e2e\test-results\regression-session-timelin-777fa--short-virtual-row-at-1-25x-chromium-retry1\video.webm
e2e (windows)	Run app e2e tests	2026-10-01T22:26:32.9230992Z     ────────────────────────────────────────────────────────────────────────────────────────────────
e2e (windows)	Run app e2e tests	2026-10-01T22:26:32.9231313Z
e2e (windows)	Run app e2e tests	2026-10-01T22:26:32.9232078Z     Error Context: e2e\test-results\regression-session-timelin-777fa--short-virtual-row-at-1-25x-chromium-retry1\error-context.md
e2e (windows)	Run app e2e tests	2026-10-01T22:26:32.9232667Z
e2e (windows)	Run app e2e tests	2026-10-01T22:26:32.9233179Z     attachment #4: trace (application/zip) ─────────────────────────────────────────────────────────
e2e (windows)	Run app e2e tests	2026-10-01T22:26:32.9234022Z     e2e\test-results\regression-session-timelin-777fa--short-virtual-row-at-1-25x-chromium-retry1\trace.zip
e2e (windows)	Run app e2e tests	2026-10-01T22:26:32.9234618Z     Usage:
e2e (windows)	Run app e2e tests	2026-10-01T22:26:32.9234767Z
e2e (windows)	Run app e2e tests	2026-10-01T22:26:32.9235344Z         npx playwright show-trace e2e\test-results\regression-session-timelin-777fa--short-virtual-row-at-1-25x-chromium-retry1\trace.zip
e2e (windows)	Run app e2e tests	2026-10-01T22:26:32.9235952Z
e2e (windows)	Run app e2e tests	2026-10-01T22:26:32.9236282Z     ────────────────────────────────────────────────────────────────────────────────────────────────
e2e (windows)	Run app e2e tests	2026-10-01T22:26:32.9236608Z
e2e (windows)	Run app e2e tests	2026-10-01T22:26:32.9236967Z     Retry #2 ───────────────────────────────────────────────────────────────────────────────────────
e2e (windows)	Run app e2e tests	2026-10-01T22:26:32.9237311Z
e2e (windows)	Run app e2e tests	2026-10-01T22:26:32.9237796Z     Error: expect(received).toBe(expected) // Object.is equality
e2e (windows)	Run app e2e tests	2026-10-01T22:26:32.9238228Z
e2e (windows)	Run app e2e tests	2026-10-01T22:26:32.9238466Z     Expected: "rgb(255, 0, 255)"
e2e (windows)	Run app e2e tests	2026-10-01T22:26:32.9238961Z     Received: "rgba(70, 84, 98, 0.14)"
e2e (windows)	Run app e2e tests	2026-10-01T22:26:32.9239193Z
e2e (windows)	Run app e2e tests	2026-10-01T22:26:32.9239460Z       56 |     expect(edges.box.width).toBeCloseTo(geometry.outputWidth, 2)
e2e (windows)	Run app e2e tests	2026-10-01T22:26:32.9240050Z       57 |     expect(edges.box.height).toBeCloseTo(geometry.outputHeight, 2)
e2e (windows)	Run app e2e tests	2026-10-01T22:26:32.9240578Z     > 58 |     expect(geometry.borderColor).toBe("rgb(255, 0, 255)")
e2e (windows)	Run app e2e tests	2026-10-01T22:26:32.9241030Z          |                                  ^
e2e (windows)	Run app e2e tests	2026-10-01T22:26:32.9241412Z       59 |     expect(geometry.boxShadow).toBe("none")
e2e (windows)	Run app e2e tests	2026-10-01T22:26:32.9241852Z       60 |     expect(geometry.clipMargin).toBe("0.5px")
e2e (windows)	Run app e2e tests	2026-10-01T22:26:32.9242305Z       61 |     expect(edges.magenta.top).toBeGreaterThan(0.75)
e2e (windows)	Run app e2e tests	2026-10-01T22:26:32.9243035Z         at D:\a\HuGR-Orchestra\HuGR-Orchestra\packages\app\e2e\regression\session-timeline-shell-outline.spec.ts:58:34
e2e (windows)	Run app e2e tests	2026-10-01T22:26:32.9243504Z
e2e (windows)	Run app e2e tests	2026-10-01T22:26:32.9243919Z     attachment #1: screenshot (image/png) ──────────────────────────────────────────────────────────
e2e (windows)	Run app e2e tests	2026-10-01T22:26:32.9244796Z     e2e\test-results\regression-session-timelin-777fa--short-virtual-row-at-1-25x-chromium-retry2\test-failed-1.png
e2e (windows)	Run app e2e tests	2026-10-01T22:26:32.9245654Z     ────────────────────────────────────────────────────────────────────────────────────────────────
e2e (windows)	Run app e2e tests	2026-10-01T22:26:32.9245974Z
e2e (windows)	Run app e2e tests	2026-10-01T22:26:32.9246362Z     attachment #2: video (video/webm) ──────────────────────────────────────────────────────────────
e2e (windows)	Run app e2e tests	2026-10-01T22:26:32.9247526Z     e2e\test-results\regression-session-timelin-777fa--short-virtual-row-at-1-25x-chromium-retry2\video.webm
e2e (windows)	Run app e2e tests	2026-10-01T22:26:32.9249241Z     ────────────────────────────────────────────────────────────────────────────────────────────────
e2e (windows)	Run app e2e tests	2026-10-01T22:26:32.9250097Z
e2e (windows)	Run app e2e tests	2026-10-01T22:26:32.9250998Z     Error Context: e2e\test-results\regression-session-timelin-777fa--short-virtual-row-at-1-25x-chromium-retry2\error-context.md
e2e (windows)	Run app e2e tests	2026-10-01T22:26:32.9251770Z
e2e (windows)	Run app e2e tests	2026-10-01T22:26:32.9251778Z
e2e (windows)	Run app e2e tests	2026-10-01T22:26:34.3697705Z [119/124] [chromium] › e2e\regression\session-timeline-shell-outline.spec.ts:12:3 › keeps the shell outline inside a fractionally short virtual row at 1.5x
e2e (windows)	Run app e2e tests	2026-10-01T22:26:41.1224183Z [120/124] (retries) [chromium] › e2e\regression\session-timeline-shell-outline.spec.ts:12:3 › keeps the shell outline inside a fractionally short virtual row at 1.5x (retry #1)
e2e (windows)	Run app e2e tests	2026-10-01T22:26:49.2621610Z [121/124] (retries) [chromium] › e2e\regression\session-timeline-shell-outline.spec.ts:12:3 › keeps the shell outline inside a fractionally short virtual row at 1.5x (retry #2)
e2e (windows)	Run app e2e tests	2026-10-01T22:26:54.2444342Z   15) [chromium] › e2e\regression\session-timeline-shell-outline.spec.ts:12:3 › keeps the shell outline inside a fractionally short virtual row at 1.5x
e2e (windows)	Run app e2e tests	2026-10-01T22:26:54.2445616Z
e2e (windows)	Run app e2e tests	2026-10-01T22:26:54.2446514Z     Error: expect(received).toBe(expected) // Object.is equality
e2e (windows)	Run app e2e tests	2026-10-01T22:26:54.2447320Z
e2e (windows)	Run app e2e tests	2026-10-01T22:26:54.2449198Z     Expected: "rgb(255, 0, 255)"
e2e (windows)	Run app e2e tests	2026-10-01T22:26:54.2449983Z     Received: "rgba(70, 84, 98, 0.14)"
e2e (windows)	Run app e2e tests	2026-10-01T22:26:54.2450420Z
e2e (windows)	Run app e2e tests	2026-10-01T22:26:54.2450863Z       56 |     expect(edges.box.width).toBeCloseTo(geometry.outputWidth, 2)
e2e (windows)	Run app e2e tests	2026-10-01T22:26:54.2451858Z       57 |     expect(edges.box.height).toBeCloseTo(geometry.outputHeight, 2)
e2e (windows)	Run app e2e tests	2026-10-01T22:26:54.2453079Z     > 58 |     expect(geometry.borderColor).toBe("rgb(255, 0, 255)")
e2e (windows)	Run app e2e tests	2026-10-01T22:26:54.2454587Z          |                                  ^
e2e (windows)	Run app e2e tests	2026-10-01T22:26:54.2455283Z       59 |     expect(geometry.boxShadow).toBe("none")
e2e (windows)	Run app e2e tests	2026-10-01T22:26:54.2455988Z       60 |     expect(geometry.clipMargin).toBe("0.5px")
e2e (windows)	Run app e2e tests	2026-10-01T22:26:54.2456782Z       61 |     expect(edges.magenta.top).toBeGreaterThan(0.75)
e2e (windows)	Run app e2e tests	2026-10-01T22:26:54.2457965Z         at D:\a\HuGR-Orchestra\HuGR-Orchestra\packages\app\e2e\regression\session-timeline-shell-outline.spec.ts:58:34
e2e (windows)	Run app e2e tests	2026-10-01T22:26:54.2458812Z
e2e (windows)	Run app e2e tests	2026-10-01T22:26:54.2459588Z     attachment #1: screenshot (image/png) ──────────────────────────────────────────────────────────
e2e (windows)	Run app e2e tests	2026-10-01T22:26:54.2461014Z     e2e\test-results\regression-session-timelin-cd274-y-short-virtual-row-at-1-5x-chromium\test-failed-1.png
e2e (windows)	Run app e2e tests	2026-10-01T22:26:54.2462500Z     ────────────────────────────────────────────────────────────────────────────────────────────────
e2e (windows)	Run app e2e tests	2026-10-01T22:26:54.2463082Z
e2e (windows)	Run app e2e tests	2026-10-01T22:26:54.2463771Z     attachment #2: video (video/webm) ──────────────────────────────────────────────────────────────
e2e (windows)	Run app e2e tests	2026-10-01T22:26:54.2465083Z     e2e\test-results\regression-session-timelin-cd274-y-short-virtual-row-at-1-5x-chromium\video.webm
e2e (windows)	Run app e2e tests	2026-10-01T22:26:54.2466551Z     ────────────────────────────────────────────────────────────────────────────────────────────────
e2e (windows)	Run app e2e tests	2026-10-01T22:26:54.2467053Z
e2e (windows)	Run app e2e tests	2026-10-01T22:26:54.2467915Z     Error Context: e2e\test-results\regression-session-timelin-cd274-y-short-virtual-row-at-1-5x-chromium\error-context.md
e2e (windows)	Run app e2e tests	2026-10-01T22:26:54.2469232Z
e2e (windows)	Run app e2e tests	2026-10-01T22:26:54.2469859Z     Retry #1 ───────────────────────────────────────────────────────────────────────────────────────
e2e (windows)	Run app e2e tests	2026-10-01T22:26:54.2470419Z
e2e (windows)	Run app e2e tests	2026-10-01T22:26:54.2471207Z     Error: expect(received).toBe(expected) // Object.is equality
e2e (windows)	Run app e2e tests	2026-10-01T22:26:54.2471965Z
e2e (windows)	Run app e2e tests	2026-10-01T22:26:54.2472662Z     Expected: "rgb(255, 0, 255)"
e2e (windows)	Run app e2e tests	2026-10-01T22:26:54.2473460Z     Received: "rgba(70, 84, 98, 0.14)"
e2e (windows)	Run app e2e tests	2026-10-01T22:26:54.2473890Z
e2e (windows)	Run app e2e tests	2026-10-01T22:26:54.2474321Z       56 |     expect(edges.box.width).toBeCloseTo(geometry.outputWidth, 2)
e2e (windows)	Run app e2e tests	2026-10-01T22:26:54.2475270Z       57 |     expect(edges.box.height).toBeCloseTo(geometry.outputHeight, 2)
e2e (windows)	Run app e2e tests	2026-10-01T22:26:54.2476432Z     > 58 |     expect(geometry.borderColor).toBe("rgb(255, 0, 255)")
e2e (windows)	Run app e2e tests	2026-10-01T22:26:54.2477106Z          |                                  ^
e2e (windows)	Run app e2e tests	2026-10-01T22:26:54.2477769Z       59 |     expect(geometry.boxShadow).toBe("none")
e2e (windows)	Run app e2e tests	2026-10-01T22:26:54.2478457Z       60 |     expect(geometry.clipMargin).toBe("0.5px")
e2e (windows)	Run app e2e tests	2026-10-01T22:26:54.2479211Z       61 |     expect(edges.magenta.top).toBeGreaterThan(0.75)
e2e (windows)	Run app e2e tests	2026-10-01T22:26:54.2480396Z         at D:\a\HuGR-Orchestra\HuGR-Orchestra\packages\app\e2e\regression\session-timeline-shell-outline.spec.ts:58:34
e2e (windows)	Run app e2e tests	2026-10-01T22:26:54.2481644Z
e2e (windows)	Run app e2e tests	2026-10-01T22:26:54.2486265Z     attachment #1: screenshot (image/png) ──────────────────────────────────────────────────────────
e2e (windows)	Run app e2e tests	2026-10-01T22:26:54.2489691Z     e2e\test-results\regression-session-timelin-cd274-y-short-virtual-row-at-1-5x-chromium-retry1\test-failed-1.png
e2e (windows)	Run app e2e tests	2026-10-01T22:26:54.2491347Z     ────────────────────────────────────────────────────────────────────────────────────────────────
e2e (windows)	Run app e2e tests	2026-10-01T22:26:54.2491921Z
e2e (windows)	Run app e2e tests	2026-10-01T22:26:54.2492897Z     attachment #2: video (video/webm) ──────────────────────────────────────────────────────────────
e2e (windows)	Run app e2e tests	2026-10-01T22:26:54.2494409Z     e2e\test-results\regression-session-timelin-cd274-y-short-virtual-row-at-1-5x-chromium-retry1\video.webm
e2e (windows)	Run app e2e tests	2026-10-01T22:26:54.2495914Z     ────────────────────────────────────────────────────────────────────────────────────────────────
e2e (windows)	Run app e2e tests	2026-10-01T22:26:54.2496423Z
e2e (windows)	Run app e2e tests	2026-10-01T22:26:54.2497384Z     Error Context: e2e\test-results\regression-session-timelin-cd274-y-short-virtual-row-at-1-5x-chromium-retry1\error-context.md
e2e (windows)	Run app e2e tests	2026-10-01T22:26:54.2498419Z
e2e (windows)	Run app e2e tests	2026-10-01T22:26:54.2499131Z     attachment #4: trace (application/zip) ─────────────────────────────────────────────────────────
e2e (windows)	Run app e2e tests	2026-10-01T22:26:54.2500523Z     e2e\test-results\regression-session-timelin-cd274-y-short-virtual-row-at-1-5x-chromium-retry1\trace.zip
e2e (windows)	Run app e2e tests	2026-10-01T22:26:54.2501584Z     Usage:
e2e (windows)	Run app e2e tests	2026-10-01T22:26:54.2501800Z
e2e (windows)	Run app e2e tests	2026-10-01T22:26:54.2502808Z         npx playwright show-trace e2e\test-results\regression-session-timelin-cd274-y-short-virtual-row-at-1-5x-chromium-retry1\trace.zip
e2e (windows)	Run app e2e tests	2026-10-01T22:26:54.2504144Z
e2e (windows)	Run app e2e tests	2026-10-01T22:26:54.2504780Z     ────────────────────────────────────────────────────────────────────────────────────────────────
e2e (windows)	Run app e2e tests	2026-10-01T22:26:54.2505328Z
e2e (windows)	Run app e2e tests	2026-10-01T22:26:54.2505912Z     Retry #2 ───────────────────────────────────────────────────────────────────────────────────────
e2e (windows)	Run app e2e tests	2026-10-01T22:26:54.2506475Z
e2e (windows)	Run app e2e tests	2026-10-01T22:26:54.2507301Z     Error: expect(received).toBe(expected) // Object.is equality
e2e (windows)	Run app e2e tests	2026-10-01T22:26:54.2508083Z
e2e (windows)	Run app e2e tests	2026-10-01T22:26:54.2508450Z     Expected: "rgb(255, 0, 255)"
e2e (windows)	Run app e2e tests	2026-10-01T22:26:54.2509206Z     Received: "rgba(70, 84, 98, 0.14)"
e2e (windows)	Run app e2e tests	2026-10-01T22:26:54.2509624Z
e2e (windows)	Run app e2e tests	2026-10-01T22:26:54.2510048Z       56 |     expect(edges.box.width).toBeCloseTo(geometry.outputWidth, 2)
e2e (windows)	Run app e2e tests	2026-10-01T22:26:54.2511205Z       57 |     expect(edges.box.height).toBeCloseTo(geometry.outputHeight, 2)
e2e (windows)	Run app e2e tests	2026-10-01T22:26:54.2512128Z     > 58 |     expect(geometry.borderColor).toBe("rgb(255, 0, 255)")
e2e (windows)	Run app e2e tests	2026-10-01T22:26:54.2513093Z          |                                  ^
e2e (windows)	Run app e2e tests	2026-10-01T22:26:54.2513745Z       59 |     expect(geometry.boxShadow).toBe("none")
e2e (windows)	Run app e2e tests	2026-10-01T22:26:54.2514490Z       60 |     expect(geometry.clipMargin).toBe("0.5px")
e2e (windows)	Run app e2e tests	2026-10-01T22:26:54.2515225Z       61 |     expect(edges.magenta.top).toBeGreaterThan(0.75)
e2e (windows)	Run app e2e tests	2026-10-01T22:26:54.2516446Z         at D:\a\HuGR-Orchestra\HuGR-Orchestra\packages\app\e2e\regression\session-timeline-shell-outline.spec.ts:58:34
e2e (windows)	Run app e2e tests	2026-10-01T22:26:54.2517287Z
e2e (windows)	Run app e2e tests	2026-10-01T22:26:54.2518007Z     attachment #1: screenshot (image/png) ──────────────────────────────────────────────────────────
e2e (windows)	Run app e2e tests	2026-10-01T22:26:54.2519491Z     e2e\test-results\regression-session-timelin-cd274-y-short-virtual-row-at-1-5x-chromium-retry2\test-failed-1.png
e2e (windows)	Run app e2e tests	2026-10-01T22:26:54.2521349Z     ────────────────────────────────────────────────────────────────────────────────────────────────
e2e (windows)	Run app e2e tests	2026-10-01T22:26:54.2521873Z
e2e (windows)	Run app e2e tests	2026-10-01T22:26:54.2523647Z     attachment #2: video (video/webm) ──────────────────────────────────────────────────────────────
e2e (windows)	Run app e2e tests	2026-10-01T22:26:54.2525244Z     e2e\test-results\regression-session-timelin-cd274-y-short-virtual-row-at-1-5x-chromium-retry2\video.webm
e2e (windows)	Run app e2e tests	2026-10-01T22:26:54.2526764Z     ────────────────────────────────────────────────────────────────────────────────────────────────
e2e (windows)	Run app e2e tests	2026-10-01T22:26:54.2527305Z
e2e (windows)	Run app e2e tests	2026-10-01T22:26:54.2528241Z     Error Context: e2e\test-results\regression-session-timelin-cd274-y-short-virtual-row-at-1-5x-chromium-retry2\error-context.md
e2e (windows)	Run app e2e tests	2026-10-01T22:26:54.2529256Z
e2e (windows)	Run app e2e tests	2026-10-01T22:26:54.2529266Z
e2e (windows)	Run app e2e tests	2026-10-01T22:26:55.6640071Z [122/124] [chromium] › e2e\regression\session-timeline-shell-outline.spec.ts:67:1 › keeps the patch card inside a fractionally short virtual row
e2e (windows)	Run app e2e tests	2026-10-01T22:27:02.9786341Z [123/124] (retries) [chromium] › e2e\regression\session-timeline-shell-outline.spec.ts:67:1 › keeps the patch card inside a fractionally short virtual row (retry #1)
e2e (windows)	Run app e2e tests	2026-10-01T22:27:12.1930715Z [124/124] (retries) [chromium] › e2e\regression\session-timeline-shell-outline.spec.ts:67:1 › keeps the patch card inside a fractionally short virtual row (retry #2)
e2e (windows)	Run app e2e tests	2026-10-01T22:27:18.2191050Z   16) [chromium] › e2e\regression\session-timeline-shell-outline.spec.ts:67:1 › keeps the patch card inside a fractionally short virtual row
e2e (windows)	Run app e2e tests	2026-10-01T22:27:18.2192172Z
e2e (windows)	Run app e2e tests	2026-10-01T22:27:18.2193010Z     Error: expect(received).toBeLessThan(expected)
e2e (windows)	Run app e2e tests	2026-10-01T22:27:18.2195110Z
e2e (windows)	Run app e2e tests	2026-10-01T22:27:18.2195434Z     Expected: < 10
e2e (windows)	Run app e2e tests	2026-10-01T22:27:18.2196107Z     Received:   14.333333333332774
e2e (windows)	Run app e2e tests	2026-10-01T22:27:18.2196492Z
e2e (windows)	Run app e2e tests	2026-10-01T22:27:18.2196809Z       117 |   expect(edges.luminance.top).toBeLessThan(245)
e2e (windows)	Run app e2e tests	2026-10-01T22:27:18.2198017Z       118 |   expect(edges.luminance.bottom).toBeLessThan(245)
e2e (windows)	Run app e2e tests	2026-10-01T22:27:18.2199018Z     > 119 |   expect(Math.abs(edges.luminance.bottom - edges.luminance.top)).toBeLessThan(10)
e2e (windows)	Run app e2e tests	2026-10-01T22:27:18.2200894Z           |                                                                  ^
e2e (windows)	Run app e2e tests	2026-10-01T22:27:18.2201651Z       120 |   expect(geometry.clipMargin).toBe("0.5px")
e2e (windows)	Run app e2e tests	2026-10-01T22:27:18.2202226Z       121 | })
e2e (windows)	Run app e2e tests	2026-10-01T22:27:18.2202630Z       122 |
e2e (windows)	Run app e2e tests	2026-10-01T22:27:18.2203589Z         at D:\a\HuGR-Orchestra\HuGR-Orchestra\packages\app\e2e\regression\session-timeline-shell-outline.spec.ts:119:66
e2e (windows)	Run app e2e tests	2026-10-01T22:27:18.2204456Z
e2e (windows)	Run app e2e tests	2026-10-01T22:27:18.2205245Z     attachment #1: screenshot (image/png) ──────────────────────────────────────────────────────────
e2e (windows)	Run app e2e tests	2026-10-01T22:27:18.2206669Z     e2e\test-results\regression-session-timelin-4b35a-ctionally-short-virtual-row-chromium\test-failed-1.png
e2e (windows)	Run app e2e tests	2026-10-01T22:27:18.2208190Z     ────────────────────────────────────────────────────────────────────────────────────────────────
e2e (windows)	Run app e2e tests	2026-10-01T22:27:18.2209040Z
e2e (windows)	Run app e2e tests	2026-10-01T22:27:18.2209749Z     attachment #2: video (video/webm) ──────────────────────────────────────────────────────────────
e2e (windows)	Run app e2e tests	2026-10-01T22:27:18.2211144Z     e2e\test-results\regression-session-timelin-4b35a-ctionally-short-virtual-row-chromium\video.webm
e2e (windows)	Run app e2e tests	2026-10-01T22:27:18.2212574Z     ────────────────────────────────────────────────────────────────────────────────────────────────
e2e (windows)	Run app e2e tests	2026-10-01T22:27:18.2213122Z
e2e (windows)	Run app e2e tests	2026-10-01T22:27:18.2214021Z     Error Context: e2e\test-results\regression-session-timelin-4b35a-ctionally-short-virtual-row-chromium\error-context.md
e2e (windows)	Run app e2e tests	2026-10-01T22:27:18.2215009Z
e2e (windows)	Run app e2e tests	2026-10-01T22:27:18.2215610Z     Retry #1 ───────────────────────────────────────────────────────────────────────────────────────
e2e (windows)	Run app e2e tests	2026-10-01T22:27:18.2216160Z
e2e (windows)	Run app e2e tests	2026-10-01T22:27:18.2216917Z     Error: expect(received).toBeLessThan(expected)
e2e (windows)	Run app e2e tests	2026-10-01T22:27:18.2217624Z
e2e (windows)	Run app e2e tests	2026-10-01T22:27:18.2217929Z     Expected: < 10
e2e (windows)	Run app e2e tests	2026-10-01T22:27:18.2218538Z     Received:   14.333333333332774
e2e (windows)	Run app e2e tests	2026-10-01T22:27:18.2218916Z
e2e (windows)	Run app e2e tests	2026-10-01T22:27:18.2219263Z       117 |   expect(edges.luminance.top).toBeLessThan(245)
e2e (windows)	Run app e2e tests	2026-10-01T22:27:18.2220322Z       118 |   expect(edges.luminance.bottom).toBeLessThan(245)
e2e (windows)	Run app e2e tests	2026-10-01T22:27:18.2221306Z     > 119 |   expect(Math.abs(edges.luminance.bottom - edges.luminance.top)).toBeLessThan(10)
e2e (windows)	Run app e2e tests	2026-10-01T22:27:18.2222279Z           |                                                                  ^
e2e (windows)	Run app e2e tests	2026-10-01T22:27:18.2222980Z       120 |   expect(geometry.clipMargin).toBe("0.5px")
e2e (windows)	Run app e2e tests	2026-10-01T22:27:18.2223576Z       121 | })
e2e (windows)	Run app e2e tests	2026-10-01T22:27:18.2223944Z       122 |
e2e (windows)	Run app e2e tests	2026-10-01T22:27:18.2224918Z         at D:\a\HuGR-Orchestra\HuGR-Orchestra\packages\app\e2e\regression\session-timeline-shell-outline.spec.ts:119:66
e2e (windows)	Run app e2e tests	2026-10-01T22:27:18.2225780Z
e2e (windows)	Run app e2e tests	2026-10-01T22:27:18.2226455Z     attachment #1: screenshot (image/png) ──────────────────────────────────────────────────────────
e2e (windows)	Run app e2e tests	2026-10-01T22:27:18.2228148Z     e2e\test-results\regression-session-timelin-4b35a-ctionally-short-virtual-row-chromium-retry1\test-failed-1.png
e2e (windows)	Run app e2e tests	2026-10-01T22:27:18.2229995Z     ────────────────────────────────────────────────────────────────────────────────────────────────
e2e (windows)	Run app e2e tests	2026-10-01T22:27:18.2230548Z
e2e (windows)	Run app e2e tests	2026-10-01T22:27:18.2231224Z     attachment #2: video (video/webm) ──────────────────────────────────────────────────────────────
e2e (windows)	Run app e2e tests	2026-10-01T22:27:18.2232655Z     e2e\test-results\regression-session-timelin-4b35a-ctionally-short-virtual-row-chromium-retry1\video.webm
e2e (windows)	Run app e2e tests	2026-10-01T22:27:18.2234129Z     ────────────────────────────────────────────────────────────────────────────────────────────────
e2e (windows)	Run app e2e tests	2026-10-01T22:27:18.2234656Z
e2e (windows)	Run app e2e tests	2026-10-01T22:27:18.2235617Z     Error Context: e2e\test-results\regression-session-timelin-4b35a-ctionally-short-virtual-row-chromium-retry1\error-context.md
e2e (windows)	Run app e2e tests	2026-10-01T22:27:18.2240159Z
e2e (windows)	Run app e2e tests	2026-10-01T22:27:18.2241210Z     attachment #4: trace (application/zip) ─────────────────────────────────────────────────────────
e2e (windows)	Run app e2e tests	2026-10-01T22:27:18.2242751Z     e2e\test-results\regression-session-timelin-4b35a-ctionally-short-virtual-row-chromium-retry1\trace.zip
e2e (windows)	Run app e2e tests	2026-10-01T22:27:18.2244304Z     Usage:
e2e (windows)	Run app e2e tests	2026-10-01T22:27:18.2246081Z
e2e (windows)	Run app e2e tests	2026-10-01T22:27:18.2247412Z         npx playwright show-trace e2e\test-results\regression-session-timelin-4b35a-ctionally-short-virtual-row-chromium-retry1\trace.zip
e2e (windows)	Run app e2e tests	2026-10-01T22:27:18.2248521Z
e2e (windows)	Run app e2e tests	2026-10-01T22:27:18.2249423Z     ────────────────────────────────────────────────────────────────────────────────────────────────
e2e (windows)	Run app e2e tests	2026-10-01T22:27:18.2250013Z
e2e (windows)	Run app e2e tests	2026-10-01T22:27:18.2250657Z     Retry #2 ───────────────────────────────────────────────────────────────────────────────────────
e2e (windows)	Run app e2e tests	2026-10-01T22:27:18.2251224Z
e2e (windows)	Run app e2e tests	2026-10-01T22:27:18.2251930Z     Error: expect(received).toBeLessThan(expected)
e2e (windows)	Run app e2e tests	2026-10-01T22:27:18.2252720Z
e2e (windows)	Run app e2e tests	2026-10-01T22:27:18.2252994Z     Expected: < 10
e2e (windows)	Run app e2e tests	2026-10-01T22:27:18.2253645Z     Received:   14.333333333332774
e2e (windows)	Run app e2e tests	2026-10-01T22:27:18.2253984Z
e2e (windows)	Run app e2e tests	2026-10-01T22:27:18.2254328Z       117 |   expect(edges.luminance.top).toBeLessThan(245)
e2e (windows)	Run app e2e tests	2026-10-01T22:27:18.2255340Z       118 |   expect(edges.luminance.bottom).toBeLessThan(245)
e2e (windows)	Run app e2e tests	2026-10-01T22:27:18.2256358Z     > 119 |   expect(Math.abs(edges.luminance.bottom - edges.luminance.top)).toBeLessThan(10)
e2e (windows)	Run app e2e tests	2026-10-01T22:27:18.2257294Z           |                                                                  ^
e2e (windows)	Run app e2e tests	2026-10-01T22:27:18.2258028Z       120 |   expect(geometry.clipMargin).toBe("0.5px")
e2e (windows)	Run app e2e tests	2026-10-01T22:27:18.2258583Z       121 | })
e2e (windows)	Run app e2e tests	2026-10-01T22:27:18.2258979Z       122 |
e2e (windows)	Run app e2e tests	2026-10-01T22:27:18.2259950Z         at D:\a\HuGR-Orchestra\HuGR-Orchestra\packages\app\e2e\regression\session-timeline-shell-outline.spec.ts:119:66
e2e (windows)	Run app e2e tests	2026-10-01T22:27:18.2260814Z
e2e (windows)	Run app e2e tests	2026-10-01T22:27:18.2261542Z     attachment #1: screenshot (image/png) ──────────────────────────────────────────────────────────
e2e (windows)	Run app e2e tests	2026-10-01T22:27:18.2263193Z     e2e\test-results\regression-session-timelin-4b35a-ctionally-short-virtual-row-chromium-retry2\test-failed-1.png
e2e (windows)	Run app e2e tests	2026-10-01T22:27:18.2264788Z     ────────────────────────────────────────────────────────────────────────────────────────────────
e2e (windows)	Run app e2e tests	2026-10-01T22:27:18.2265341Z
e2e (windows)	Run app e2e tests	2026-10-01T22:27:18.2266016Z     attachment #2: video (video/webm) ──────────────────────────────────────────────────────────────
e2e (windows)	Run app e2e tests	2026-10-01T22:27:18.2267412Z     e2e\test-results\regression-session-timelin-4b35a-ctionally-short-virtual-row-chromium-retry2\video.webm
e2e (windows)	Run app e2e tests	2026-10-01T22:27:18.2268896Z     ────────────────────────────────────────────────────────────────────────────────────────────────
e2e (windows)	Run app e2e tests	2026-10-01T22:27:18.2269695Z
e2e (windows)	Run app e2e tests	2026-10-01T22:27:18.2270668Z     Error Context: e2e\test-results\regression-session-timelin-4b35a-ctionally-short-virtual-row-chromium-retry2\error-context.md
e2e (windows)	Run app e2e tests	2026-10-01T22:27:18.2271699Z
e2e (windows)	Run app e2e tests	2026-10-01T22:27:18.2271709Z
e2e (windows)	Run app e2e tests	2026-10-01T22:27:19.6540299Z [125/124] [chromium] › e2e\regression\session-timeline-shell-outline.spec.ts:123:1 › allows paint rounding for every framed row but not fixed turn gaps
e2e (windows)	Run app e2e tests	2026-10-01T22:27:23.2522074Z [126/124] [chromium] › e2e\regression\session-timeline-tool-projection.spec.ts:10:1 › renders every tool error outcome without leaking hidden tools
e2e (windows)	Run app e2e tests	2026-10-01T22:27:26.5315397Z [127/124] [chromium] › e2e\regression\session-timeline-tool-projection.spec.ts:32:1 › transitions shell and question through running error outcomes
e2e (windows)	Run app e2e tests	2026-10-01T22:27:30.6002307Z [128/124] [chromium] › e2e\regression\session-timeline-tool-projection.spec.ts:67:1 › labels all web search provider variants
e2e (windows)	Run app e2e tests	2026-10-01T22:27:33.7614831Z [129/124] [chromium] › e2e\regression\session-timeline-tool-state.spec.ts:10:1 › updates expanded web search links without resetting expansion
e2e (windows)	Run app e2e tests	2026-10-01T22:27:37.1517295Z [130/124] [chromium] › e2e\regression\session-timeline-tool-state.spec.ts:35:1 › preserves an expanded tool error card across duplicate delivery
e2e (windows)	Run app e2e tests	2026-10-01T22:27:40.5492416Z [131/124] [chromium] › e2e\regression\session-timeline-tool-state.spec.ts:49:1 › renders multiple question answers and preserves open state on answer updates
e2e (windows)	Run app e2e tests	2026-10-01T22:27:43.7641621Z [132/124] [chromium] › e2e\regression\session-timeline-transport.spec.ts:10:1 › keeps one connection open while delivering multiple events
e2e (windows)	Run app e2e tests	2026-10-01T22:27:46.8622427Z [133/124] [chromium] › e2e\regression\session-timeline-transport.spec.ts:23:1 › delivers a burst from one stream chunk
e2e (windows)	Run app e2e tests	2026-10-01T22:27:49.8658493Z [134/124] [chromium] › e2e\regression\session-timeline-transport.spec.ts:36:1 › parses split JSON and a split multibyte code point
e2e (windows)	Run app e2e tests	2026-10-01T22:27:52.8526833Z [135/124] [chromium] › e2e\regression\session-timeline-transport.spec.ts:52:1 › delivers server heartbeat without mutating the timeline
e2e (windows)	Run app e2e tests	2026-10-01T22:27:56.2495549Z [136/124] [chromium] › e2e\regression\session-timeline-transport.spec.ts:73:1 › reconnects after a clean close
e2e (windows)	Run app e2e tests	2026-10-01T22:27:59.5632580Z [137/124] [chromium] › e2e\regression\session-timeline-transport.spec.ts:86:1 › reconnects after a stream error
e2e (windows)	Run app e2e tests	2026-10-01T22:28:03.1284700Z [138/124] [chromium] › e2e\regression\session-timeline-transport.spec.ts:100:1 › does not request replay when reconnecting the volatile V2 event stream
e2e (windows)	Run app e2e tests	2026-10-01T22:28:06.2969083Z [139/124] [chromium] › e2e\regression\session-timeline-transport.spec.ts:114:1 › passes through non-event fetches
e2e (windows)	Run app e2e tests	2026-10-01T22:28:09.3401736Z [140/124] [chromium] › e2e\regression\session-todo-dock-navigation.spec.ts:26:1 › animates todo lifecycle without replaying it across session tabs
e2e (windows)	Run app e2e tests	2026-10-01T22:28:16.9245843Z [141/124] [chromium] › e2e\regression\subagent-child-navigation.spec.ts:19:1 › navigates to a subagent child session missing from the session list
e2e (windows)	Run app e2e tests	2026-10-01T22:28:20.0866699Z [142/124] [chromium] › e2e\regression\subagent-child-navigation.spec.ts:30:1 › shows the not found fallback when the viewed session is deleted
e2e (windows)	Run app e2e tests	2026-10-01T22:28:23.5235463Z [143/124] [chromium] › e2e\regression\tab-navigate-mousedown.spec.ts:11:1 › pressing mouse down on a tab navigates before mouse up
e2e (windows)	Run app e2e tests	2026-10-01T22:28:26.3463564Z [144/124] [chromium] › e2e\regression\tab-navigate-mousedown.spec.ts:45:1 › keyboard navigation follows the visible tab order
e2e (windows)	Run app e2e tests	2026-10-01T22:28:29.1172166Z [145/124] [chromium] › e2e\regression\terminal-composer-focus.spec.ts:79:1 › routes typing to the composer unless the open terminal is focused
e2e (windows)	Run app e2e tests	2026-10-01T22:28:33.1826438Z [146/124] [chromium] › e2e\regression\terminal-composer-focus.spec.ts:100:1 › keeps composer focus when a cached terminal finishes mounting
e2e (windows)	Run app e2e tests	2026-10-01T22:28:37.9800939Z [147/124] [chromium] › e2e\regression\terminal-composer-focus.spec.ts:136:1 › keeps newer composer focus while an explicit terminal open finishes
e2e (windows)	Run app e2e tests	2026-10-01T22:28:42.2050897Z [148/124] [chromium] › e2e\regression\terminal-composer-focus.spec.ts:162:1 › focuses a terminal created from the new-terminal button
e2e (windows)	Run app e2e tests	2026-10-01T22:28:47.4249427Z [149/124] [chromium] › e2e\regression\terminal-hidden.spec.ts:10:1 › unmounts the terminal panel while it is hidden
e2e (windows)	Run app e2e tests	2026-10-01T22:28:51.7323686Z [150/124] [chromium] › e2e\regression\terminal-tab-switch.spec.ts:22:1 › keeps the terminal session alive when switching session tabs in a workspace
e2e (windows)	Run app e2e tests	2026-10-01T22:28:56.4340314Z [151/124] [chromium] › e2e\smoke\session-timeline.spec.ts:33:3 › smoke: session timeline › keeps the visible message fixed while prepending history
e2e (windows)	Run app e2e tests	2026-10-01T22:29:18.0908741Z [152/124] [chromium] › e2e\smoke\session-timeline.spec.ts:92:3 › smoke: session timeline › preserves the timeline gap above the composer
e2e (windows)	Run app e2e tests	2026-10-01T22:29:21.3800126Z [153/124] [chromium] › e2e\smoke\session-timeline.spec.ts:118:3 › smoke: session timeline › paints cached session tabs at the latest message
e2e (windows)	Run app e2e tests	2026-10-01T22:29:25.3401966Z [154/124] [chromium] › e2e\smoke\session-timeline.spec.ts:244:3 › smoke: session timeline › paints a cold session tab at the latest message
e2e (windows)	Run app e2e tests	2026-10-01T22:29:28.8120616Z [155/124] [chromium] › e2e\smoke\session-timeline.spec.ts:322:3 › smoke: session timeline › renders seeded timeline in order while paging through history
e2e (windows)	Run app e2e tests	2026-10-01T22:30:02.3216166Z [156/124] (retries) [chromium] › e2e\smoke\session-timeline.spec.ts:322:3 › smoke: session timeline › renders seeded timeline in order while paging through history (retry #1)
e2e (windows)	Run app e2e tests	2026-10-01T22:30:43.5889083Z [157/124] (retries) [chromium] › e2e\smoke\session-timeline.spec.ts:322:3 › smoke: session timeline › renders seeded timeline in order while paging through history (retry #2)
e2e (windows)	Run app e2e tests	2026-10-01T22:31:17.5595922Z   17) [chromium] › e2e\smoke\session-timeline.spec.ts:322:3 › smoke: session timeline › renders seeded timeline in order while paging through history
e2e (windows)	Run app e2e tests	2026-10-01T22:31:17.5597121Z
e2e (windows)	Run app e2e tests	2026-10-01T22:31:17.5597911Z     Error: expect(locator).toBeVisible() failed
e2e (windows)	Run app e2e tests	2026-10-01T22:31:17.5598961Z
e2e (windows)	Run app e2e tests	2026-10-01T22:31:17.5599998Z     Locator: locator('[data-component="home-project-row"]').filter({ hasText: /smoke-project/i }).first()
e2e (windows)	Run app e2e tests	2026-10-01T22:31:17.5601025Z     Expected: visible
e2e (windows)	Run app e2e tests	2026-10-01T22:31:17.5601458Z     Timeout: 30000ms
e2e (windows)	Run app e2e tests	2026-10-01T22:31:17.5601945Z     Error: element(s) not found
e2e (windows)	Run app e2e tests	2026-10-01T22:31:17.5602276Z
e2e (windows)	Run app e2e tests	2026-10-01T22:31:17.5602453Z     Call log:
e2e (windows)	Run app e2e tests	2026-10-01T22:31:17.5603127Z       - Expect "toBeVisible" with timeout 30000ms
e2e (windows)	Run app e2e tests	2026-10-01T22:31:17.5604515Z       - waiting for locator('[data-component="home-project-row"]').filter({ hasText: /smoke-project/i }).first()
e2e (windows)	Run app e2e tests	2026-10-01T22:31:17.5605371Z
e2e (windows)	Run app e2e tests	2026-10-01T22:31:17.5605382Z
e2e (windows)	Run app e2e tests	2026-10-01T22:31:17.5605567Z        at utils\waits.ts:6
e2e (windows)	Run app e2e tests	2026-10-01T22:31:17.5605868Z
e2e (windows)	Run app e2e tests	2026-10-01T22:31:17.5606044Z       4 |
e2e (windows)	Run app e2e tests	2026-10-01T22:31:17.5606623Z       5 | export async function expectAppVisible(locator: Locator) {
e2e (windows)	Run app e2e tests	2026-10-01T22:31:17.5607579Z     > 6 |   await expect(locator).toBeVisible({ timeout: APP_READY_TIMEOUT })
e2e (windows)	Run app e2e tests	2026-10-01T22:31:17.5608323Z         |                         ^
e2e (windows)	Run app e2e tests	2026-10-01T22:31:17.5608839Z       7 | }
e2e (windows)	Run app e2e tests	2026-10-01T22:31:17.5609219Z       8 |
e2e (windows)	Run app e2e tests	2026-10-01T22:31:17.5609911Z       9 | export async function expectSessionTitle(page: Page, title: string) {
e2e (windows)	Run app e2e tests	2026-10-01T22:31:17.5611031Z         at expectAppVisible (D:\a\HuGR-Orchestra\HuGR-Orchestra\packages\app\e2e\utils\waits.ts:6:25)
e2e (windows)	Run app e2e tests	2026-10-01T22:31:17.5612526Z         at selectHomeProject (D:\a\HuGR-Orchestra\HuGR-Orchestra\packages\app\e2e\smoke\session-timeline.spec.ts:719:9)
e2e (windows)	Run app e2e tests	2026-10-01T22:31:17.5614017Z         at D:\a\HuGR-Orchestra\HuGR-Orchestra\packages\app\e2e\smoke\session-timeline.spec.ts:333:5
e2e (windows)	Run app e2e tests	2026-10-01T22:31:17.5614716Z
e2e (windows)	Run app e2e tests	2026-10-01T22:31:17.5615536Z     attachment #1: screenshot (image/png) ──────────────────────────────────────────────────────────
e2e (windows)	Run app e2e tests	2026-10-01T22:31:17.5616974Z     e2e\test-results\smoke-session-timeline-smo-ab872-hile-paging-through-history-chromium\test-failed-1.png
e2e (windows)	Run app e2e tests	2026-10-01T22:31:17.5618495Z     ────────────────────────────────────────────────────────────────────────────────────────────────
e2e (windows)	Run app e2e tests	2026-10-01T22:31:17.5619034Z
e2e (windows)	Run app e2e tests	2026-10-01T22:31:17.5619984Z     attachment #2: video (video/webm) ──────────────────────────────────────────────────────────────
e2e (windows)	Run app e2e tests	2026-10-01T22:31:17.5621635Z     e2e\test-results\smoke-session-timeline-smo-ab872-hile-paging-through-history-chromium\video.webm
e2e (windows)	Run app e2e tests	2026-10-01T22:31:17.5631333Z     ────────────────────────────────────────────────────────────────────────────────────────────────
e2e (windows)	Run app e2e tests	2026-10-01T22:31:17.5631947Z
e2e (windows)	Run app e2e tests	2026-10-01T22:31:17.5633195Z     Error Context: e2e\test-results\smoke-session-timeline-smo-ab872-hile-paging-through-history-chromium\error-context.md
e2e (windows)	Run app e2e tests	2026-10-01T22:31:17.5634237Z
e2e (windows)	Run app e2e tests	2026-10-01T22:31:17.5634994Z     Retry #1 ───────────────────────────────────────────────────────────────────────────────────────
e2e (windows)	Run app e2e tests	2026-10-01T22:31:17.5635587Z
e2e (windows)	Run app e2e tests	2026-10-01T22:31:17.5636294Z     Error: expect(locator).toBeVisible() failed
e2e (windows)	Run app e2e tests	2026-10-01T22:31:17.5637337Z
e2e (windows)	Run app e2e tests	2026-10-01T22:31:17.5638055Z     Locator: locator('[data-component="home-project-row"]').filter({ hasText: /smoke-project/i }).first()
e2e (windows)	Run app e2e tests	2026-10-01T22:31:17.5640614Z     Expected: visible
e2e (windows)	Run app e2e tests	2026-10-01T22:31:17.5641082Z     Timeout: 30000ms
e2e (windows)	Run app e2e tests	2026-10-01T22:31:17.5641554Z     Error: element(s) not found
e2e (windows)	Run app e2e tests	2026-10-01T22:31:17.5641892Z
e2e (windows)	Run app e2e tests	2026-10-01T22:31:17.5642098Z     Call log:
e2e (windows)	Run app e2e tests	2026-10-01T22:31:17.5642762Z       - Expect "toBeVisible" with timeout 30000ms
e2e (windows)	Run app e2e tests	2026-10-01T22:31:17.5644098Z       - waiting for locator('[data-component="home-project-row"]').filter({ hasText: /smoke-project/i }).first()
e2e (windows)	Run app e2e tests	2026-10-01T22:31:17.5644836Z
e2e (windows)	Run app e2e tests	2026-10-01T22:31:17.5644843Z
e2e (windows)	Run app e2e tests	2026-10-01T22:31:17.5644961Z        at utils\waits.ts:6
e2e (windows)	Run app e2e tests	2026-10-01T22:31:17.5645159Z
e2e (windows)	Run app e2e tests	2026-10-01T22:31:17.5645282Z       4 |
e2e (windows)	Run app e2e tests	2026-10-01T22:31:17.5645658Z       5 | export async function expectAppVisible(locator: Locator) {
e2e (windows)	Run app e2e tests	2026-10-01T22:31:17.5646255Z     > 6 |   await expect(locator).toBeVisible({ timeout: APP_READY_TIMEOUT })
e2e (windows)	Run app e2e tests	2026-10-01T22:31:17.5646722Z         |                         ^
e2e (windows)	Run app e2e tests	2026-10-01T22:31:17.5647048Z       7 | }
e2e (windows)	Run app e2e tests	2026-10-01T22:31:17.5647275Z       8 |
e2e (windows)	Run app e2e tests	2026-10-01T22:31:17.5647709Z       9 | export async function expectSessionTitle(page: Page, title: string) {
e2e (windows)	Run app e2e tests	2026-10-01T22:31:17.5648412Z         at expectAppVisible (D:\a\HuGR-Orchestra\HuGR-Orchestra\packages\app\e2e\utils\waits.ts:6:25)
e2e (windows)	Run app e2e tests	2026-10-01T22:31:17.5649306Z         at selectHomeProject (D:\a\HuGR-Orchestra\HuGR-Orchestra\packages\app\e2e\smoke\session-timeline.spec.ts:719:9)
e2e (windows)	Run app e2e tests	2026-10-01T22:31:17.5650126Z         at D:\a\HuGR-Orchestra\HuGR-Orchestra\packages\app\e2e\smoke\session-timeline.spec.ts:333:5
e2e (windows)	Run app e2e tests	2026-10-01T22:31:17.5650539Z
e2e (windows)	Run app e2e tests	2026-10-01T22:31:17.5650983Z     attachment #1: screenshot (image/png) ──────────────────────────────────────────────────────────
e2e (windows)	Run app e2e tests	2026-10-01T22:31:17.5651856Z     e2e\test-results\smoke-session-timeline-smo-ab872-hile-paging-through-history-chromium-retry1\test-failed-1.png
e2e (windows)	Run app e2e tests	2026-10-01T22:31:17.5652778Z     ────────────────────────────────────────────────────────────────────────────────────────────────
e2e (windows)	Run app e2e tests	2026-10-01T22:31:17.5653110Z
e2e (windows)	Run app e2e tests	2026-10-01T22:31:17.5653479Z     attachment #2: video (video/webm) ──────────────────────────────────────────────────────────────
e2e (windows)	Run app e2e tests	2026-10-01T22:31:17.5654322Z     e2e\test-results\smoke-session-timeline-smo-ab872-hile-paging-through-history-chromium-retry1\video.webm
e2e (windows)	Run app e2e tests	2026-10-01T22:31:17.5655159Z     ────────────────────────────────────────────────────────────────────────────────────────────────
e2e (windows)	Run app e2e tests	2026-10-01T22:31:17.5655598Z
e2e (windows)	Run app e2e tests	2026-10-01T22:31:17.5656654Z     Error Context: e2e\test-results\smoke-session-timeline-smo-ab872-hile-paging-through-history-chromium-retry1\error-context.md
e2e (windows)	Run app e2e tests	2026-10-01T22:31:17.5657633Z
e2e (windows)	Run app e2e tests	2026-10-01T22:31:17.5658293Z     attachment #4: trace (application/zip) ─────────────────────────────────────────────────────────
e2e (windows)	Run app e2e tests	2026-10-01T22:31:17.5659594Z     e2e\test-results\smoke-session-timeline-smo-ab872-hile-paging-through-history-chromium-retry1\trace.zip
e2e (windows)	Run app e2e tests	2026-10-01T22:31:17.5660720Z     Usage:
e2e (windows)	Run app e2e tests	2026-10-01T22:31:17.5660855Z
e2e (windows)	Run app e2e tests	2026-10-01T22:31:17.5661441Z         npx playwright show-trace e2e\test-results\smoke-session-timeline-smo-ab872-hile-paging-through-history-chromium-retry1\trace.zip
e2e (windows)	Run app e2e tests	2026-10-01T22:31:17.5662297Z
e2e (windows)	Run app e2e tests	2026-10-01T22:31:17.5662701Z     ────────────────────────────────────────────────────────────────────────────────────────────────
e2e (windows)	Run app e2e tests	2026-10-01T22:31:17.5663110Z
e2e (windows)	Run app e2e tests	2026-10-01T22:31:17.5663479Z     Retry #2 ───────────────────────────────────────────────────────────────────────────────────────
e2e (windows)	Run app e2e tests	2026-10-01T22:31:17.5663811Z
e2e (windows)	Run app e2e tests	2026-10-01T22:31:17.5664179Z     Error: expect(locator).toBeVisible() failed
e2e (windows)	Run app e2e tests	2026-10-01T22:31:17.5664558Z
e2e (windows)	Run app e2e tests	2026-10-01T22:31:17.5664960Z     Locator: locator('[data-component="home-project-row"]').filter({ hasText: /smoke-project/i }).first()
e2e (windows)	Run app e2e tests	2026-10-01T22:31:17.5665513Z     Expected: visible
e2e (windows)	Run app e2e tests	2026-10-01T22:31:17.5665862Z     Timeout: 30000ms
e2e (windows)	Run app e2e tests	2026-10-01T22:31:17.5666457Z     Error: element(s) not found
e2e (windows)	Run app e2e tests	2026-10-01T22:31:17.5666666Z
e2e (windows)	Run app e2e tests	2026-10-01T22:31:17.5666787Z     Call log:
e2e (windows)	Run app e2e tests	2026-10-01T22:31:17.5667193Z       - Expect "toBeVisible" with timeout 30000ms
e2e (windows)	Run app e2e tests	2026-10-01T22:31:17.5667993Z       - waiting for locator('[data-component="home-project-row"]').filter({ hasText: /smoke-project/i }).first()
e2e (windows)	Run app e2e tests	2026-10-01T22:31:17.5668631Z
e2e (windows)	Run app e2e tests	2026-10-01T22:31:17.5668670Z
e2e (windows)	Run app e2e tests	2026-10-01T22:31:17.5668847Z        at utils\waits.ts:6
e2e (windows)	Run app e2e tests	2026-10-01T22:31:17.5669141Z
e2e (windows)	Run app e2e tests	2026-10-01T22:31:17.5669272Z       4 |
e2e (windows)	Run app e2e tests	2026-10-01T22:31:17.5669747Z       5 | export async function expectAppVisible(locator: Locator) {
e2e (windows)	Run app e2e tests	2026-10-01T22:31:17.5670944Z     > 6 |   await expect(locator).toBeVisible({ timeout: APP_READY_TIMEOUT })
e2e (windows)	Run app e2e tests	2026-10-01T22:31:17.5672370Z         |                         ^
e2e (windows)	Run app e2e tests	2026-10-01T22:31:17.5673212Z       7 | }
e2e (windows)	Run app e2e tests	2026-10-01T22:31:17.5673575Z       8 |
e2e (windows)	Run app e2e tests	2026-10-01T22:31:17.5674268Z       9 | export async function expectSessionTitle(page: Page, title: string) {
e2e (windows)	Run app e2e tests	2026-10-01T22:31:17.5675472Z         at expectAppVisible (D:\a\HuGR-Orchestra\HuGR-Orchestra\packages\app\e2e\utils\waits.ts:6:25)
e2e (windows)	Run app e2e tests	2026-10-01T22:31:17.5676965Z         at selectHomeProject (D:\a\HuGR-Orchestra\HuGR-Orchestra\packages\app\e2e\smoke\session-timeline.spec.ts:719:9)
e2e (windows)	Run app e2e tests	2026-10-01T22:31:17.5678382Z         at D:\a\HuGR-Orchestra\HuGR-Orchestra\packages\app\e2e\smoke\session-timeline.spec.ts:333:5
e2e (windows)	Run app e2e tests	2026-10-01T22:31:17.5679089Z
e2e (windows)	Run app e2e tests	2026-10-01T22:31:17.5679843Z     attachment #1: screenshot (image/png) ──────────────────────────────────────────────────────────
e2e (windows)	Run app e2e tests	2026-10-01T22:31:17.5681641Z     e2e\test-results\smoke-session-timeline-smo-ab872-hile-paging-through-history-chromium-retry2\test-failed-1.png
e2e (windows)	Run app e2e tests	2026-10-01T22:31:17.5683250Z     ────────────────────────────────────────────────────────────────────────────────────────────────
e2e (windows)	Run app e2e tests	2026-10-01T22:31:17.5683766Z
e2e (windows)	Run app e2e tests	2026-10-01T22:31:17.5684448Z     attachment #2: video (video/webm) ──────────────────────────────────────────────────────────────
e2e (windows)	Run app e2e tests	2026-10-01T22:31:17.5685915Z     e2e\test-results\smoke-session-timeline-smo-ab872-hile-paging-through-history-chromium-retry2\video.webm
e2e (windows)	Run app e2e tests	2026-10-01T22:31:17.5687407Z     ────────────────────────────────────────────────────────────────────────────────────────────────
e2e (windows)	Run app e2e tests	2026-10-01T22:31:17.5688186Z
e2e (windows)	Run app e2e tests	2026-10-01T22:31:17.5689172Z     Error Context: e2e\test-results\smoke-session-timeline-smo-ab872-hile-paging-through-history-chromium-retry2\error-context.md
e2e (windows)	Run app e2e tests	2026-10-01T22:31:17.5690216Z
e2e (windows)	Run app e2e tests	2026-10-01T22:31:17.5690225Z
e2e (windows)	Run app e2e tests	2026-10-01T22:31:18.3943924Z [158/124] [chromium] › e2e\user-story\model-selection-flow.spec.ts:7:1 › creates a session in a new project, connects OpenCode Go, and selects its model
e2e (windows)	Run app e2e tests	2026-10-01T22:31:27.8821056Z   17 failed
e2e (windows)	Run app e2e tests	2026-10-01T22:31:27.8822750Z     [chromium] › e2e\orchestra\titlebar-native-frame.spec.ts:78:1 › reports real header bounds and coalesces header, shell and window changes
e2e (windows)	Run app e2e tests	2026-10-01T22:31:27.8824702Z     [chromium] › e2e\orchestra\titlebar-native-frame.spec.ts:96:1 › reactive zoom reads settled CSS geometry without converting to native points
e2e (windows)	Run app e2e tests	2026-10-01T22:31:27.8827257Z     [chromium] › e2e\orchestra\titlebar-native-frame.spec.ts:109:1 › clears and restores frames for fullscreen, legacy and the 768px desktop boundary
e2e (windows)	Run app e2e tests	2026-10-01T22:31:27.8829953Z     [chromium] › e2e\orchestra\titlebar-native-frame.spec.ts:129:1 › keeps physical coordinates in RTL and skips frame machinery on unsupported platforms
e2e (windows)	Run app e2e tests	2026-10-01T22:31:27.8831770Z     [chromium] › e2e\orchestra\titlebar-native-frame.spec.ts:142:1 › chat text streaming does not request geometry; unchanged window geometry does not resend
e2e (windows)	Run app e2e tests	2026-10-01T22:31:27.8833385Z     [chromium] › e2e\orchestra\titlebar-native-frame.spec.ts:157:1 › cleanup cancels pending RAF, disconnects observers and blocks late IPC
e2e (windows)	Run app e2e tests	2026-10-01T22:31:27.8834748Z     [chromium] › e2e\orchestra\titlebar-native-frame.spec.ts:171:1 › hidden connected header clears native frame and restores measured placement
e2e (windows)	Run app e2e tests	2026-10-01T22:31:27.8836188Z     [chromium] › e2e\regression\cross-server-tab-close.spec.ts:10:1 › closing the active server's last tab opens the remaining server tab
e2e (windows)	Run app e2e tests	2026-10-01T22:31:27.8837541Z     [chromium] › e2e\regression\new-session-panel-corner.spec.ts:14:1 › matches the rounded panel corners to the dark new-session background
e2e (windows)	Run app e2e tests	2026-10-01T22:31:27.8838843Z     [chromium] › e2e\regression\project-picker-recent-search.spec.ts:46:1 › searches every recent project, not just the five most recent
e2e (windows)	Run app e2e tests	2026-10-01T22:31:27.8840105Z     [chromium] › e2e\regression\project-picker-recent-search.spec.ts:55:1 › still caps the idle recent list at five projects
e2e (windows)	Run app e2e tests	2026-10-01T22:31:27.8841380Z     [chromium] › e2e\regression\remote-session-settings.spec.ts:46:1 › auto-accept responds for an unfocused server session
e2e (windows)	Run app e2e tests	2026-10-01T22:31:27.8842589Z     [chromium] › e2e\regression\remote-tab-busy.spec.ts:10:1 › tab busy indicator reflects the tab server's own session status
e2e (windows)	Run app e2e tests	2026-10-01T22:31:27.8843961Z     [chromium] › e2e\regression\session-timeline-shell-outline.spec.ts:12:3 › keeps the shell outline inside a fractionally short virtual row at 1.25x
e2e (windows)	Run app e2e tests	2026-10-01T22:31:27.8846115Z     [chromium] › e2e\regression\session-timeline-shell-outline.spec.ts:12:3 › keeps the shell outline inside a fractionally short virtual row at 1.5x
e2e (windows)	Run app e2e tests	2026-10-01T22:31:27.8848409Z     [chromium] › e2e\regression\session-timeline-shell-outline.spec.ts:67:1 › keeps the patch card inside a fractionally short virtual row
e2e (windows)	Run app e2e tests	2026-10-01T22:31:27.8850357Z     [chromium] › e2e\smoke\session-timeline.spec.ts:322:3 › smoke: session timeline › renders seeded timeline in order while paging through history
e2e (windows)	Run app e2e tests	2026-10-01T22:31:27.8851288Z   107 passed (25.0m)
e2e (windows)	Run app e2e tests	2026-10-01T22:31:27.9303691Z error: script "test:e2e:local" exited with code 1
e2e (windows)	Run app e2e tests	2026-10-01T22:31:27.9432710Z ##[error]Process completed with exit code 1.
